usage_date,service,region,usage_type,unblended_cost,usage_quantity
2024-06-01,AmazonEC2,us-east-1,InstanceHours,371.1862,339.67
2024-06-01,AmazonEC2,us-west-2,InstanceHours,211.8307,203.79
2024-06-01,AmazonEC2,eu-west-1,InstanceHours,175.1563,212.77
2024-06-01,AmazonEC2,ap-south-1,InstanceHours,105.0939,91.67
2024-06-01,AmazonS3,us-east-1,GB-Month,86.1648,106.61
2024-06-01,AmazonS3,us-west-2,GB-Month,48.718,41.01
2024-06-01,AmazonS3,eu-west-1,GB-Month,36.8134,42.18
2024-06-01,AmazonS3,ap-south-1,GB-Month,23.9461,27.42
2024-06-01,AmazonRDS,us-east-1,InstanceHours,225.2779,231.58
2024-06-01,AmazonRDS,us-west-2,InstanceHours,112.3039,122.54
2024-06-01,AmazonRDS,eu-west-1,InstanceHours,101.5466,110.75
2024-06-01,AmazonRDS,ap-south-1,InstanceHours,67.9668,71.81
2024-06-01,AWSLambda,us-east-1,Requests(M),33.2382,37.78
2024-06-01,AWSLambda,us-west-2,Requests(M),17.5276,17.43
2024-06-01,AWSLambda,eu-west-1,Requests(M),14.2272,13.64
2024-06-01,AWSLambda,ap-south-1,Requests(M),9.0042,10.37
2024-06-01,AmazonCloudFront,us-east-1,GB-Transfer,48.5494,45.22
2024-06-01,AmazonCloudFront,us-west-2,GB-Transfer,29.8859,30.62
2024-06-01,AmazonCloudFront,eu-west-1,GB-Transfer,25.4725,31.3
2024-06-01,AmazonCloudFront,ap-south-1,GB-Transfer,14.0054,12.03
2024-06-01,AmazonEBS,us-east-1,GB-Month,67.945,73.48
2024-06-01,AmazonEBS,us-west-2,GB-Month,34.5142,34.24
2024-06-01,AmazonEBS,eu-west-1,GB-Month,28.4881,23.98
2024-06-01,AmazonEBS,ap-south-1,GB-Month,19.4262,17.5
2024-06-01,AmazonDynamoDB,us-east-1,RCU/WCU,45.0108,53.88
2024-06-01,AmazonDynamoDB,us-west-2,RCU/WCU,25.8496,29.43
2024-06-01,AmazonDynamoDB,eu-west-1,RCU/WCU,21.0534,22.03
2024-06-01,AmazonDynamoDB,ap-south-1,RCU/WCU,12.4429,13.7
2024-06-02,AmazonEC2,us-east-1,InstanceHours,343.8442,376.87
2024-06-02,AmazonEC2,us-west-2,InstanceHours,232.3148,228.41
2024-06-02,AmazonEC2,eu-west-1,InstanceHours,183.1279,220.68
2024-06-02,AmazonEC2,ap-south-1,InstanceHours,103.8006,86.88
2024-06-02,AmazonS3,us-east-1,GB-Month,72.3572,90.2
2024-06-02,AmazonS3,us-west-2,GB-Month,48.1461,42.75
2024-06-02,AmazonS3,eu-west-1,GB-Month,41.4049,37.35
2024-06-02,AmazonS3,ap-south-1,GB-Month,24.6598,29.72
2024-06-02,AmazonRDS,us-east-1,InstanceHours,206.1626,180.02
2024-06-02,AmazonRDS,us-west-2,InstanceHours,129.3199,123.24
2024-06-02,AmazonRDS,eu-west-1,InstanceHours,106.2641,114.96
2024-06-02,AmazonRDS,ap-south-1,InstanceHours,65.3153,70.23
2024-06-02,AWSLambda,us-east-1,Requests(M),31.6838,27.43
2024-06-02,AWSLambda,us-west-2,Requests(M),19.7867,20.01
2024-06-02,AWSLambda,eu-west-1,Requests(M),15.3053,13.86
2024-06-02,AWSLambda,ap-south-1,Requests(M),8.4644,8.26
2024-06-02,AmazonCloudFront,us-east-1,GB-Transfer,50.8538,50.4
2024-06-02,AmazonCloudFront,us-west-2,GB-Transfer,34.4302,35.46
2024-06-02,AmazonCloudFront,eu-west-1,GB-Transfer,25.6776,27.74
2024-06-02,AmazonCloudFront,ap-south-1,GB-Transfer,14.934,14.88
2024-06-02,AmazonEBS,us-east-1,GB-Month,62.6297,64.96
2024-06-02,AmazonEBS,us-west-2,GB-Month,39.3428,35.69
2024-06-02,AmazonEBS,eu-west-1,GB-Month,29.8133,25.44
2024-06-02,AmazonEBS,ap-south-1,GB-Month,18.3573,16.34
2024-06-02,AmazonDynamoDB,us-east-1,RCU/WCU,45.6124,40.67
2024-06-02,AmazonDynamoDB,us-west-2,RCU/WCU,26.1707,29.92
2024-06-02,AmazonDynamoDB,eu-west-1,RCU/WCU,21.415,19.07
2024-06-02,AmazonDynamoDB,ap-south-1,RCU/WCU,13.738,11.86
2024-06-03,AmazonEC2,us-east-1,InstanceHours,396.411,444.82
2024-06-03,AmazonEC2,us-west-2,InstanceHours,245.3943,252.76
2024-06-03,AmazonEC2,eu-west-1,InstanceHours,214.9748,267.79
2024-06-03,AmazonEC2,ap-south-1,InstanceHours,128.6314,128.08
2024-06-03,AmazonS3,us-east-1,GB-Month,79.8093,94.12
2024-06-03,AmazonS3,us-west-2,GB-Month,52.1828,55.81
2024-06-03,AmazonS3,eu-west-1,GB-Month,44.4194,44.09
2024-06-03,AmazonS3,ap-south-1,GB-Month,27.8727,25.78
2024-06-03,AmazonRDS,us-east-1,InstanceHours,265.357,223.93
2024-06-03,AmazonRDS,us-west-2,InstanceHours,155.0709,172.16
2024-06-03,AmazonRDS,eu-west-1,InstanceHours,110.0448,120.41
2024-06-03,AmazonRDS,ap-south-1,InstanceHours,77.8346,95.53
2024-06-03,AWSLambda,us-east-1,Requests(M),35.1686,42.86
2024-06-03,AWSLambda,us-west-2,Requests(M),25.1382,27.58
2024-06-03,AWSLambda,eu-west-1,Requests(M),17.2307,20.08
2024-06-03,AWSLambda,ap-south-1,Requests(M),10.7533,10.8
2024-06-03,AmazonCloudFront,us-east-1,GB-Transfer,65.4855,73.16
2024-06-03,AmazonCloudFront,us-west-2,GB-Transfer,38.1656,34.97
2024-06-03,AmazonCloudFront,eu-west-1,GB-Transfer,33.3667,31.67
2024-06-03,AmazonCloudFront,ap-south-1,GB-Transfer,15.9813,15.76
2024-06-03,AmazonEBS,us-east-1,GB-Month,69.0568,84.6
2024-06-03,AmazonEBS,us-west-2,GB-Month,42.9613,41.45
2024-06-03,AmazonEBS,eu-west-1,GB-Month,32.848,31.05
2024-06-03,AmazonEBS,ap-south-1,GB-Month,22.6234,26.01
2024-06-03,AmazonDynamoDB,us-east-1,RCU/WCU,46.3223,39.43
2024-06-03,AmazonDynamoDB,us-west-2,RCU/WCU,33.7198,39.44
2024-06-03,AmazonDynamoDB,eu-west-1,RCU/WCU,23.4335,20.03
2024-06-03,AmazonDynamoDB,ap-south-1,RCU/WCU,14.6135,12.7
2024-06-04,AmazonEC2,us-east-1,InstanceHours,447.3342,396.96
2024-06-04,AmazonEC2,us-west-2,InstanceHours,227.1858,222.28
2024-06-04,AmazonEC2,eu-west-1,InstanceHours,182.9943,218.57
2024-06-04,AmazonEC2,ap-south-1,InstanceHours,127.8611,110.33
2024-06-04,AmazonS3,us-east-1,GB-Month,91.8712,98.19
2024-06-04,AmazonS3,us-west-2,GB-Month,57.3775,61.06
2024-06-04,AmazonS3,eu-west-1,GB-Month,46.879,40.59
2024-06-04,AmazonS3,ap-south-1,GB-Month,27.6415,24.86
2024-06-04,AmazonRDS,us-east-1,InstanceHours,245.8555,284.34
2024-06-04,AmazonRDS,us-west-2,InstanceHours,158.8985,137.05
2024-06-04,AmazonRDS,eu-west-1,InstanceHours,133.048,165.89
2024-06-04,AmazonRDS,ap-south-1,InstanceHours,73.5424,85.09
2024-06-04,AWSLambda,us-east-1,Requests(M),40.2242,37.92
2024-06-04,AWSLambda,us-west-2,Requests(M),21.796,24.5
2024-06-04,AWSLambda,eu-west-1,Requests(M),16.1354,17.35
2024-06-04,AWSLambda,ap-south-1,Requests(M),11.1612,10.16
2024-06-04,AmazonCloudFront,us-east-1,GB-Transfer,64.6242,60.79
2024-06-04,AmazonCloudFront,us-west-2,GB-Transfer,37.1888,36.2
2024-06-04,AmazonCloudFront,eu-west-1,GB-Transfer,29.4111,32.46
2024-06-04,AmazonCloudFront,ap-south-1,GB-Transfer,16.9146,18.84
2024-06-04,AmazonEBS,us-east-1,GB-Month,74.5374,64.43
2024-06-04,AmazonEBS,us-west-2,GB-Month,46.2281,43.92
2024-06-04,AmazonEBS,eu-west-1,GB-Month,37.539,36.42
2024-06-04,AmazonEBS,ap-south-1,GB-Month,25.1164,25.19
2024-06-04,AmazonDynamoDB,us-east-1,RCU/WCU,52.5027,57.55
2024-06-04,AmazonDynamoDB,us-west-2,RCU/WCU,27.9428,34.51
2024-06-04,AmazonDynamoDB,eu-west-1,RCU/WCU,22.8582,19.43
2024-06-04,AmazonDynamoDB,ap-south-1,RCU/WCU,15.579,13.18
2024-06-05,AmazonEC2,us-east-1,InstanceHours,412.4917,511.66
2024-06-05,AmazonEC2,us-west-2,InstanceHours,266.3942,227.43
2024-06-05,AmazonEC2,eu-west-1,InstanceHours,217.9504,183.85
2024-06-05,AmazonEC2,ap-south-1,InstanceHours,125.2659,109.77
2024-06-05,AmazonS3,us-east-1,GB-Month,83.9031,73.57
2024-06-05,AmazonS3,us-west-2,GB-Month,47.4559,51.21
2024-06-05,AmazonS3,eu-west-1,GB-Month,45.7707,38.97
2024-06-05,AmazonS3,ap-south-1,GB-Month,24.3092,22.54
2024-06-05,AmazonRDS,us-east-1,InstanceHours,241.6158,230.99
2024-06-05,AmazonRDS,us-west-2,InstanceHours,157.9185,132.04
2024-06-05,AmazonRDS,eu-west-1,InstanceHours,130.6054,113.48
2024-06-05,AmazonRDS,ap-south-1,InstanceHours,70.8679,64.64
2024-06-05,AWSLambda,us-east-1,Requests(M),38.0325,40.3
2024-06-05,AWSLambda,us-west-2,Requests(M),22.7704,24.82
2024-06-05,AWSLambda,eu-west-1,Requests(M),18.221,15.89
2024-06-05,AWSLambda,ap-south-1,Requests(M),10.9316,9.38
2024-06-05,AmazonCloudFront,us-east-1,GB-Transfer,62.4722,55.81
2024-06-05,AmazonCloudFront,us-west-2,GB-Transfer,47.0959,44.43
2024-06-05,AmazonCloudFront,eu-west-1,GB-Transfer,32.2896,27.93
2024-06-05,AmazonCloudFront,ap-south-1,GB-Transfer,18.938,20.25
2024-06-05,AmazonEBS,us-east-1,GB-Month,70.363,68.23
2024-06-05,AmazonEBS,us-west-2,GB-Month,44.1475,54.21
2024-06-05,AmazonEBS,eu-west-1,GB-Month,44.444,48.59
2024-06-05,AmazonEBS,ap-south-1,GB-Month,19.1389,18.47
2024-06-05,AmazonDynamoDB,us-east-1,RCU/WCU,48.1123,56.55
2024-06-05,AmazonDynamoDB,us-west-2,RCU/WCU,32.6135,32.33
2024-06-05,AmazonDynamoDB,eu-west-1,RCU/WCU,23.5694,22.47
2024-06-05,AmazonDynamoDB,ap-south-1,RCU/WCU,15.8155,18.96
2024-06-06,AmazonEC2,us-east-1,InstanceHours,421.5312,414.79
2024-06-06,AmazonEC2,us-west-2,InstanceHours,238.8637,226.42
2024-06-06,AmazonEC2,eu-west-1,InstanceHours,175.9776,157.39
2024-06-06,AmazonEC2,ap-south-1,InstanceHours,127.8795,140.78
2024-06-06,AmazonS3,us-east-1,GB-Month,84.2939,104.05
2024-06-06,AmazonS3,us-west-2,GB-Month,53.5043,45.15
2024-06-06,AmazonS3,eu-west-1,GB-Month,46.818,48.59
2024-06-06,AmazonS3,ap-south-1,GB-Month,28.87,33.21
2024-06-06,AmazonRDS,us-east-1,InstanceHours,250.1211,245.29
2024-06-06,AmazonRDS,us-west-2,InstanceHours,147.8465,136.16
2024-06-06,AmazonRDS,eu-west-1,InstanceHours,116.8868,98.89
2024-06-06,AmazonRDS,ap-south-1,InstanceHours,83.7275,76.45
2024-06-06,AWSLambda,us-east-1,Requests(M),40.942,42.3
2024-06-06,AWSLambda,us-west-2,Requests(M),22.7345,25.29
2024-06-06,AWSLambda,eu-west-1,Requests(M),19.2737,23.92
2024-06-06,AWSLambda,ap-south-1,Requests(M),9.9056,11.7
2024-06-06,AmazonCloudFront,us-east-1,GB-Transfer,62.1303,62.78
2024-06-06,AmazonCloudFront,us-west-2,GB-Transfer,38.2309,45.56
2024-06-06,AmazonCloudFront,eu-west-1,GB-Transfer,22.221,25.56
2024-06-06,AmazonCloudFront,ap-south-1,GB-Transfer,16.5249,16.97
2024-06-06,AmazonEBS,us-east-1,GB-Month,84.7945,80.45
2024-06-06,AmazonEBS,us-west-2,GB-Month,39.8515,48.71
2024-06-06,AmazonEBS,eu-west-1,GB-Month,41.8238,41.77
2024-06-06,AmazonEBS,ap-south-1,GB-Month,19.9154,17.43
2024-06-06,AmazonDynamoDB,us-east-1,RCU/WCU,46.074,55.63
2024-06-06,AmazonDynamoDB,us-west-2,RCU/WCU,31.109,29.43
2024-06-06,AmazonDynamoDB,eu-west-1,RCU/WCU,25.1396,21.38
2024-06-06,AmazonDynamoDB,ap-south-1,RCU/WCU,14.5376,14.11
2024-06-07,AmazonEC2,us-east-1,InstanceHours,473.2902,481.33
2024-06-07,AmazonEC2,us-west-2,InstanceHours,227.0456,222.98
2024-06-07,AmazonEC2,eu-west-1,InstanceHours,207.45,175.14
2024-06-07,AmazonEC2,ap-south-1,InstanceHours,131.9302,113.52
2024-06-07,AmazonS3,us-east-1,GB-Month,92.0231,111.08
2024-06-07,AmazonS3,us-west-2,GB-Month,51.3099,55.32
2024-06-07,AmazonS3,eu-west-1,GB-Month,42.8783,50.61
2024-06-07,AmazonS3,ap-south-1,GB-Month,28.8351,26.73
2024-06-07,AmazonRDS,us-east-1,InstanceHours,278.7117,254.76
2024-06-07,AmazonRDS,us-west-2,InstanceHours,159.8351,142.53
2024-06-07,AmazonRDS,eu-west-1,InstanceHours,121.3785,110.32
2024-06-07,AmazonRDS,ap-south-1,InstanceHours,74.5045,66.36
2024-06-07,AWSLambda,us-east-1,Requests(M),34.9415,36.83
2024-06-07,AWSLambda,us-west-2,Requests(M),21.1971,19.09
2024-06-07,AWSLambda,eu-west-1,Requests(M),18.2659,15.98
2024-06-07,AWSLambda,ap-south-1,Requests(M),10.3302,10.63
2024-06-07,AmazonCloudFront,us-east-1,GB-Transfer,63.962,76.03
2024-06-07,AmazonCloudFront,us-west-2,GB-Transfer,38.3429,33.03
2024-06-07,AmazonCloudFront,eu-west-1,GB-Transfer,33.1331,35.7
2024-06-07,AmazonCloudFront,ap-south-1,GB-Transfer,18.0302,15.57
2024-06-07,AmazonEBS,us-east-1,GB-Month,76.945,65.19
2024-06-07,AmazonEBS,us-west-2,GB-Month,44.5315,43.26
2024-06-07,AmazonEBS,eu-west-1,GB-Month,35.0453,38.21
2024-06-07,AmazonEBS,ap-south-1,GB-Month,26.2663,28.2
2024-06-07,AmazonDynamoDB,us-east-1,RCU/WCU,54.6324,48.93
2024-06-07,AmazonDynamoDB,us-west-2,RCU/WCU,31.9,28.59
2024-06-07,AmazonDynamoDB,eu-west-1,RCU/WCU,24.9755,30.35
2024-06-07,AmazonDynamoDB,ap-south-1,RCU/WCU,13.9233,13.65
2024-06-08,AmazonEC2,us-east-1,InstanceHours,384.8494,409.25
2024-06-08,AmazonEC2,us-west-2,InstanceHours,211.68,249.97
2024-06-08,AmazonEC2,eu-west-1,InstanceHours,184.3967,176.07
2024-06-08,AmazonEC2,ap-south-1,InstanceHours,102.27,121.68
2024-06-08,AmazonS3,us-east-1,GB-Month,77.9992,94.08
2024-06-08,AmazonS3,us-west-2,GB-Month,44.0385,39.02
2024-06-08,AmazonS3,eu-west-1,GB-Month,36.8086,44.14
2024-06-08,AmazonS3,ap-south-1,GB-Month,23.376,19.57
2024-06-08,AmazonRDS,us-east-1,InstanceHours,195.3979,173.67
2024-06-08,AmazonRDS,us-west-2,InstanceHours,117.6696,99.81
2024-06-08,AmazonRDS,eu-west-1,InstanceHours,104.149,93.76
2024-06-08,AmazonRDS,ap-south-1,InstanceHours,65.1679,63.68
2024-06-08,AWSLambda,us-east-1,Requests(M),31.7912,37.65
2024-06-08,AWSLambda,us-west-2,Requests(M),17.6216,17.67
2024-06-08,AWSLambda,eu-west-1,Requests(M),14.853,18.06
2024-06-08,AWSLambda,ap-south-1,Requests(M),8.7189,10.29
2024-06-08,AmazonCloudFront,us-east-1,GB-Transfer,52.3167,47.63
2024-06-08,AmazonCloudFront,us-west-2,GB-Transfer,28.5749,27.65
2024-06-08,AmazonCloudFront,eu-west-1,GB-Transfer,25.2781,27.65
2024-06-08,AmazonCloudFront,ap-south-1,GB-Transfer,15.7917,13.76
2024-06-08,AmazonEBS,us-east-1,GB-Month,64.8929,78.23
2024-06-08,AmazonEBS,us-west-2,GB-Month,38.2885,37.48
2024-06-08,AmazonEBS,eu-west-1,GB-Month,31.9375,30.37
2024-06-08,AmazonEBS,ap-south-1,GB-Month,19.8869,18.44
2024-06-08,AmazonDynamoDB,us-east-1,RCU/WCU,49.8208,48.2
2024-06-08,AmazonDynamoDB,us-west-2,RCU/WCU,23.9346,20.63
2024-06-08,AmazonDynamoDB,eu-west-1,RCU/WCU,24.9727,27.41
2024-06-08,AmazonDynamoDB,ap-south-1,RCU/WCU,11.9255,13.63
2024-06-09,AmazonEC2,us-east-1,InstanceHours,296.3415,286.75
2024-06-09,AmazonEC2,us-west-2,InstanceHours,205.1907,246.89
2024-06-09,AmazonEC2,eu-west-1,InstanceHours,183.3803,198.5
2024-06-09,AmazonEC2,ap-south-1,InstanceHours,123.175,109.44
2024-06-09,AmazonS3,us-east-1,GB-Month,71.0017,60.98
2024-06-09,AmazonS3,us-west-2,GB-Month,47.7063,42.25
2024-06-09,AmazonS3,eu-west-1,GB-Month,34.2101,29.16
2024-06-09,AmazonS3,ap-south-1,GB-Month,26.3126,22.95
2024-06-09,AmazonRDS,us-east-1,InstanceHours,241.8525,202.4
2024-06-09,AmazonRDS,us-west-2,InstanceHours,127.623,148.37
2024-06-09,AmazonRDS,eu-west-1,InstanceHours,95.3559,80.27
2024-06-09,AmazonRDS,ap-south-1,InstanceHours,73.4809,64.64
2024-06-09,AWSLambda,us-east-1,Requests(M),29.4774,30.52
2024-06-09,AWSLambda,us-west-2,Requests(M),19.6176,21.57
2024-06-09,AWSLambda,eu-west-1,Requests(M),14.8812,13.44
2024-06-09,AWSLambda,ap-south-1,Requests(M),8.9585,7.61
2024-06-09,AmazonCloudFront,us-east-1,GB-Transfer,49.1637,50.16
2024-06-09,AmazonCloudFront,us-west-2,GB-Transfer,32.1247,37.72
2024-06-09,AmazonCloudFront,eu-west-1,GB-Transfer,25.7454,28.88
2024-06-09,AmazonCloudFront,ap-south-1,GB-Transfer,15.9297,14.91
2024-06-09,AmazonEBS,us-east-1,GB-Month,55.926,66.15
2024-06-09,AmazonEBS,us-west-2,GB-Month,42.1597,39.45
2024-06-09,AmazonEBS,eu-west-1,GB-Month,35.8304,35.54
2024-06-09,AmazonEBS,ap-south-1,GB-Month,19.302,16.92
2024-06-09,AmazonDynamoDB,us-east-1,RCU/WCU,49.5065,43.02
2024-06-09,AmazonDynamoDB,us-west-2,RCU/WCU,29.0809,30.25
2024-06-09,AmazonDynamoDB,eu-west-1,RCU/WCU,22.3471,20.66
2024-06-09,AmazonDynamoDB,ap-south-1,RCU/WCU,14.146,15.98
2024-06-10,AmazonEC2,us-east-1,InstanceHours,455.5631,476.08
2024-06-10,AmazonEC2,us-west-2,InstanceHours,216.5438,222.1
2024-06-10,AmazonEC2,eu-west-1,InstanceHours,205.474,204.33
2024-06-10,AmazonEC2,ap-south-1,InstanceHours,133.2328,119.66
2024-06-10,AmazonS3,us-east-1,GB-Month,101.726,88.85
2024-06-10,AmazonS3,us-west-2,GB-Month,48.038,40.72
2024-06-10,AmazonS3,eu-west-1,GB-Month,38.8678,39.51
2024-06-10,AmazonS3,ap-south-1,GB-Month,26.88,22.55
2024-06-10,AmazonRDS,us-east-1,InstanceHours,216.9972,206.0
2024-06-10,AmazonRDS,us-west-2,InstanceHours,154.8878,172.85
2024-06-10,AmazonRDS,eu-west-1,InstanceHours,133.8126,153.32
2024-06-10,AmazonRDS,ap-south-1,InstanceHours,72.1352,76.88
2024-06-10,AWSLambda,us-east-1,Requests(M),34.8245,32.64
2024-06-10,AWSLambda,us-west-2,Requests(M),22.6046,26.01
2024-06-10,AWSLambda,eu-west-1,Requests(M),16.7576,19.24
2024-06-10,AWSLambda,ap-south-1,Requests(M),9.834,11.77
2024-06-10,AmazonCloudFront,us-east-1,GB-Transfer,59.4863,67.4
2024-06-10,AmazonCloudFront,us-west-2,GB-Transfer,33.0185,34.91
2024-06-10,AmazonCloudFront,eu-west-1,GB-Transfer,34.7153,42.56
2024-06-10,AmazonCloudFront,ap-south-1,GB-Transfer,18.0508,16.12
2024-06-10,AmazonEBS,us-east-1,GB-Month,70.8016,61.6
2024-06-10,AmazonEBS,us-west-2,GB-Month,45.7703,39.18
2024-06-10,AmazonEBS,eu-west-1,GB-Month,37.163,33.11
2024-06-10,AmazonEBS,ap-south-1,GB-Month,22.1023,20.11
2024-06-10,AmazonDynamoDB,us-east-1,RCU/WCU,47.878,50.49
2024-06-10,AmazonDynamoDB,us-west-2,RCU/WCU,28.618,28.8
2024-06-10,AmazonDynamoDB,eu-west-1,RCU/WCU,21.9696,22.3
2024-06-10,AmazonDynamoDB,ap-south-1,RCU/WCU,16.6402,15.14
2024-06-11,AmazonEC2,us-east-1,InstanceHours,439.3723,437.33
2024-06-11,AmazonEC2,us-west-2,InstanceHours,258.2748,255.0
2024-06-11,AmazonEC2,eu-west-1,InstanceHours,207.851,205.17
2024-06-11,AmazonEC2,ap-south-1,InstanceHours,116.3682,129.73
2024-06-11,AmazonS3,us-east-1,GB-Month,84.5543,104.64
2024-06-11,AmazonS3,us-west-2,GB-Month,47.8559,51.52
2024-06-11,AmazonS3,eu-west-1,GB-Month,42.6723,50.33
2024-06-11,AmazonS3,ap-south-1,GB-Month,24.6639,21.33
2024-06-11,AmazonRDS,us-east-1,InstanceHours,295.0925,264.5
2024-06-11,AmazonRDS,us-west-2,InstanceHours,167.0029,167.11
2024-06-11,AmazonRDS,eu-west-1,InstanceHours,130.8046,126.41
2024-06-11,AmazonRDS,ap-south-1,InstanceHours,72.6256,66.13
2024-06-11,AWSLambda,us-east-1,Requests(M),32.0957,35.13
2024-06-11,AWSLambda,us-west-2,Requests(M),20.6802,21.88
2024-06-11,AWSLambda,eu-west-1,Requests(M),18.7966,19.94
2024-06-11,AWSLambda,ap-south-1,Requests(M),12.1039,10.13
2024-06-11,AmazonCloudFront,us-east-1,GB-Transfer,53.2869,63.38
2024-06-11,AmazonCloudFront,us-west-2,GB-Transfer,37.6214,43.69
2024-06-11,AmazonCloudFront,eu-west-1,GB-Transfer,28.4385,32.51
2024-06-11,AmazonCloudFront,ap-south-1,GB-Transfer,17.2985,18.93
2024-06-11,AmazonEBS,us-east-1,GB-Month,75.2911,78.09
2024-06-11,AmazonEBS,us-west-2,GB-Month,42.0086,35.21
2024-06-11,AmazonEBS,eu-west-1,GB-Month,36.7832,30.97
2024-06-11,AmazonEBS,ap-south-1,GB-Month,20.8664,18.2
2024-06-11,AmazonDynamoDB,us-east-1,RCU/WCU,47.6929,54.92
2024-06-11,AmazonDynamoDB,us-west-2,RCU/WCU,31.8129,29.8
2024-06-11,AmazonDynamoDB,eu-west-1,RCU/WCU,25.1987,24.5
2024-06-11,AmazonDynamoDB,ap-south-1,RCU/WCU,15.9017,17.44
2024-06-12,AmazonEC2,us-east-1,InstanceHours,397.7358,427.92
2024-06-12,AmazonEC2,us-west-2,InstanceHours,263.5033,271.6
2024-06-12,AmazonEC2,eu-west-1,InstanceHours,182.6573,215.92
2024-06-12,AmazonEC2,ap-south-1,InstanceHours,126.4847,121.13
2024-06-12,AmazonS3,us-east-1,GB-Month,94.5979,109.77
2024-06-12,AmazonS3,us-west-2,GB-Month,46.8222,47.18
2024-06-12,AmazonS3,eu-west-1,GB-Month,42.6534,45.64
2024-06-12,AmazonS3,ap-south-1,GB-Month,27.1024,31.74
2024-06-12,AmazonRDS,us-east-1,InstanceHours,280.9309,311.5
2024-06-12,AmazonRDS,us-west-2,InstanceHours,148.8004,138.73
2024-06-12,AmazonRDS,eu-west-1,InstanceHours,135.51,137.07
2024-06-12,AmazonRDS,ap-south-1,InstanceHours,86.9954,90.18
2024-06-12,AWSLambda,us-east-1,Requests(M),36.6158,32.34
2024-06-12,AWSLambda,us-west-2,Requests(M),20.6589,17.42
2024-06-12,AWSLambda,eu-west-1,Requests(M),18.0196,15.33
2024-06-12,AWSLambda,ap-south-1,Requests(M),9.9927,11.45
2024-06-12,AmazonCloudFront,us-east-1,GB-Transfer,60.4156,58.67
2024-06-12,AmazonCloudFront,us-west-2,GB-Transfer,35.5516,31.28
2024-06-12,AmazonCloudFront,eu-west-1,GB-Transfer,30.8102,34.99
2024-06-12,AmazonCloudFront,ap-south-1,GB-Transfer,17.4069,20.11
2024-06-12,AmazonEBS,us-east-1,GB-Month,77.3667,72.57
2024-06-12,AmazonEBS,us-west-2,GB-Month,43.4845,43.09
2024-06-12,AmazonEBS,eu-west-1,GB-Month,40.1134,41.92
2024-06-12,AmazonEBS,ap-south-1,GB-Month,21.9132,19.45
2024-06-12,AmazonDynamoDB,us-east-1,RCU/WCU,41.8475,42.48
2024-06-12,AmazonDynamoDB,us-west-2,RCU/WCU,27.5806,29.96
2024-06-12,AmazonDynamoDB,eu-west-1,RCU/WCU,25.0368,28.04
2024-06-12,AmazonDynamoDB,ap-south-1,RCU/WCU,17.0117,14.67
2024-06-13,AmazonEC2,us-east-1,InstanceHours,447.868,385.23
2024-06-13,AmazonEC2,us-west-2,InstanceHours,207.4235,197.6
2024-06-13,AmazonEC2,eu-west-1,InstanceHours,185.1598,216.38
2024-06-13,AmazonEC2,ap-south-1,InstanceHours,137.529,123.06
2024-06-13,AmazonS3,us-east-1,GB-Month,94.556,81.69
2024-06-13,AmazonS3,us-west-2,GB-Month,63.8094,57.21
2024-06-13,AmazonS3,eu-west-1,GB-Month,43.3463,48.19
2024-06-13,AmazonS3,ap-south-1,GB-Month,25.1643,22.93
2024-06-13,AmazonRDS,us-east-1,InstanceHours,261.4886,236.64
2024-06-13,AmazonRDS,us-west-2,InstanceHours,150.0388,130.39
2024-06-13,AmazonRDS,eu-west-1,InstanceHours,140.7904,166.76
2024-06-13,AmazonRDS,ap-south-1,InstanceHours,74.8175,65.71
2024-06-13,AWSLambda,us-east-1,Requests(M),34.2444,30.6
2024-06-13,AWSLambda,us-west-2,Requests(M),19.3557,22.51
2024-06-13,AWSLambda,eu-west-1,Requests(M),18.5598,17.06
2024-06-13,AWSLambda,ap-south-1,Requests(M),9.7254,9.21
2024-06-13,AmazonCloudFront,us-east-1,GB-Transfer,61.9845,68.82
2024-06-13,AmazonCloudFront,us-west-2,GB-Transfer,41.4052,44.13
2024-06-13,AmazonCloudFront,eu-west-1,GB-Transfer,25.7311,26.13
2024-06-13,AmazonCloudFront,ap-south-1,GB-Transfer,20.1543,17.1
2024-06-13,AmazonEBS,us-east-1,GB-Month,76.6798,76.5
2024-06-13,AmazonEBS,us-west-2,GB-Month,40.9482,39.2
2024-06-13,AmazonEBS,eu-west-1,GB-Month,37.8282,35.07
2024-06-13,AmazonEBS,ap-south-1,GB-Month,23.8064,20.36
2024-06-13,AmazonDynamoDB,us-east-1,RCU/WCU,46.8381,45.45
2024-06-13,AmazonDynamoDB,us-west-2,RCU/WCU,31.1315,29.86
2024-06-13,AmazonDynamoDB,eu-west-1,RCU/WCU,28.1864,24.01
2024-06-13,AmazonDynamoDB,ap-south-1,RCU/WCU,14.3865,12.29
2024-06-14,AmazonEC2,us-east-1,InstanceHours,386.7493,323.93
2024-06-14,AmazonEC2,us-west-2,InstanceHours,249.4641,219.68
2024-06-14,AmazonEC2,eu-west-1,InstanceHours,210.9362,203.51
2024-06-14,AmazonEC2,ap-south-1,InstanceHours,137.0295,142.8
2024-06-14,AmazonS3,us-east-1,GB-Month,88.8623,79.26
2024-06-14,AmazonS3,us-west-2,GB-Month,52.1559,65.04
2024-06-14,AmazonS3,eu-west-1,GB-Month,41.3564,40.75
2024-06-14,AmazonS3,ap-south-1,GB-Month,23.4255,20.06
2024-06-14,AmazonRDS,us-east-1,InstanceHours,233.1688,212.94
2024-06-14,AmazonRDS,us-west-2,InstanceHours,139.8374,142.56
2024-06-14,AmazonRDS,eu-west-1,InstanceHours,127.3002,148.66
2024-06-14,AmazonRDS,ap-south-1,InstanceHours,68.6204,78.82
2024-06-14,AWSLambda,us-east-1,Requests(M),27.4487,23.54
2024-06-14,AWSLambda,us-west-2,Requests(M),20.9088,22.13
2024-06-14,AWSLambda,eu-west-1,Requests(M),20.0885,24.95
2024-06-14,AWSLambda,ap-south-1,Requests(M),11.4463,10.74
2024-06-14,AmazonCloudFront,us-east-1,GB-Transfer,58.7093,70.38
2024-06-14,AmazonCloudFront,us-west-2,GB-Transfer,32.8132,27.37
2024-06-14,AmazonCloudFront,eu-west-1,GB-Transfer,36.1761,43.75
2024-06-14,AmazonCloudFront,ap-south-1,GB-Transfer,18.0853,16.44
2024-06-14,AmazonEBS,us-east-1,GB-Month,76.1885,86.38
2024-06-14,AmazonEBS,us-west-2,GB-Month,44.4803,50.76
2024-06-14,AmazonEBS,eu-west-1,GB-Month,37.4017,36.46
2024-06-14,AmazonEBS,ap-south-1,GB-Month,21.5218,26.05
2024-06-14,AmazonDynamoDB,us-east-1,RCU/WCU,48.9801,48.51
2024-06-14,AmazonDynamoDB,us-west-2,RCU/WCU,33.6096,34.43
2024-06-14,AmazonDynamoDB,eu-west-1,RCU/WCU,27.4922,31.89
2024-06-14,AmazonDynamoDB,ap-south-1,RCU/WCU,12.5119,14.34
2024-06-15,AmazonEC2,us-east-1,InstanceHours,316.8015,299.55
2024-06-15,AmazonEC2,us-west-2,InstanceHours,200.8713,208.48
2024-06-15,AmazonEC2,eu-west-1,InstanceHours,191.8615,236.62
2024-06-15,AmazonEC2,ap-south-1,InstanceHours,117.9947,132.76
2024-06-15,AmazonS3,us-east-1,GB-Month,80.9166,100.16
2024-06-15,AmazonS3,us-west-2,GB-Month,41.7541,49.61
2024-06-15,AmazonS3,eu-west-1,GB-Month,36.645,34.53
2024-06-15,AmazonS3,ap-south-1,GB-Month,23.8485,26.64
2024-06-15,AmazonRDS,us-east-1,InstanceHours,216.751,199.05
2024-06-15,AmazonRDS,us-west-2,InstanceHours,128.6239,112.6
2024-06-15,AmazonRDS,eu-west-1,InstanceHours,107.3091,100.55
2024-06-15,AmazonRDS,ap-south-1,InstanceHours,72.4491,82.14
2024-06-15,AWSLambda,us-east-1,Requests(M),31.1616,38.7
2024-06-15,AWSLambda,us-west-2,Requests(M),17.408,20.87
2024-06-15,AWSLambda,eu-west-1,Requests(M),15.2631,15.76
2024-06-15,AWSLambda,ap-south-1,Requests(M),8.0317,6.94
2024-06-15,AmazonCloudFront,us-east-1,GB-Transfer,48.8673,54.07
2024-06-15,AmazonCloudFront,us-west-2,GB-Transfer,33.168,34.84
2024-06-15,AmazonCloudFront,eu-west-1,GB-Transfer,22.3245,21.27
2024-06-15,AmazonCloudFront,ap-south-1,GB-Transfer,16.0418,16.64
2024-06-15,AmazonEBS,us-east-1,GB-Month,53.1322,57.89
2024-06-15,AmazonEBS,us-west-2,GB-Month,43.4412,36.83
2024-06-15,AmazonEBS,eu-west-1,GB-Month,30.4855,26.57
2024-06-15,AmazonEBS,ap-south-1,GB-Month,19.7357,19.84
2024-06-15,AmazonDynamoDB,us-east-1,RCU/WCU,42.8884,44.21
2024-06-15,AmazonDynamoDB,us-west-2,RCU/WCU,25.8066,31.9
2024-06-15,AmazonDynamoDB,eu-west-1,RCU/WCU,21.7733,20.67
2024-06-15,AmazonDynamoDB,ap-south-1,RCU/WCU,11.0056,12.19
2024-06-16,AmazonEC2,us-east-1,InstanceHours,361.8799,303.14
2024-06-16,AmazonEC2,us-west-2,InstanceHours,211.0473,208.9
2024-06-16,AmazonEC2,eu-west-1,InstanceHours,170.7922,211.55
2024-06-16,AmazonEC2,ap-south-1,InstanceHours,100.4315,86.15
2024-06-16,AmazonS3,us-east-1,GB-Month,77.6986,85.42
2024-06-16,AmazonS3,us-west-2,GB-Month,42.3074,41.41
2024-06-16,AmazonS3,eu-west-1,GB-Month,41.3992,46.91
2024-06-16,AmazonS3,ap-south-1,GB-Month,23.8177,29.61
2024-06-16,AmazonRDS,us-east-1,InstanceHours,225.5266,216.81
2024-06-16,AmazonRDS,us-west-2,InstanceHours,143.0244,134.17
2024-06-16,AmazonRDS,eu-west-1,InstanceHours,94.2267,93.52
2024-06-16,AmazonRDS,ap-south-1,InstanceHours,59.5131,72.68
2024-06-16,AWSLambda,us-east-1,Requests(M),30.982,37.19
2024-06-16,AWSLambda,us-west-2,Requests(M),16.8136,16.15
2024-06-16,AWSLambda,eu-west-1,Requests(M),14.1473,15.45
2024-06-16,AWSLambda,ap-south-1,Requests(M),7.9206,8.41
2024-06-16,AmazonCloudFront,us-east-1,GB-Transfer,47.0184,45.8
2024-06-16,AmazonCloudFront,us-west-2,GB-Transfer,33.1793,33.5
2024-06-16,AmazonCloudFront,eu-west-1,GB-Transfer,26.5064,24.25
2024-06-16,AmazonCloudFront,ap-south-1,GB-Transfer,15.5262,17.52
2024-06-16,AmazonEBS,us-east-1,GB-Month,60.8142,60.9
2024-06-16,AmazonEBS,us-west-2,GB-Month,38.6234,37.18
2024-06-16,AmazonEBS,eu-west-1,GB-Month,34.8056,41.31
2024-06-16,AmazonEBS,ap-south-1,GB-Month,18.0491,21.74
2024-06-16,AmazonDynamoDB,us-east-1,RCU/WCU,42.381,39.41
2024-06-16,AmazonDynamoDB,us-west-2,RCU/WCU,29.1124,29.89
2024-06-16,AmazonDynamoDB,eu-west-1,RCU/WCU,22.4532,20.05
2024-06-16,AmazonDynamoDB,ap-south-1,RCU/WCU,12.1763,11.3
2024-06-17,AmazonEC2,us-east-1,InstanceHours,440.8928,466.85
2024-06-17,AmazonEC2,us-west-2,InstanceHours,220.3443,263.37
2024-06-17,AmazonEC2,eu-west-1,InstanceHours,208.7495,238.83
2024-06-17,AmazonEC2,ap-south-1,InstanceHours,132.2564,130.08
2024-06-17,AmazonS3,us-east-1,GB-Month,92.7374,82.61
2024-06-17,AmazonS3,us-west-2,GB-Month,56.6377,53.26
2024-06-17,AmazonS3,eu-west-1,GB-Month,48.0021,53.34
2024-06-17,AmazonS3,ap-south-1,GB-Month,27.9918,28.11
2024-06-17,AmazonRDS,us-east-1,InstanceHours,268.9361,308.33
2024-06-17,AmazonRDS,us-west-2,InstanceHours,158.5919,154.4
2024-06-17,AmazonRDS,eu-west-1,InstanceHours,118.757,101.52
2024-06-17,AmazonRDS,ap-south-1,InstanceHours,84.5717,71.16
2024-06-17,AWSLambda,us-east-1,Requests(M),34.8892,30.48
2024-06-17,AWSLambda,us-west-2,Requests(M),22.1449,19.46
2024-06-17,AWSLambda,eu-west-1,Requests(M),18.8136,23.09
2024-06-17,AWSLambda,ap-south-1,Requests(M),10.0665,9.69
2024-06-17,AmazonCloudFront,us-east-1,GB-Transfer,57.9144,69.71
2024-06-17,AmazonCloudFront,us-west-2,GB-Transfer,35.1096,32.55
2024-06-17,AmazonCloudFront,eu-west-1,GB-Transfer,33.0138,39.96
2024-06-17,AmazonCloudFront,ap-south-1,GB-Transfer,16.7118,18.04
2024-06-17,AmazonEBS,us-east-1,GB-Month,83.6819,90.22
2024-06-17,AmazonEBS,us-west-2,GB-Month,45.7076,43.52
2024-06-17,AmazonEBS,eu-west-1,GB-Month,38.3012,42.88
2024-06-17,AmazonEBS,ap-south-1,GB-Month,24.1013,29.76
2024-06-17,AmazonDynamoDB,us-east-1,RCU/WCU,50.3291,42.81
2024-06-17,AmazonDynamoDB,us-west-2,RCU/WCU,32.5572,29.08
2024-06-17,AmazonDynamoDB,eu-west-1,RCU/WCU,23.9654,24.16
2024-06-17,AmazonDynamoDB,ap-south-1,RCU/WCU,16.6912,15.88
2024-06-18,AmazonEC2,us-east-1,InstanceHours,405.0311,418.19
2024-06-18,AmazonEC2,us-west-2,InstanceHours,281.3002,256.89
2024-06-18,AmazonEC2,eu-west-1,InstanceHours,202.9409,215.47
2024-06-18,AmazonEC2,ap-south-1,InstanceHours,123.1596,134.62
2024-06-18,AmazonS3,us-east-1,GB-Month,82.7702,101.33
2024-06-18,AmazonS3,us-west-2,GB-Month,50.6831,62.79
2024-06-18,AmazonS3,eu-west-1,GB-Month,44.8751,47.05
2024-06-18,AmazonS3,ap-south-1,GB-Month,27.5059,25.66
2024-06-18,AmazonRDS,us-east-1,InstanceHours,280.4739,238.11
2024-06-18,AmazonRDS,us-west-2,InstanceHours,153.3294,155.36
2024-06-18,AmazonRDS,eu-west-1,InstanceHours,118.3237,98.89
2024-06-18,AmazonRDS,ap-south-1,InstanceHours,80.3862,90.05
2024-06-18,AWSLambda,us-east-1,Requests(M),35.4661,34.0
2024-06-18,AWSLambda,us-west-2,Requests(M),21.8273,21.72
2024-06-18,AWSLambda,eu-west-1,Requests(M),16.6072,18.7
2024-06-18,AWSLambda,ap-south-1,Requests(M),10.054,11.5
2024-06-18,AmazonCloudFront,us-east-1,GB-Transfer,56.9405,69.18
2024-06-18,AmazonCloudFront,us-west-2,GB-Transfer,39.4244,33.2
2024-06-18,AmazonCloudFront,eu-west-1,GB-Transfer,33.4092,30.98
2024-06-18,AmazonCloudFront,ap-south-1,GB-Transfer,17.1781,19.94
2024-06-18,AmazonEBS,us-east-1,GB-Month,71.6867,80.59
2024-06-18,AmazonEBS,us-west-2,GB-Month,47.2786,46.59
2024-06-18,AmazonEBS,eu-west-1,GB-Month,42.1425,50.37
2024-06-18,AmazonEBS,ap-south-1,GB-Month,25.7326,22.36
2024-06-18,AmazonDynamoDB,us-east-1,RCU/WCU,47.5488,41.15
2024-06-18,AmazonDynamoDB,us-west-2,RCU/WCU,29.0695,24.59
2024-06-18,AmazonDynamoDB,eu-west-1,RCU/WCU,25.5717,24.08
2024-06-18,AmazonDynamoDB,ap-south-1,RCU/WCU,15.4013,15.09
2024-06-19,AmazonEC2,us-east-1,InstanceHours,414.0546,436.27
2024-06-19,AmazonEC2,us-west-2,InstanceHours,235.9063,260.99
2024-06-19,AmazonEC2,eu-west-1,InstanceHours,209.4435,251.61
2024-06-19,AmazonEC2,ap-south-1,InstanceHours,144.0891,162.25
2024-06-19,AmazonS3,us-east-1,GB-Month,86.2732,75.65
2024-06-19,AmazonS3,us-west-2,GB-Month,54.9668,55.07
2024-06-19,AmazonS3,eu-west-1,GB-Month,54.097,47.88
2024-06-19,AmazonS3,ap-south-1,GB-Month,25.8533,27.53
2024-06-19,AmazonRDS,us-east-1,InstanceHours,274.1833,302.36
2024-06-19,AmazonRDS,us-west-2,InstanceHours,179.0469,155.5
2024-06-19,AmazonRDS,eu-west-1,InstanceHours,136.1428,119.4
2024-06-19,AmazonRDS,ap-south-1,InstanceHours,84.9183,74.04
2024-06-19,AWSLambda,us-east-1,Requests(M),37.2974,34.57
2024-06-19,AWSLambda,us-west-2,Requests(M),21.8522,20.38
2024-06-19,AWSLambda,eu-west-1,Requests(M),19.435,22.51
2024-06-19,AWSLambda,ap-south-1,Requests(M),11.0449,9.58
2024-06-19,AmazonCloudFront,us-east-1,GB-Transfer,59.1978,63.38
2024-06-19,AmazonCloudFront,us-west-2,GB-Transfer,36.4225,33.19
2024-06-19,AmazonCloudFront,eu-west-1,GB-Transfer,30.8848,27.26
2024-06-19,AmazonCloudFront,ap-south-1,GB-Transfer,17.4336,17.38
2024-06-19,AmazonEBS,us-east-1,GB-Month,76.1466,72.33
2024-06-19,AmazonEBS,us-west-2,GB-Month,45.1672,49.97
2024-06-19,AmazonEBS,eu-west-1,GB-Month,39.4365,35.47
2024-06-19,AmazonEBS,ap-south-1,GB-Month,26.3939,31.32
2024-06-19,AmazonDynamoDB,us-east-1,RCU/WCU,50.9975,43.03
2024-06-19,AmazonDynamoDB,us-west-2,RCU/WCU,33.7859,36.07
2024-06-19,AmazonDynamoDB,eu-west-1,RCU/WCU,26.2158,31.17
2024-06-19,AmazonDynamoDB,ap-south-1,RCU/WCU,15.2239,12.96
2024-06-20,AmazonEC2,us-east-1,InstanceHours,404.9998,440.03
2024-06-20,AmazonEC2,us-west-2,InstanceHours,255.9129,236.24
2024-06-20,AmazonEC2,eu-west-1,InstanceHours,212.2339,226.18
2024-06-20,AmazonEC2,ap-south-1,InstanceHours,118.9428,113.46
2024-06-20,AmazonS3,us-east-1,GB-Month,85.9758,77.93
2024-06-20,AmazonS3,us-west-2,GB-Month,55.6296,68.69
2024-06-20,AmazonS3,eu-west-1,GB-Month,50.6359,47.18
2024-06-20,AmazonS3,ap-south-1,GB-Month,26.858,27.45
2024-06-20,AmazonRDS,us-east-1,InstanceHours,229.8813,265.62
2024-06-20,AmazonRDS,us-west-2,InstanceHours,128.5589,115.0
2024-06-20,AmazonRDS,eu-west-1,InstanceHours,119.3792,143.32
2024-06-20,AmazonRDS,ap-south-1,InstanceHours,82.4201,76.87
2024-06-20,AWSLambda,us-east-1,Requests(M),31.4151,26.62
2024-06-20,AWSLambda,us-west-2,Requests(M),22.4657,26.11
2024-06-20,AWSLambda,eu-west-1,Requests(M),18.4103,19.02
2024-06-20,AWSLambda,ap-south-1,Requests(M),10.4167,9.87
2024-06-20,AmazonCloudFront,us-east-1,GB-Transfer,52.6775,44.13
2024-06-20,AmazonCloudFront,us-west-2,GB-Transfer,34.0073,35.29
2024-06-20,AmazonCloudFront,eu-west-1,GB-Transfer,29.421,33.24
2024-06-20,AmazonCloudFront,ap-south-1,GB-Transfer,18.507,22.78
2024-06-20,AmazonEBS,us-east-1,GB-Month,67.4908,58.91
2024-06-20,AmazonEBS,us-west-2,GB-Month,50.1976,50.74
2024-06-20,AmazonEBS,eu-west-1,GB-Month,38.5282,34.76
2024-06-20,AmazonEBS,ap-south-1,GB-Month,23.3222,20.5
2024-06-20,AmazonDynamoDB,us-east-1,RCU/WCU,52.5709,61.67
2024-06-20,AmazonDynamoDB,us-west-2,RCU/WCU,33.19,40.82
2024-06-20,AmazonDynamoDB,eu-west-1,RCU/WCU,25.393,22.7
2024-06-20,AmazonDynamoDB,ap-south-1,RCU/WCU,15.8508,15.97
2024-06-21,AmazonEC2,us-east-1,InstanceHours,397.2732,451.34
2024-06-21,AmazonEC2,us-west-2,InstanceHours,288.307,289.28
2024-06-21,AmazonEC2,eu-west-1,InstanceHours,212.1522,233.75
2024-06-21,AmazonEC2,ap-south-1,InstanceHours,119.135,106.46
2024-06-21,AmazonS3,us-east-1,GB-Month,86.7875,107.86
2024-06-21,AmazonS3,us-west-2,GB-Month,45.8372,55.29
2024-06-21,AmazonS3,eu-west-1,GB-Month,43.3717,41.7
2024-06-21,AmazonS3,ap-south-1,GB-Month,21.7644,23.74
2024-06-21,AmazonRDS,us-east-1,InstanceHours,276.3446,248.52
2024-06-21,AmazonRDS,us-west-2,InstanceHours,161.3097,197.72
2024-06-21,AmazonRDS,eu-west-1,InstanceHours,119.9434,133.74
2024-06-21,AmazonRDS,ap-south-1,InstanceHours,77.7023,65.04
2024-06-21,AWSLambda,us-east-1,Requests(M),34.9899,33.41
2024-06-21,AWSLambda,us-west-2,Requests(M),19.0539,17.63
2024-06-21,AWSLambda,eu-west-1,Requests(M),17.1907,18.47
2024-06-21,AWSLambda,ap-south-1,Requests(M),10.5226,10.45
2024-06-21,AmazonCloudFront,us-east-1,GB-Transfer,58.8135,72.32
2024-06-21,AmazonCloudFront,us-west-2,GB-Transfer,34.0359,40.94
2024-06-21,AmazonCloudFront,eu-west-1,GB-Transfer,27.5961,26.87
2024-06-21,AmazonCloudFront,ap-south-1,GB-Transfer,17.5952,16.36
2024-06-21,AmazonEBS,us-east-1,GB-Month,71.5729,82.55
2024-06-21,AmazonEBS,us-west-2,GB-Month,47.0613,55.9
2024-06-21,AmazonEBS,eu-west-1,GB-Month,41.6981,51.31
2024-06-21,AmazonEBS,ap-south-1,GB-Month,24.1643,20.57
2024-06-21,AmazonDynamoDB,us-east-1,RCU/WCU,50.2385,46.36
2024-06-21,AmazonDynamoDB,us-west-2,RCU/WCU,28.4474,24.77
2024-06-21,AmazonDynamoDB,eu-west-1,RCU/WCU,26.7904,28.63
2024-06-21,AmazonDynamoDB,ap-south-1,RCU/WCU,15.7622,14.0
2024-06-22,AmazonEC2,us-east-1,InstanceHours,394.6248,402.3
2024-06-22,AmazonEC2,us-west-2,InstanceHours,217.5861,205.77
2024-06-22,AmazonEC2,eu-west-1,InstanceHours,203.2896,244.15
2024-06-22,AmazonEC2,ap-south-1,InstanceHours,108.7957,132.01
2024-06-22,AmazonS3,us-east-1,GB-Month,72.5133,63.13
2024-06-22,AmazonS3,us-west-2,GB-Month,44.1232,49.71
2024-06-22,AmazonS3,eu-west-1,GB-Month,39.8499,37.47
2024-06-22,AmazonS3,ap-south-1,GB-Month,21.8967,21.91
2024-06-22,AmazonRDS,us-east-1,InstanceHours,251.543,282.19
2024-06-22,AmazonRDS,us-west-2,InstanceHours,137.2285,114.5
2024-06-22,AmazonRDS,eu-west-1,InstanceHours,110.836,125.98
2024-06-22,AmazonRDS,ap-south-1,InstanceHours,66.9366,62.44
2024-06-22,AWSLambda,us-east-1,Requests(M),29.1374,25.4
2024-06-22,AWSLambda,us-west-2,Requests(M),15.4673,14.18
2024-06-22,AWSLambda,eu-west-1,Requests(M),14.3,15.24
2024-06-22,AWSLambda,ap-south-1,Requests(M),10.0488,10.6
2024-06-22,AmazonCloudFront,us-east-1,GB-Transfer,51.9158,53.22
2024-06-22,AmazonCloudFront,us-west-2,GB-Transfer,33.1633,30.42
2024-06-22,AmazonCloudFront,eu-west-1,GB-Transfer,27.7005,23.87
2024-06-22,AmazonCloudFront,ap-south-1,GB-Transfer,15.2529,15.75
2024-06-22,AmazonEBS,us-east-1,GB-Month,67.0768,57.58
2024-06-22,AmazonEBS,us-west-2,GB-Month,33.4262,37.8
2024-06-22,AmazonEBS,eu-west-1,GB-Month,35.6402,32.6
2024-06-22,AmazonEBS,ap-south-1,GB-Month,21.2365,24.91
2024-06-22,AmazonDynamoDB,us-east-1,RCU/WCU,44.1797,50.67
2024-06-22,AmazonDynamoDB,us-west-2,RCU/WCU,26.0318,29.09
2024-06-22,AmazonDynamoDB,eu-west-1,RCU/WCU,21.2066,23.59
2024-06-22,AmazonDynamoDB,ap-south-1,RCU/WCU,13.9462,12.15
2024-06-23,AmazonEC2,us-east-1,InstanceHours,379.0397,401.66
2024-06-23,AmazonEC2,us-west-2,InstanceHours,165.3874,159.46
2024-06-23,AmazonEC2,eu-west-1,InstanceHours,173.3243,145.92
2024-06-23,AmazonEC2,ap-south-1,InstanceHours,97.5067,107.95
2024-06-23,AmazonS3,us-east-1,GB-Month,68.5765,61.81
2024-06-23,AmazonS3,us-west-2,GB-Month,50.1626,58.85
2024-06-23,AmazonS3,eu-west-1,GB-Month,38.1064,42.6
2024-06-23,AmazonS3,ap-south-1,GB-Month,23.8258,28.73
2024-06-23,AmazonRDS,us-east-1,InstanceHours,222.3582,237.87
2024-06-23,AmazonRDS,us-west-2,InstanceHours,118.99,105.16
2024-06-23,AmazonRDS,eu-west-1,InstanceHours,96.7398,92.41
2024-06-23,AmazonRDS,ap-south-1,InstanceHours,64.0293,59.14
2024-06-23,AWSLambda,us-east-1,Requests(M),28.9202,35.5
2024-06-23,AWSLambda,us-west-2,Requests(M),17.3513,15.85
2024-06-23,AWSLambda,eu-west-1,Requests(M),14.4923,12.74
2024-06-23,AWSLambda,ap-south-1,Requests(M),10.4078,9.27
2024-06-23,AmazonCloudFront,us-east-1,GB-Transfer,55.2036,62.57
2024-06-23,AmazonCloudFront,us-west-2,GB-Transfer,31.1846,36.91
2024-06-23,AmazonCloudFront,eu-west-1,GB-Transfer,25.3539,25.04
2024-06-23,AmazonCloudFront,ap-south-1,GB-Transfer,15.2544,12.99
2024-06-23,AmazonEBS,us-east-1,GB-Month,67.4865,72.84
2024-06-23,AmazonEBS,us-west-2,GB-Month,38.003,37.89
2024-06-23,AmazonEBS,eu-west-1,GB-Month,34.2116,34.84
2024-06-23,AmazonEBS,ap-south-1,GB-Month,19.6551,19.53
2024-06-23,AmazonDynamoDB,us-east-1,RCU/WCU,49.6005,57.95
2024-06-23,AmazonDynamoDB,us-west-2,RCU/WCU,25.2152,31.05
2024-06-23,AmazonDynamoDB,eu-west-1,RCU/WCU,23.1339,26.27
2024-06-23,AmazonDynamoDB,ap-south-1,RCU/WCU,11.6893,10.93
2024-06-24,AmazonEC2,us-east-1,InstanceHours,399.0414,347.82
2024-06-24,AmazonEC2,us-west-2,InstanceHours,290.5869,333.68
2024-06-24,AmazonEC2,eu-west-1,InstanceHours,224.6171,190.7
2024-06-24,AmazonEC2,ap-south-1,InstanceHours,130.9965,122.05
2024-06-24,AmazonS3,us-east-1,GB-Month,107.3046,93.51
2024-06-24,AmazonS3,us-west-2,GB-Month,53.7511,52.27
2024-06-24,AmazonS3,eu-west-1,GB-Month,48.9799,55.27
2024-06-24,AmazonS3,ap-south-1,GB-Month,29.564,27.8
2024-06-24,AmazonRDS,us-east-1,InstanceHours,293.9754,348.88
2024-06-24,AmazonRDS,us-west-2,InstanceHours,141.6936,133.28
2024-06-24,AmazonRDS,eu-west-1,InstanceHours,129.333,112.63
2024-06-24,AmazonRDS,ap-south-1,InstanceHours,80.0515,71.93
2024-06-24,AWSLambda,us-east-1,Requests(M),39.5184,34.32
2024-06-24,AWSLambda,us-west-2,Requests(M),21.7619,22.63
2024-06-24,AWSLambda,eu-west-1,Requests(M),19.1653,17.06
2024-06-24,AWSLambda,ap-south-1,Requests(M),9.4688,8.57
2024-06-24,AmazonCloudFront,us-east-1,GB-Transfer,58.5717,51.97
2024-06-24,AmazonCloudFront,us-west-2,GB-Transfer,39.962,47.12
2024-06-24,AmazonCloudFront,eu-west-1,GB-Transfer,29.5846,31.82
2024-06-24,AmazonCloudFront,ap-south-1,GB-Transfer,18.0224,19.04
2024-06-24,AmazonEBS,us-east-1,GB-Month,84.567,88.51
2024-06-24,AmazonEBS,us-west-2,GB-Month,41.9509,42.83
2024-06-24,AmazonEBS,eu-west-1,GB-Month,35.5831,39.94
2024-06-24,AmazonEBS,ap-south-1,GB-Month,20.1184,24.26
2024-06-24,AmazonDynamoDB,us-east-1,RCU/WCU,56.5681,53.99
2024-06-24,AmazonDynamoDB,us-west-2,RCU/WCU,32.4236,32.9
2024-06-24,AmazonDynamoDB,eu-west-1,RCU/WCU,26.9635,26.76
2024-06-24,AmazonDynamoDB,ap-south-1,RCU/WCU,14.6102,14.73
2024-06-25,AmazonEC2,us-east-1,InstanceHours,373.3104,361.71
2024-06-25,AmazonEC2,us-west-2,InstanceHours,218.8288,215.93
2024-06-25,AmazonEC2,eu-west-1,InstanceHours,233.2558,207.3
2024-06-25,AmazonEC2,ap-south-1,InstanceHours,131.6842,121.12
2024-06-25,AmazonS3,us-east-1,GB-Month,95.4643,106.38
2024-06-25,AmazonS3,us-west-2,GB-Month,55.2147,47.16
2024-06-25,AmazonS3,eu-west-1,GB-Month,42.2857,42.53
2024-06-25,AmazonS3,ap-south-1,GB-Month,26.3937,29.24
2024-06-25,AmazonRDS,us-east-1,InstanceHours,239.4373,213.55
2024-06-25,AmazonRDS,us-west-2,InstanceHours,142.2272,140.03
2024-06-25,AmazonRDS,eu-west-1,InstanceHours,139.5505,128.45
2024-06-25,AmazonRDS,ap-south-1,InstanceHours,68.2001,75.02
2024-06-25,AWSLambda,us-east-1,Requests(M),32.249,36.96
2024-06-25,AWSLambda,us-west-2,Requests(M),20.6226,19.23
2024-06-25,AWSLambda,eu-west-1,Requests(M),17.6475,16.29
2024-06-25,AWSLambda,ap-south-1,Requests(M),9.3794,11.13
2024-06-25,AmazonCloudFront,us-east-1,GB-Transfer,52.3536,44.17
2024-06-25,AmazonCloudFront,us-west-2,GB-Transfer,37.2686,37.52
2024-06-25,AmazonCloudFront,eu-west-1,GB-Transfer,30.5374,37.36
2024-06-25,AmazonCloudFront,ap-south-1,GB-Transfer,19.9644,18.95
2024-06-25,AmazonEBS,us-east-1,GB-Month,75.7338,67.16
2024-06-25,AmazonEBS,us-west-2,GB-Month,46.9559,40.7
2024-06-25,AmazonEBS,eu-west-1,GB-Month,35.394,33.89
2024-06-25,AmazonEBS,ap-south-1,GB-Month,21.3068,22.09
2024-06-25,AmazonDynamoDB,us-east-1,RCU/WCU,45.0245,40.48
2024-06-25,AmazonDynamoDB,us-west-2,RCU/WCU,28.337,31.14
2024-06-25,AmazonDynamoDB,eu-west-1,RCU/WCU,24.4101,22.88
2024-06-25,AmazonDynamoDB,ap-south-1,RCU/WCU,16.4973,19.68
2024-06-26,AmazonEC2,us-east-1,InstanceHours,391.9323,378.81
2024-06-26,AmazonEC2,us-west-2,InstanceHours,295.2462,340.46
2024-06-26,AmazonEC2,eu-west-1,InstanceHours,220.6475,248.84
2024-06-26,AmazonEC2,ap-south-1,InstanceHours,130.1711,155.28
2024-06-26,AmazonS3,us-east-1,GB-Month,90.3154,86.61
2024-06-26,AmazonS3,us-west-2,GB-Month,53.365,52.39
2024-06-26,AmazonS3,eu-west-1,GB-Month,42.993,41.43
2024-06-26,AmazonS3,ap-south-1,GB-Month,24.0412,24.07
2024-06-26,AmazonRDS,us-east-1,InstanceHours,243.2836,250.48
2024-06-26,AmazonRDS,us-west-2,InstanceHours,176.4562,162.33
2024-06-26,AmazonRDS,eu-west-1,InstanceHours,135.9174,149.41
2024-06-26,AmazonRDS,ap-south-1,InstanceHours,88.1612,105.99
2024-06-26,AWSLambda,us-east-1,Requests(M),33.3713,37.47
2024-06-26,AWSLambda,us-west-2,Requests(M),19.2952,20.48
2024-06-26,AWSLambda,eu-west-1,Requests(M),17.5477,21.22
2024-06-26,AWSLambda,ap-south-1,Requests(M),9.8532,8.8
2024-06-26,AmazonCloudFront,us-east-1,GB-Transfer,61.1222,53.06
2024-06-26,AmazonCloudFront,us-west-2,GB-Transfer,31.519,29.73
2024-06-26,AmazonCloudFront,eu-west-1,GB-Transfer,25.215,27.02
2024-06-26,AmazonCloudFront,ap-south-1,GB-Transfer,18.5386,17.36
2024-06-26,AmazonEBS,us-east-1,GB-Month,85.0354,86.24
2024-06-26,AmazonEBS,us-west-2,GB-Month,46.5085,56.44
2024-06-26,AmazonEBS,eu-west-1,GB-Month,39.175,45.02
2024-06-26,AmazonEBS,ap-south-1,GB-Month,22.6368,21.04
2024-06-26,AmazonDynamoDB,us-east-1,RCU/WCU,50.6774,60.43
2024-06-26,AmazonDynamoDB,us-west-2,RCU/WCU,26.6071,27.15
2024-06-26,AmazonDynamoDB,eu-west-1,RCU/WCU,23.5289,22.07
2024-06-26,AmazonDynamoDB,ap-south-1,RCU/WCU,16.4833,14.74
2024-06-27,AmazonEC2,us-east-1,InstanceHours,383.2983,320.22
2024-06-27,AmazonEC2,us-west-2,InstanceHours,245.6212,209.79
2024-06-27,AmazonEC2,eu-west-1,InstanceHours,230.38,228.46
2024-06-27,AmazonEC2,ap-south-1,InstanceHours,127.4285,121.43
2024-06-27,AmazonS3,us-east-1,GB-Month,91.3828,107.37
2024-06-27,AmazonS3,us-west-2,GB-Month,52.6646,46.59
2024-06-27,AmazonS3,eu-west-1,GB-Month,47.5492,58.38
2024-06-27,AmazonS3,ap-south-1,GB-Month,29.0665,31.55
2024-06-27,AmazonRDS,us-east-1,InstanceHours,243.6514,291.78
2024-06-27,AmazonRDS,us-west-2,InstanceHours,139.3862,118.65
2024-06-27,AmazonRDS,eu-west-1,InstanceHours,110.9035,115.67
2024-06-27,AmazonRDS,ap-south-1,InstanceHours,81.1699,82.92
2024-06-27,AWSLambda,us-east-1,Requests(M),36.088,30.9
2024-06-27,AWSLambda,us-west-2,Requests(M),25.1882,25.22
2024-06-27,AWSLambda,eu-west-1,Requests(M),17.6146,18.5
2024-06-27,AWSLambda,ap-south-1,Requests(M),10.4169,9.05
2024-06-27,AmazonCloudFront,us-east-1,GB-Transfer,61.2835,54.91
2024-06-27,AmazonCloudFront,us-west-2,GB-Transfer,36.9265,40.06
2024-06-27,AmazonCloudFront,eu-west-1,GB-Transfer,29.5801,34.02
2024-06-27,AmazonCloudFront,ap-south-1,GB-Transfer,16.9117,15.69
2024-06-27,AmazonEBS,us-east-1,GB-Month,75.1691,71.16
2024-06-27,AmazonEBS,us-west-2,GB-Month,44.9672,39.83
2024-06-27,AmazonEBS,eu-west-1,GB-Month,37.4249,35.9
2024-06-27,AmazonEBS,ap-south-1,GB-Month,23.972,21.68
2024-06-27,AmazonDynamoDB,us-east-1,RCU/WCU,50.0414,52.16
2024-06-27,AmazonDynamoDB,us-west-2,RCU/WCU,26.8516,31.28
2024-06-27,AmazonDynamoDB,eu-west-1,RCU/WCU,23.781,29.35
2024-06-27,AmazonDynamoDB,ap-south-1,RCU/WCU,14.7756,17.3
2024-06-28,AmazonEC2,us-east-1,InstanceHours,421.9034,355.64
2024-06-28,AmazonEC2,us-west-2,InstanceHours,262.6786,269.97
2024-06-28,AmazonEC2,eu-west-1,InstanceHours,211.0832,216.32
2024-06-28,AmazonEC2,ap-south-1,InstanceHours,106.0873,125.95
2024-06-28,AmazonS3,us-east-1,GB-Month,81.2902,77.58
2024-06-28,AmazonS3,us-west-2,GB-Month,56.5917,53.38
2024-06-28,AmazonS3,eu-west-1,GB-Month,44.2316,53.73
2024-06-28,AmazonS3,ap-south-1,GB-Month,30.22,25.23
2024-06-28,AmazonRDS,us-east-1,InstanceHours,263.0923,220.44
2024-06-28,AmazonRDS,us-west-2,InstanceHours,151.7932,169.47
2024-06-28,AmazonRDS,eu-west-1,InstanceHours,123.6206,114.8
2024-06-28,AmazonRDS,ap-south-1,InstanceHours,76.1126,92.27
2024-06-28,AWSLambda,us-east-1,Requests(M),35.4496,31.49
2024-06-28,AWSLambda,us-west-2,Requests(M),21.0051,20.08
2024-06-28,AWSLambda,eu-west-1,Requests(M),18.8294,18.63
2024-06-28,AWSLambda,ap-south-1,Requests(M),9.2527,9.53
2024-06-28,AmazonCloudFront,us-east-1,GB-Transfer,53.439,56.42
2024-06-28,AmazonCloudFront,us-west-2,GB-Transfer,35.3527,36.61
2024-06-28,AmazonCloudFront,eu-west-1,GB-Transfer,31.2995,28.26
2024-06-28,AmazonCloudFront,ap-south-1,GB-Transfer,19.0932,23.74
2024-06-28,AmazonEBS,us-east-1,GB-Month,71.5409,88.58
2024-06-28,AmazonEBS,us-west-2,GB-Month,35.6722,39.46
2024-06-28,AmazonEBS,eu-west-1,GB-Month,35.8613,35.36
2024-06-28,AmazonEBS,ap-south-1,GB-Month,23.2052,26.19
2024-06-28,AmazonDynamoDB,us-east-1,RCU/WCU,49.9388,59.18
2024-06-28,AmazonDynamoDB,us-west-2,RCU/WCU,31.3903,30.8
2024-06-28,AmazonDynamoDB,eu-west-1,RCU/WCU,27.3931,32.64
2024-06-28,AmazonDynamoDB,ap-south-1,RCU/WCU,14.8098,14.88
2024-06-29,AmazonEC2,us-east-1,InstanceHours,344.3399,314.48
2024-06-29,AmazonEC2,us-west-2,InstanceHours,199.038,200.97
2024-06-29,AmazonEC2,eu-west-1,InstanceHours,158.9093,161.53
2024-06-29,AmazonEC2,ap-south-1,InstanceHours,93.275,83.73
2024-06-29,AmazonS3,us-east-1,GB-Month,72.4053,67.34
2024-06-29,AmazonS3,us-west-2,GB-Month,49.7185,50.99
2024-06-29,AmazonS3,eu-west-1,GB-Month,40.3245,49.46
2024-06-29,AmazonS3,ap-south-1,GB-Month,22.0542,19.0
2024-06-29,AmazonRDS,us-east-1,InstanceHours,259.1412,243.61
2024-06-29,AmazonRDS,us-west-2,InstanceHours,126.1746,108.95
2024-06-29,AmazonRDS,eu-west-1,InstanceHours,122.0074,147.59
2024-06-29,AmazonRDS,ap-south-1,InstanceHours,74.5823,74.04
2024-06-29,AWSLambda,us-east-1,Requests(M),30.8447,30.69
2024-06-29,AWSLambda,us-west-2,Requests(M),16.8822,15.75
2024-06-29,AWSLambda,eu-west-1,Requests(M),14.4403,17.43
2024-06-29,AWSLambda,ap-south-1,Requests(M),9.0569,11.25
2024-06-29,AmazonCloudFront,us-east-1,GB-Transfer,45.5037,48.41
2024-06-29,AmazonCloudFront,us-west-2,GB-Transfer,28.2215,25.43
2024-06-29,AmazonCloudFront,eu-west-1,GB-Transfer,23.3643,26.87
2024-06-29,AmazonCloudFront,ap-south-1,GB-Transfer,15.9569,19.01
2024-06-29,AmazonEBS,us-east-1,GB-Month,69.7971,77.04
2024-06-29,AmazonEBS,us-west-2,GB-Month,40.45,50.04
2024-06-29,AmazonEBS,eu-west-1,GB-Month,34.4149,32.78
2024-06-29,AmazonEBS,ap-south-1,GB-Month,17.9671,18.86
2024-06-29,AmazonDynamoDB,us-east-1,RCU/WCU,41.4029,39.58
2024-06-29,AmazonDynamoDB,us-west-2,RCU/WCU,24.9883,22.51
2024-06-29,AmazonDynamoDB,eu-west-1,RCU/WCU,22.025,26.97
2024-06-29,AmazonDynamoDB,ap-south-1,RCU/WCU,14.9583,12.6
2024-06-30,AmazonEC2,us-east-1,InstanceHours,338.6211,284.08
2024-06-30,AmazonEC2,us-west-2,InstanceHours,230.0995,221.09
2024-06-30,AmazonEC2,eu-west-1,InstanceHours,200.3265,178.11
2024-06-30,AmazonEC2,ap-south-1,InstanceHours,111.4511,104.89
2024-06-30,AmazonS3,us-east-1,GB-Month,74.2665,63.41
2024-06-30,AmazonS3,us-west-2,GB-Month,42.8184,48.12
2024-06-30,AmazonS3,eu-west-1,GB-Month,35.0529,35.92
2024-06-30,AmazonS3,ap-south-1,GB-Month,19.3398,18.5
2024-06-30,AmazonRDS,us-east-1,InstanceHours,217.0882,187.99
2024-06-30,AmazonRDS,us-west-2,InstanceHours,129.6636,122.52
2024-06-30,AmazonRDS,eu-west-1,InstanceHours,118.1066,103.19
2024-06-30,AmazonRDS,ap-south-1,InstanceHours,63.2074,55.51
2024-06-30,AWSLambda,us-east-1,Requests(M),29.3523,26.64
2024-06-30,AWSLambda,us-west-2,Requests(M),18.2535,18.55
2024-06-30,AWSLambda,eu-west-1,Requests(M),15.4593,13.92
2024-06-30,AWSLambda,ap-south-1,Requests(M),9.4497,8.89
2024-06-30,AmazonCloudFront,us-east-1,GB-Transfer,51.7386,43.34
2024-06-30,AmazonCloudFront,us-west-2,GB-Transfer,27.4254,23.34
2024-06-30,AmazonCloudFront,eu-west-1,GB-Transfer,26.3154,23.35
2024-06-30,AmazonCloudFront,ap-south-1,GB-Transfer,14.5027,16.38
2024-06-30,AmazonEBS,us-east-1,GB-Month,70.0652,64.1
2024-06-30,AmazonEBS,us-west-2,GB-Month,38.3151,37.68
2024-06-30,AmazonEBS,eu-west-1,GB-Month,32.4889,35.35
2024-06-30,AmazonEBS,ap-south-1,GB-Month,23.1056,22.52
2024-06-30,AmazonDynamoDB,us-east-1,RCU/WCU,45.0614,42.73
2024-06-30,AmazonDynamoDB,us-west-2,RCU/WCU,26.2776,23.79
2024-06-30,AmazonDynamoDB,eu-west-1,RCU/WCU,21.0146,26.15
2024-06-30,AmazonDynamoDB,ap-south-1,RCU/WCU,11.5012,12.8
2024-07-01,AmazonEC2,us-east-1,InstanceHours,419.1715,374.25
2024-07-01,AmazonEC2,us-west-2,InstanceHours,238.3763,270.39
2024-07-01,AmazonEC2,eu-west-1,InstanceHours,241.6252,230.91
2024-07-01,AmazonEC2,ap-south-1,InstanceHours,131.928,150.74
2024-07-01,AmazonS3,us-east-1,GB-Month,100.095,97.97
2024-07-01,AmazonS3,us-west-2,GB-Month,52.1362,65.0
2024-07-01,AmazonS3,eu-west-1,GB-Month,42.807,36.18
2024-07-01,AmazonS3,ap-south-1,GB-Month,28.8263,30.43
2024-07-01,AmazonRDS,us-east-1,InstanceHours,245.1633,265.83
2024-07-01,AmazonRDS,us-west-2,InstanceHours,152.7986,132.79
2024-07-01,AmazonRDS,eu-west-1,InstanceHours,150.1798,130.08
2024-07-01,AmazonRDS,ap-south-1,InstanceHours,76.6389,73.89
2024-07-01,AWSLambda,us-east-1,Requests(M),31.494,29.21
2024-07-01,AWSLambda,us-west-2,Requests(M),18.3125,22.85
2024-07-01,AWSLambda,eu-west-1,Requests(M),15.5945,13.95
2024-07-01,AWSLambda,ap-south-1,Requests(M),11.734,14.02
2024-07-01,AmazonCloudFront,us-east-1,GB-Transfer,58.2113,55.08
2024-07-01,AmazonCloudFront,us-west-2,GB-Transfer,44.0181,53.29
2024-07-01,AmazonCloudFront,eu-west-1,GB-Transfer,34.2066,33.4
2024-07-01,AmazonCloudFront,ap-south-1,GB-Transfer,21.2021,20.36
2024-07-01,AmazonEBS,us-east-1,GB-Month,82.3615,90.71
2024-07-01,AmazonEBS,us-west-2,GB-Month,47.8401,42.34
2024-07-01,AmazonEBS,eu-west-1,GB-Month,35.5711,43.2
2024-07-01,AmazonEBS,ap-south-1,GB-Month,22.8313,24.45
2024-07-01,AmazonDynamoDB,us-east-1,RCU/WCU,53.5773,48.03
2024-07-01,AmazonDynamoDB,us-west-2,RCU/WCU,32.7771,32.55
2024-07-01,AmazonDynamoDB,eu-west-1,RCU/WCU,23.0574,24.76
2024-07-01,AmazonDynamoDB,ap-south-1,RCU/WCU,14.9891,15.4
2024-07-02,AmazonEC2,us-east-1,InstanceHours,423.4803,407.47
2024-07-02,AmazonEC2,us-west-2,InstanceHours,253.2888,231.47
2024-07-02,AmazonEC2,eu-west-1,InstanceHours,195.6856,185.58
2024-07-02,AmazonEC2,ap-south-1,InstanceHours,146.8596,131.8
2024-07-02,AmazonS3,us-east-1,GB-Month,89.6949,78.96
2024-07-02,AmazonS3,us-west-2,GB-Month,50.6031,53.07
2024-07-02,AmazonS3,eu-west-1,GB-Month,52.5613,60.15
2024-07-02,AmazonS3,ap-south-1,GB-Month,30.7884,32.58
2024-07-02,AmazonRDS,us-east-1,InstanceHours,266.8744,290.24
2024-07-02,AmazonRDS,us-west-2,InstanceHours,135.9388,115.57
2024-07-02,AmazonRDS,eu-west-1,InstanceHours,127.0305,110.55
2024-07-02,AmazonRDS,ap-south-1,InstanceHours,69.0698,60.76
2024-07-02,AWSLambda,us-east-1,Requests(M),36.9847,37.61
2024-07-02,AWSLambda,us-west-2,Requests(M),20.4066,20.55
2024-07-02,AWSLambda,eu-west-1,Requests(M),17.7234,18.18
2024-07-02,AWSLambda,ap-south-1,Requests(M),12.1685,11.15
2024-07-02,AmazonCloudFront,us-east-1,GB-Transfer,57.966,55.52
2024-07-02,AmazonCloudFront,us-west-2,GB-Transfer,37.9103,44.38
2024-07-02,AmazonCloudFront,eu-west-1,GB-Transfer,32.3162,27.33
2024-07-02,AmazonCloudFront,ap-south-1,GB-Transfer,20.0633,24.24
2024-07-02,AmazonEBS,us-east-1,GB-Month,75.5151,83.47
2024-07-02,AmazonEBS,us-west-2,GB-Month,44.9308,49.99
2024-07-02,AmazonEBS,eu-west-1,GB-Month,37.3729,41.12
2024-07-02,AmazonEBS,ap-south-1,GB-Month,23.5087,21.3
2024-07-02,AmazonDynamoDB,us-east-1,RCU/WCU,56.8103,68.77
2024-07-02,AmazonDynamoDB,us-west-2,RCU/WCU,29.7895,29.94
2024-07-02,AmazonDynamoDB,eu-west-1,RCU/WCU,20.4538,21.78
2024-07-02,AmazonDynamoDB,ap-south-1,RCU/WCU,16.3018,14.05
2024-07-03,AmazonEC2,us-east-1,InstanceHours,428.5847,364.84
2024-07-03,AmazonEC2,us-west-2,InstanceHours,266.3374,324.44
2024-07-03,AmazonEC2,eu-west-1,InstanceHours,186.5055,170.74
2024-07-03,AmazonEC2,ap-south-1,InstanceHours,122.4772,102.7
2024-07-03,AmazonS3,us-east-1,GB-Month,97.1545,110.5
2024-07-03,AmazonS3,us-west-2,GB-Month,49.3102,48.05
2024-07-03,AmazonS3,eu-west-1,GB-Month,47.3793,45.41
2024-07-03,AmazonS3,ap-south-1,GB-Month,27.3269,29.08
2024-07-03,AmazonRDS,us-east-1,InstanceHours,248.3913,217.84
2024-07-03,AmazonRDS,us-west-2,InstanceHours,148.0764,144.54
2024-07-03,AmazonRDS,eu-west-1,InstanceHours,121.227,105.96
2024-07-03,AmazonRDS,ap-south-1,InstanceHours,79.5607,73.05
2024-07-03,AWSLambda,us-east-1,Requests(M),36.0264,35.41
2024-07-03,AWSLambda,us-west-2,Requests(M),20.6891,24.85
2024-07-03,AWSLambda,eu-west-1,Requests(M),16.239,18.75
2024-07-03,AWSLambda,ap-south-1,Requests(M),8.1668,6.93
2024-07-03,AmazonCloudFront,us-east-1,GB-Transfer,63.0269,63.99
2024-07-03,AmazonCloudFront,us-west-2,GB-Transfer,39.1824,40.62
2024-07-03,AmazonCloudFront,eu-west-1,GB-Transfer,31.9583,38.74
2024-07-03,AmazonCloudFront,ap-south-1,GB-Transfer,21.2772,21.17
2024-07-03,AmazonEBS,us-east-1,GB-Month,75.0112,91.39
2024-07-03,AmazonEBS,us-west-2,GB-Month,50.6988,45.49
2024-07-03,AmazonEBS,eu-west-1,GB-Month,36.0955,41.69
2024-07-03,AmazonEBS,ap-south-1,GB-Month,21.3774,22.93
2024-07-03,AmazonDynamoDB,us-east-1,RCU/WCU,51.248,58.11
2024-07-03,AmazonDynamoDB,us-west-2,RCU/WCU,34.4077,29.89
2024-07-03,AmazonDynamoDB,eu-west-1,RCU/WCU,24.7826,20.76
2024-07-03,AmazonDynamoDB,ap-south-1,RCU/WCU,13.321,12.01
2024-07-04,AmazonEC2,us-east-1,InstanceHours,456.4176,449.46
2024-07-04,AmazonEC2,us-west-2,InstanceHours,254.1873,254.41
2024-07-04,AmazonEC2,eu-west-1,InstanceHours,218.2443,193.33
2024-07-04,AmazonEC2,ap-south-1,InstanceHours,120.1983,126.24
2024-07-04,AmazonS3,us-east-1,GB-Month,92.1778,100.76
2024-07-04,AmazonS3,us-west-2,GB-Month,48.5034,43.42
2024-07-04,AmazonS3,eu-west-1,GB-Month,52.52,46.93
2024-07-04,AmazonS3,ap-south-1,GB-Month,29.7729,31.07
2024-07-04,AmazonRDS,us-east-1,InstanceHours,265.3326,307.39
2024-07-04,AmazonRDS,us-west-2,InstanceHours,169.1423,156.85
2024-07-04,AmazonRDS,eu-west-1,InstanceHours,125.1567,109.51
2024-07-04,AmazonRDS,ap-south-1,InstanceHours,85.6934,73.72
2024-07-04,AWSLambda,us-east-1,Requests(M),34.5736,39.57
2024-07-04,AWSLambda,us-west-2,Requests(M),20.6267,17.82
2024-07-04,AWSLambda,eu-west-1,Requests(M),16.4053,16.81
2024-07-04,AWSLambda,ap-south-1,Requests(M),11.0187,10.53
2024-07-04,AmazonCloudFront,us-east-1,GB-Transfer,61.018,51.41
2024-07-04,AmazonCloudFront,us-west-2,GB-Transfer,40.6682,42.05
2024-07-04,AmazonCloudFront,eu-west-1,GB-Transfer,27.862,24.17
2024-07-04,AmazonCloudFront,ap-south-1,GB-Transfer,18.896,19.46
2024-07-04,AmazonEBS,us-east-1,GB-Month,83.3562,76.63
2024-07-04,AmazonEBS,us-west-2,GB-Month,55.1373,47.69
2024-07-04,AmazonEBS,eu-west-1,GB-Month,38.6544,44.18
2024-07-04,AmazonEBS,ap-south-1,GB-Month,22.1923,19.41
2024-07-04,AmazonDynamoDB,us-east-1,RCU/WCU,51.434,47.44
2024-07-04,AmazonDynamoDB,us-west-2,RCU/WCU,33.6597,36.36
2024-07-04,AmazonDynamoDB,eu-west-1,RCU/WCU,28.0487,28.51
2024-07-04,AmazonDynamoDB,ap-south-1,RCU/WCU,15.0812,15.99
2024-07-05,AmazonEC2,us-east-1,InstanceHours,470.5327,503.74
2024-07-05,AmazonEC2,us-west-2,InstanceHours,255.3121,293.63
2024-07-05,AmazonEC2,eu-west-1,InstanceHours,227.4843,270.73
2024-07-05,AmazonEC2,ap-south-1,InstanceHours,133.4837,148.99
2024-07-05,AmazonS3,us-east-1,GB-Month,88.487,90.28
2024-07-05,AmazonS3,us-west-2,GB-Month,50.7654,46.17
2024-07-05,AmazonS3,eu-west-1,GB-Month,50.1225,53.27
2024-07-05,AmazonS3,ap-south-1,GB-Month,30.7403,27.05
2024-07-05,AmazonRDS,us-east-1,InstanceHours,272.4235,258.55
2024-07-05,AmazonRDS,us-west-2,InstanceHours,158.0335,185.81
2024-07-05,AmazonRDS,eu-west-1,InstanceHours,119.5041,111.22
2024-07-05,AmazonRDS,ap-south-1,InstanceHours,86.6923,104.72
2024-07-05,AWSLambda,us-east-1,Requests(M),36.3301,40.78
2024-07-05,AWSLambda,us-west-2,Requests(M),20.8735,18.39
2024-07-05,AWSLambda,eu-west-1,Requests(M),19.0006,17.63
2024-07-05,AWSLambda,ap-south-1,Requests(M),9.5099,9.46
2024-07-05,AmazonCloudFront,us-east-1,GB-Transfer,56.0264,68.89
2024-07-05,AmazonCloudFront,us-west-2,GB-Transfer,34.5588,37.5
2024-07-05,AmazonCloudFront,eu-west-1,GB-Transfer,31.7019,27.6
2024-07-05,AmazonCloudFront,ap-south-1,GB-Transfer,18.5325,16.75
2024-07-05,AmazonEBS,us-east-1,GB-Month,79.9905,88.47
2024-07-05,AmazonEBS,us-west-2,GB-Month,49.7298,42.76
2024-07-05,AmazonEBS,eu-west-1,GB-Month,40.1105,47.5
2024-07-05,AmazonEBS,ap-south-1,GB-Month,26.3086,26.88
2024-07-05,AmazonDynamoDB,us-east-1,RCU/WCU,55.2447,54.23
2024-07-05,AmazonDynamoDB,us-west-2,RCU/WCU,30.1568,31.67
2024-07-05,AmazonDynamoDB,eu-west-1,RCU/WCU,24.2883,22.16
2024-07-05,AmazonDynamoDB,ap-south-1,RCU/WCU,15.1147,12.95
2024-07-06,AmazonEC2,us-east-1,InstanceHours,382.9209,417.63
2024-07-06,AmazonEC2,us-west-2,InstanceHours,209.8386,180.23
2024-07-06,AmazonEC2,eu-west-1,InstanceHours,191.886,237.72
2024-07-06,AmazonEC2,ap-south-1,InstanceHours,114.0581,96.24
2024-07-06,AmazonS3,us-east-1,GB-Month,71.8367,63.47
2024-07-06,AmazonS3,us-west-2,GB-Month,50.636,55.48
2024-07-06,AmazonS3,eu-west-1,GB-Month,39.9645,47.66
2024-07-06,AmazonS3,ap-south-1,GB-Month,26.7198,29.8
2024-07-06,AmazonRDS,us-east-1,InstanceHours,223.9665,243.31
2024-07-06,AmazonRDS,us-west-2,InstanceHours,131.3246,126.35
2024-07-06,AmazonRDS,eu-west-1,InstanceHours,102.7032,93.6
2024-07-06,AmazonRDS,ap-south-1,InstanceHours,61.5459,75.12
2024-07-06,AWSLambda,us-east-1,Requests(M),32.4919,28.08
2024-07-06,AWSLambda,us-west-2,Requests(M),20.5971,23.56
2024-07-06,AWSLambda,eu-west-1,Requests(M),14.972,13.39
2024-07-06,AWSLambda,ap-south-1,Requests(M),8.9365,10.98
2024-07-06,AmazonCloudFront,us-east-1,GB-Transfer,52.0551,63.06
2024-07-06,AmazonCloudFront,us-west-2,GB-Transfer,33.9459,29.97
2024-07-06,AmazonCloudFront,eu-west-1,GB-Transfer,23.9623,28.61
2024-07-06,AmazonCloudFront,ap-south-1,GB-Transfer,15.8256,13.6
2024-07-06,AmazonEBS,us-east-1,GB-Month,69.7544,60.57
2024-07-06,AmazonEBS,us-west-2,GB-Month,40.3801,39.25
2024-07-06,AmazonEBS,eu-west-1,GB-Month,25.3565,27.36
2024-07-06,AmazonEBS,ap-south-1,GB-Month,20.4646,21.01
2024-07-06,AmazonDynamoDB,us-east-1,RCU/WCU,44.9017,38.81
2024-07-06,AmazonDynamoDB,us-west-2,RCU/WCU,28.7268,29.39
2024-07-06,AmazonDynamoDB,eu-west-1,RCU/WCU,24.3507,23.49
2024-07-06,AmazonDynamoDB,ap-south-1,RCU/WCU,14.3026,13.23
2024-07-07,AmazonEC2,us-east-1,InstanceHours,364.5417,433.11
2024-07-07,AmazonEC2,us-west-2,InstanceHours,189.5499,198.73
2024-07-07,AmazonEC2,eu-west-1,InstanceHours,212.6436,180.17
2024-07-07,AmazonEC2,ap-south-1,InstanceHours,107.1769,103.03
2024-07-07,AmazonS3,us-east-1,GB-Month,77.9183,73.95
2024-07-07,AmazonS3,us-west-2,GB-Month,52.9061,63.87
2024-07-07,AmazonS3,eu-west-1,GB-Month,36.5177,36.92
2024-07-07,AmazonS3,ap-south-1,GB-Month,20.8343,25.46
2024-07-07,AmazonRDS,us-east-1,InstanceHours,216.6111,182.24
2024-07-07,AmazonRDS,us-west-2,InstanceHours,127.1336,136.33
2024-07-07,AmazonRDS,eu-west-1,InstanceHours,99.5392,95.32
2024-07-07,AmazonRDS,ap-south-1,InstanceHours,66.8471,73.28
2024-07-07,AWSLambda,us-east-1,Requests(M),30.3954,37.89
2024-07-07,AWSLambda,us-west-2,Requests(M),16.0051,19.93
2024-07-07,AWSLambda,eu-west-1,Requests(M),14.7246,13.13
2024-07-07,AWSLambda,ap-south-1,Requests(M),8.5138,8.28
2024-07-07,AmazonCloudFront,us-east-1,GB-Transfer,43.9995,37.52
2024-07-07,AmazonCloudFront,us-west-2,GB-Transfer,31.3448,32.69
2024-07-07,AmazonCloudFront,eu-west-1,GB-Transfer,26.3239,31.13
2024-07-07,AmazonCloudFront,ap-south-1,GB-Transfer,14.5953,15.56
2024-07-07,AmazonEBS,us-east-1,GB-Month,70.2762,70.46
2024-07-07,AmazonEBS,us-west-2,GB-Month,38.8899,35.98
2024-07-07,AmazonEBS,eu-west-1,GB-Month,30.5196,31.5
2024-07-07,AmazonEBS,ap-south-1,GB-Month,17.0612,17.69
2024-07-07,AmazonDynamoDB,us-east-1,RCU/WCU,44.0594,42.24
2024-07-07,AmazonDynamoDB,us-west-2,RCU/WCU,26.9359,29.16
2024-07-07,AmazonDynamoDB,eu-west-1,RCU/WCU,20.7352,22.96
2024-07-07,AmazonDynamoDB,ap-south-1,RCU/WCU,13.0932,15.89
2024-07-08,AmazonEC2,us-east-1,InstanceHours,481.2832,569.03
2024-07-08,AmazonEC2,us-west-2,InstanceHours,274.1315,287.49
2024-07-08,AmazonEC2,eu-west-1,InstanceHours,176.4572,207.99
2024-07-08,AmazonEC2,ap-south-1,InstanceHours,120.5322,124.57
2024-07-08,AmazonS3,us-east-1,GB-Month,90.3908,108.63
2024-07-08,AmazonS3,us-west-2,GB-Month,55.147,58.55
2024-07-08,AmazonS3,eu-west-1,GB-Month,46.2913,43.2
2024-07-08,AmazonS3,ap-south-1,GB-Month,28.3739,30.03
2024-07-08,AmazonRDS,us-east-1,InstanceHours,261.8186,248.3
2024-07-08,AmazonRDS,us-west-2,InstanceHours,158.5788,136.08
2024-07-08,AmazonRDS,eu-west-1,InstanceHours,142.0113,130.33
2024-07-08,AmazonRDS,ap-south-1,InstanceHours,80.9885,95.48
2024-07-08,AWSLambda,us-east-1,Requests(M),32.2745,40.11
2024-07-08,AWSLambda,us-west-2,Requests(M),21.5001,22.19
2024-07-08,AWSLambda,eu-west-1,Requests(M),17.5798,17.05
2024-07-08,AWSLambda,ap-south-1,Requests(M),9.053,11.07
2024-07-08,AmazonCloudFront,us-east-1,GB-Transfer,61.6788,65.81
2024-07-08,AmazonCloudFront,us-west-2,GB-Transfer,33.5359,30.72
2024-07-08,AmazonCloudFront,eu-west-1,GB-Transfer,32.8116,30.47
2024-07-08,AmazonCloudFront,ap-south-1,GB-Transfer,18.8944,19.44
2024-07-08,AmazonEBS,us-east-1,GB-Month,68.8558,74.64
2024-07-08,AmazonEBS,us-west-2,GB-Month,49.0336,43.95
2024-07-08,AmazonEBS,eu-west-1,GB-Month,42.3026,37.47
2024-07-08,AmazonEBS,ap-south-1,GB-Month,22.3807,19.58
2024-07-08,AmazonDynamoDB,us-east-1,RCU/WCU,50.2047,54.13
2024-07-08,AmazonDynamoDB,us-west-2,RCU/WCU,32.4251,31.39
2024-07-08,AmazonDynamoDB,eu-west-1,RCU/WCU,28.0228,25.89
2024-07-08,AmazonDynamoDB,ap-south-1,RCU/WCU,13.2001,12.28
2024-07-09,AmazonEC2,us-east-1,InstanceHours,389.0937,400.21
2024-07-09,AmazonEC2,us-west-2,InstanceHours,247.3738,288.64
2024-07-09,AmazonEC2,eu-west-1,InstanceHours,207.8974,241.24
2024-07-09,AmazonEC2,ap-south-1,InstanceHours,135.8669,167.7
2024-07-09,AmazonS3,us-east-1,GB-Month,100.9257,107.8
2024-07-09,AmazonS3,us-west-2,GB-Month,60.9298,73.53
2024-07-09,AmazonS3,eu-west-1,GB-Month,39.5237,36.91
2024-07-09,AmazonS3,ap-south-1,GB-Month,25.6382,24.6
2024-07-09,AmazonRDS,us-east-1,InstanceHours,237.8404,198.99
2024-07-09,AmazonRDS,us-west-2,InstanceHours,150.8351,153.66
2024-07-09,AmazonRDS,eu-west-1,InstanceHours,123.4038,124.12
2024-07-09,AmazonRDS,ap-south-1,InstanceHours,81.8558,100.93
2024-07-09,AWSLambda,us-east-1,Requests(M),37.0775,38.88
2024-07-09,AWSLambda,us-west-2,Requests(M),21.326,26.15
2024-07-09,AWSLambda,eu-west-1,Requests(M),17.6369,20.41
2024-07-09,AWSLambda,ap-south-1,Requests(M),10.342,12.78
2024-07-09,AmazonCloudFront,us-east-1,GB-Transfer,59.6391,65.13
2024-07-09,AmazonCloudFront,us-west-2,GB-Transfer,41.2132,35.53
2024-07-09,AmazonCloudFront,eu-west-1,GB-Transfer,32.1478,30.88
2024-07-09,AmazonCloudFront,ap-south-1,GB-Transfer,17.7821,15.73
2024-07-09,AmazonEBS,us-east-1,GB-Month,75.4715,79.09
2024-07-09,AmazonEBS,us-west-2,GB-Month,47.311,50.54
2024-07-09,AmazonEBS,eu-west-1,GB-Month,34.427,33.7
2024-07-09,AmazonEBS,ap-south-1,GB-Month,23.0987,22.72
2024-07-09,AmazonDynamoDB,us-east-1,RCU/WCU,53.3405,54.64
2024-07-09,AmazonDynamoDB,us-west-2,RCU/WCU,31.6701,34.39
2024-07-09,AmazonDynamoDB,eu-west-1,RCU/WCU,23.7758,28.89
2024-07-09,AmazonDynamoDB,ap-south-1,RCU/WCU,14.4688,15.44
2024-07-10,AmazonEC2,us-east-1,InstanceHours,358.798,347.61
2024-07-10,AmazonEC2,us-west-2,InstanceHours,271.084,316.81
2024-07-10,AmazonEC2,eu-west-1,InstanceHours,248.5173,249.63
2024-07-10,AmazonEC2,ap-south-1,InstanceHours,118.4836,123.33
2024-07-10,AmazonS3,us-east-1,GB-Month,99.3958,94.82
2024-07-10,AmazonS3,us-west-2,GB-Month,63.397,72.0
2024-07-10,AmazonS3,eu-west-1,GB-Month,43.9748,44.41
2024-07-10,AmazonS3,ap-south-1,GB-Month,27.1727,26.71
2024-07-10,AmazonRDS,us-east-1,InstanceHours,269.257,265.71
2024-07-10,AmazonRDS,us-west-2,InstanceHours,164.2644,143.09
2024-07-10,AmazonRDS,eu-west-1,InstanceHours,135.2018,159.07
2024-07-10,AmazonRDS,ap-south-1,InstanceHours,76.6895,68.61
2024-07-10,AWSLambda,us-east-1,Requests(M),37.2915,31.67
2024-07-10,AWSLambda,us-west-2,Requests(M),20.6847,24.07
2024-07-10,AWSLambda,eu-west-1,Requests(M),18.2984,18.42
2024-07-10,AWSLambda,ap-south-1,Requests(M),10.6326,9.28
2024-07-10,AmazonCloudFront,us-east-1,GB-Transfer,52.2618,57.16
2024-07-10,AmazonCloudFront,us-west-2,GB-Transfer,40.2288,45.65
2024-07-10,AmazonCloudFront,eu-west-1,GB-Transfer,28.999,28.87
2024-07-10,AmazonCloudFront,ap-south-1,GB-Transfer,20.2789,20.34
2024-07-10,AmazonEBS,us-east-1,GB-Month,82.5564,69.24
2024-07-10,AmazonEBS,us-west-2,GB-Month,46.4907,48.28
2024-07-10,AmazonEBS,eu-west-1,GB-Month,39.6493,38.52
2024-07-10,AmazonEBS,ap-south-1,GB-Month,24.0163,20.31
2024-07-10,AmazonDynamoDB,us-east-1,RCU/WCU,49.9488,43.75
2024-07-10,AmazonDynamoDB,us-west-2,RCU/WCU,30.0815,30.83
2024-07-10,AmazonDynamoDB,eu-west-1,RCU/WCU,26.5799,25.3
2024-07-10,AmazonDynamoDB,ap-south-1,RCU/WCU,11.6436,9.95
2024-07-11,AmazonEC2,us-east-1,InstanceHours,425.662,395.93
2024-07-11,AmazonEC2,us-west-2,InstanceHours,247.83,227.56
2024-07-11,AmazonEC2,eu-west-1,InstanceHours,199.9709,217.42
2024-07-11,AmazonEC2,ap-south-1,InstanceHours,132.0546,139.96
2024-07-11,AmazonS3,us-east-1,GB-Month,86.77,98.12
2024-07-11,AmazonS3,us-west-2,GB-Month,58.5914,49.53
2024-07-11,AmazonS3,eu-west-1,GB-Month,49.1577,53.56
2024-07-11,AmazonS3,ap-south-1,GB-Month,28.5299,35.41
2024-07-11,AmazonRDS,us-east-1,InstanceHours,279.2082,254.71
2024-07-11,AmazonRDS,us-west-2,InstanceHours,164.8785,192.36
2024-07-11,AmazonRDS,eu-west-1,InstanceHours,140.3991,132.03
2024-07-11,AmazonRDS,ap-south-1,InstanceHours,83.9474,75.87
2024-07-11,AWSLambda,us-east-1,Requests(M),36.5238,43.72
2024-07-11,AWSLambda,us-west-2,Requests(M),23.1398,23.25
2024-07-11,AWSLambda,eu-west-1,Requests(M),17.5308,18.21
2024-07-11,AWSLambda,ap-south-1,Requests(M),10.0224,12.13
2024-07-11,AmazonCloudFront,us-east-1,GB-Transfer,57.0393,50.78
2024-07-11,AmazonCloudFront,us-west-2,GB-Transfer,35.6398,30.23
2024-07-11,AmazonCloudFront,eu-west-1,GB-Transfer,25.8372,31.1
2024-07-11,AmazonCloudFront,ap-south-1,GB-Transfer,18.5818,18.58
2024-07-11,AmazonEBS,us-east-1,GB-Month,80.1398,97.72
2024-07-11,AmazonEBS,us-west-2,GB-Month,49.1009,59.22
2024-07-11,AmazonEBS,eu-west-1,GB-Month,33.1675,37.14
2024-07-11,AmazonEBS,ap-south-1,GB-Month,21.444,23.5
2024-07-11,AmazonDynamoDB,us-east-1,RCU/WCU,54.1177,58.28
2024-07-11,AmazonDynamoDB,us-west-2,RCU/WCU,29.9778,30.26
2024-07-11,AmazonDynamoDB,eu-west-1,RCU/WCU,26.6649,22.38
2024-07-11,AmazonDynamoDB,ap-south-1,RCU/WCU,13.7156,13.17
2024-07-12,AmazonEC2,us-east-1,InstanceHours,472.7039,556.67
2024-07-12,AmazonEC2,us-west-2,InstanceHours,228.9984,198.19
2024-07-12,AmazonEC2,eu-west-1,InstanceHours,161.6613,156.29
2024-07-12,AmazonEC2,ap-south-1,InstanceHours,129.771,123.6
2024-07-12,AmazonS3,us-east-1,GB-Month,92.8822,103.57
2024-07-12,AmazonS3,us-west-2,GB-Month,52.6543,48.5
2024-07-12,AmazonS3,eu-west-1,GB-Month,47.4156,46.44
2024-07-12,AmazonS3,ap-south-1,GB-Month,28.5132,28.28
2024-07-12,AmazonRDS,us-east-1,InstanceHours,272.1847,299.58
2024-07-12,AmazonRDS,us-west-2,InstanceHours,151.8929,152.09
2024-07-12,AmazonRDS,eu-west-1,InstanceHours,124.6166,118.48
2024-07-12,AmazonRDS,ap-south-1,InstanceHours,76.5778,93.19
2024-07-12,AWSLambda,us-east-1,Requests(M),33.1877,41.48
2024-07-12,AWSLambda,us-west-2,Requests(M),23.2266,23.12
2024-07-12,AWSLambda,eu-west-1,Requests(M),17.2966,15.23
2024-07-12,AWSLambda,ap-south-1,Requests(M),10.7898,13.46
2024-07-12,AmazonCloudFront,us-east-1,GB-Transfer,64.9199,70.07
2024-07-12,AmazonCloudFront,us-west-2,GB-Transfer,34.0052,40.45
2024-07-12,AmazonCloudFront,eu-west-1,GB-Transfer,27.1715,23.9
2024-07-12,AmazonCloudFront,ap-south-1,GB-Transfer,17.0726,18.45
2024-07-12,AmazonEBS,us-east-1,GB-Month,77.724,79.84
2024-07-12,AmazonEBS,us-west-2,GB-Month,46.3824,39.85
2024-07-12,AmazonEBS,eu-west-1,GB-Month,39.2515,46.97
2024-07-12,AmazonEBS,ap-south-1,GB-Month,22.6489,21.07
2024-07-12,AmazonDynamoDB,us-east-1,RCU/WCU,40.8484,38.79
2024-07-12,AmazonDynamoDB,us-west-2,RCU/WCU,30.1229,27.85
2024-07-12,AmazonDynamoDB,eu-west-1,RCU/WCU,27.3348,23.04
2024-07-12,AmazonDynamoDB,ap-south-1,RCU/WCU,16.7306,15.15
2024-07-13,AmazonEC2,us-east-1,InstanceHours,364.925,396.99
2024-07-13,AmazonEC2,us-west-2,InstanceHours,220.8449,262.24
2024-07-13,AmazonEC2,eu-west-1,InstanceHours,190.1026,232.04
2024-07-13,AmazonEC2,ap-south-1,InstanceHours,119.1761,126.24
2024-07-13,AmazonS3,us-east-1,GB-Month,77.6508,79.8
2024-07-13,AmazonS3,us-west-2,GB-Month,48.8292,49.67
2024-07-13,AmazonS3,eu-west-1,GB-Month,37.1138,39.15
2024-07-13,AmazonS3,ap-south-1,GB-Month,21.0194,25.6
2024-07-13,AmazonRDS,us-east-1,InstanceHours,216.1814,191.5
2024-07-13,AmazonRDS,us-west-2,InstanceHours,150.2279,131.76
2024-07-13,AmazonRDS,eu-west-1,InstanceHours,117.7403,119.06
2024-07-13,AmazonRDS,ap-south-1,InstanceHours,61.1635,53.09
2024-07-13,AWSLambda,us-east-1,Requests(M),31.8159,30.5
2024-07-13,AWSLambda,us-west-2,Requests(M),16.5642,18.04
2024-07-13,AWSLambda,eu-west-1,Requests(M),15.5528,14.2
2024-07-13,AWSLambda,ap-south-1,Requests(M),8.4051,9.07
2024-07-13,AmazonCloudFront,us-east-1,GB-Transfer,46.8394,43.16
2024-07-13,AmazonCloudFront,us-west-2,GB-Transfer,35.1406,39.95
2024-07-13,AmazonCloudFront,eu-west-1,GB-Transfer,25.2021,26.61
2024-07-13,AmazonCloudFront,ap-south-1,GB-Transfer,16.2789,19.77
2024-07-13,AmazonEBS,us-east-1,GB-Month,64.9181,71.57
2024-07-13,AmazonEBS,us-west-2,GB-Month,35.7111,31.49
2024-07-13,AmazonEBS,eu-west-1,GB-Month,31.7615,31.85
2024-07-13,AmazonEBS,ap-south-1,GB-Month,17.8677,18.58
2024-07-13,AmazonDynamoDB,us-east-1,RCU/WCU,51.4634,64.01
2024-07-13,AmazonDynamoDB,us-west-2,RCU/WCU,27.5071,27.91
2024-07-13,AmazonDynamoDB,eu-west-1,RCU/WCU,21.6075,20.17
2024-07-13,AmazonDynamoDB,ap-south-1,RCU/WCU,13.5077,14.61
2024-07-14,AmazonEC2,us-east-1,InstanceHours,383.0928,379.86
2024-07-14,AmazonEC2,us-west-2,InstanceHours,229.9044,193.13
2024-07-14,AmazonEC2,eu-west-1,InstanceHours,190.9301,225.13
2024-07-14,AmazonEC2,ap-south-1,InstanceHours,113.8532,125.63
2024-07-14,AmazonS3,us-east-1,GB-Month,78.2802,83.34
2024-07-14,AmazonS3,us-west-2,GB-Month,52.3618,55.19
2024-07-14,AmazonS3,eu-west-1,GB-Month,39.3355,34.54
2024-07-14,AmazonS3,ap-south-1,GB-Month,23.3891,28.9
2024-07-14,AmazonRDS,us-east-1,InstanceHours,227.4257,204.49
2024-07-14,AmazonRDS,us-west-2,InstanceHours,137.2157,139.56
2024-07-14,AmazonRDS,eu-west-1,InstanceHours,97.7932,118.35
2024-07-14,AmazonRDS,ap-south-1,InstanceHours,62.8342,70.5
2024-07-14,AWSLambda,us-east-1,Requests(M),29.9468,27.25
2024-07-14,AWSLambda,us-west-2,Requests(M),15.7361,15.9
2024-07-14,AWSLambda,eu-west-1,Requests(M),15.1234,12.76
2024-07-14,AWSLambda,ap-south-1,Requests(M),9.2261,11.11
2024-07-14,AmazonCloudFront,us-east-1,GB-Transfer,46.5464,52.99
2024-07-14,AmazonCloudFront,us-west-2,GB-Transfer,29.5275,34.48
2024-07-14,AmazonCloudFront,eu-west-1,GB-Transfer,28.5363,27.67
2024-07-14,AmazonCloudFront,ap-south-1,GB-Transfer,16.2224,18.89
2024-07-14,AmazonEBS,us-east-1,GB-Month,67.2853,70.44
2024-07-14,AmazonEBS,us-west-2,GB-Month,42.3649,39.61
2024-07-14,AmazonEBS,eu-west-1,GB-Month,30.2544,25.93
2024-07-14,AmazonEBS,ap-south-1,GB-Month,17.4589,19.06
2024-07-14,AmazonDynamoDB,us-east-1,RCU/WCU,46.5448,42.97
2024-07-14,AmazonDynamoDB,us-west-2,RCU/WCU,25.7252,31.19
2024-07-14,AmazonDynamoDB,eu-west-1,RCU/WCU,20.1277,23.58
2024-07-14,AmazonDynamoDB,ap-south-1,RCU/WCU,15.1045,12.77
2024-07-15,AmazonEC2,us-east-1,InstanceHours,371.4723,371.38
2024-07-15,AmazonEC2,us-west-2,InstanceHours,259.5602,242.16
2024-07-15,AmazonEC2,eu-west-1,InstanceHours,209.9095,186.95
2024-07-15,AmazonEC2,ap-south-1,InstanceHours,124.2329,126.27
2024-07-15,AmazonS3,us-east-1,GB-Month,75.1857,91.96
2024-07-15,AmazonS3,us-west-2,GB-Month,61.5338,71.03
2024-07-15,AmazonS3,eu-west-1,GB-Month,40.4719,49.36
2024-07-15,AmazonS3,ap-south-1,GB-Month,26.8204,23.58
2024-07-15,AmazonRDS,us-east-1,InstanceHours,254.8378,215.19
2024-07-15,AmazonRDS,us-west-2,InstanceHours,165.7953,188.67
2024-07-15,AmazonRDS,eu-west-1,InstanceHours,115.0802,118.06
2024-07-15,AmazonRDS,ap-south-1,InstanceHours,82.0972,79.14
2024-07-15,AWSLambda,us-east-1,Requests(M),36.0641,30.24
2024-07-15,AWSLambda,us-west-2,Requests(M),20.1862,23.04
2024-07-15,AWSLambda,eu-west-1,Requests(M),18.3677,16.65
2024-07-15,AWSLambda,ap-south-1,Requests(M),10.6738,12.34
2024-07-15,AmazonCloudFront,us-east-1,GB-Transfer,69.6908,77.53
2024-07-15,AmazonCloudFront,us-west-2,GB-Transfer,35.982,34.07
2024-07-15,AmazonCloudFront,eu-west-1,GB-Transfer,28.1201,27.41
2024-07-15,AmazonCloudFront,ap-south-1,GB-Transfer,18.9605,17.1
2024-07-15,AmazonEBS,us-east-1,GB-Month,74.2185,92.36
2024-07-15,AmazonEBS,us-west-2,GB-Month,45.6724,48.44
2024-07-15,AmazonEBS,eu-west-1,GB-Month,34.255,36.89
2024-07-15,AmazonEBS,ap-south-1,GB-Month,23.9419,21.02
2024-07-15,AmazonDynamoDB,us-east-1,RCU/WCU,48.8416,50.28
2024-07-15,AmazonDynamoDB,us-west-2,RCU/WCU,31.0977,38.31
2024-07-15,AmazonDynamoDB,eu-west-1,RCU/WCU,29.6374,34.97
2024-07-15,AmazonDynamoDB,ap-south-1,RCU/WCU,14.9241,16.3
2024-07-16,AmazonEC2,us-east-1,InstanceHours,451.6799,377.25
2024-07-16,AmazonEC2,us-west-2,InstanceHours,252.0717,308.17
2024-07-16,AmazonEC2,eu-west-1,InstanceHours,202.0769,211.16
2024-07-16,AmazonEC2,ap-south-1,InstanceHours,141.4085,128.35
2024-07-16,AmazonS3,us-east-1,GB-Month,77.7093,69.69
2024-07-16,AmazonS3,us-west-2,GB-Month,59.2277,65.78
2024-07-16,AmazonS3,eu-west-1,GB-Month,38.4762,36.21
2024-07-16,AmazonS3,ap-south-1,GB-Month,29.3619,32.76
2024-07-16,AmazonRDS,us-east-1,InstanceHours,264.2013,297.41
2024-07-16,AmazonRDS,us-west-2,InstanceHours,146.2563,179.33
2024-07-16,AmazonRDS,eu-west-1,InstanceHours,127.6533,108.16
2024-07-16,AmazonRDS,ap-south-1,InstanceHours,83.5169,80.88
2024-07-16,AWSLambda,us-east-1,Requests(M),41.142,40.87
2024-07-16,AWSLambda,us-west-2,Requests(M),18.6477,16.9
2024-07-16,AWSLambda,eu-west-1,Requests(M),16.4853,14.24
2024-07-16,AWSLambda,ap-south-1,Requests(M),9.5233,8.08
2024-07-16,AmazonCloudFront,us-east-1,GB-Transfer,59.9786,53.93
2024-07-16,AmazonCloudFront,us-west-2,GB-Transfer,39.2342,39.61
2024-07-16,AmazonCloudFront,eu-west-1,GB-Transfer,26.9149,25.97
2024-07-16,AmazonCloudFront,ap-south-1,GB-Transfer,18.2523,20.87
2024-07-16,AmazonEBS,us-east-1,GB-Month,81.5261,92.35
2024-07-16,AmazonEBS,us-west-2,GB-Month,44.1375,53.28
2024-07-16,AmazonEBS,eu-west-1,GB-Month,30.1327,26.8
2024-07-16,AmazonEBS,ap-south-1,GB-Month,23.201,20.45
2024-07-16,AmazonDynamoDB,us-east-1,RCU/WCU,55.7673,50.31
2024-07-16,AmazonDynamoDB,us-west-2,RCU/WCU,27.8409,26.22
2024-07-16,AmazonDynamoDB,eu-west-1,RCU/WCU,21.7645,22.44
2024-07-16,AmazonDynamoDB,ap-south-1,RCU/WCU,15.6143,19.16
2024-07-17,AmazonEC2,us-east-1,InstanceHours,438.1572,547.69
2024-07-17,AmazonEC2,us-west-2,InstanceHours,245.8101,254.3
2024-07-17,AmazonEC2,eu-west-1,InstanceHours,201.6278,169.54
2024-07-17,AmazonEC2,ap-south-1,InstanceHours,128.2394,144.02
2024-07-17,AmazonS3,us-east-1,GB-Month,83.4044,93.49
2024-07-17,AmazonS3,us-west-2,GB-Month,50.0489,62.52
2024-07-17,AmazonS3,eu-west-1,GB-Month,48.1574,43.91
2024-07-17,AmazonS3,ap-south-1,GB-Month,24.8864,21.84
2024-07-17,AmazonRDS,us-east-1,InstanceHours,227.4648,244.55
2024-07-17,AmazonRDS,us-west-2,InstanceHours,149.7572,138.02
2024-07-17,AmazonRDS,eu-west-1,InstanceHours,127.0477,133.96
2024-07-17,AmazonRDS,ap-south-1,InstanceHours,82.0965,70.73
2024-07-17,AWSLambda,us-east-1,Requests(M),33.8269,32.64
2024-07-17,AWSLambda,us-west-2,Requests(M),23.7404,22.3
2024-07-17,AWSLambda,eu-west-1,Requests(M),17.8837,16.5
2024-07-17,AWSLambda,ap-south-1,Requests(M),9.9684,11.5
2024-07-17,AmazonCloudFront,us-east-1,GB-Transfer,62.9384,53.3
2024-07-17,AmazonCloudFront,us-west-2,GB-Transfer,40.6372,49.74
2024-07-17,AmazonCloudFront,eu-west-1,GB-Transfer,32.0345,34.87
2024-07-17,AmazonCloudFront,ap-south-1,GB-Transfer,16.0731,14.8
2024-07-17,AmazonEBS,us-east-1,GB-Month,73.7866,73.38
2024-07-17,AmazonEBS,us-west-2,GB-Month,46.5892,46.42
2024-07-17,AmazonEBS,eu-west-1,GB-Month,39.91,35.29
2024-07-17,AmazonEBS,ap-south-1,GB-Month,22.5028,20.86
2024-07-17,AmazonDynamoDB,us-east-1,RCU/WCU,49.4481,42.32
2024-07-17,AmazonDynamoDB,us-west-2,RCU/WCU,34.8231,32.31
2024-07-17,AmazonDynamoDB,eu-west-1,RCU/WCU,26.7268,29.38
2024-07-17,AmazonDynamoDB,ap-south-1,RCU/WCU,15.7385,14.02
2024-07-18,AmazonEC2,us-east-1,InstanceHours,407.2597,435.92
2024-07-18,AmazonEC2,us-west-2,InstanceHours,233.2682,195.79
2024-07-18,AmazonEC2,eu-west-1,InstanceHours,220.6444,202.27
2024-07-18,AmazonEC2,ap-south-1,InstanceHours,135.8595,132.57
2024-07-18,AmazonS3,us-east-1,GB-Month,91.3091,95.89
2024-07-18,AmazonS3,us-west-2,GB-Month,57.7423,66.74
2024-07-18,AmazonS3,eu-west-1,GB-Month,48.2165,50.56
2024-07-18,AmazonS3,ap-south-1,GB-Month,29.2666,36.13
2024-07-18,AmazonRDS,us-east-1,InstanceHours,231.8546,214.29
2024-07-18,AmazonRDS,us-west-2,InstanceHours,153.8174,136.5
2024-07-18,AmazonRDS,eu-west-1,InstanceHours,137.235,167.22
2024-07-18,AmazonRDS,ap-south-1,InstanceHours,79.4852,79.33
2024-07-18,AWSLambda,us-east-1,Requests(M),37.5111,43.03
2024-07-18,AWSLambda,us-west-2,Requests(M),22.0328,19.67
2024-07-18,AWSLambda,eu-west-1,Requests(M),14.7026,17.24
2024-07-18,AWSLambda,ap-south-1,Requests(M),11.5929,10.11
2024-07-18,AmazonCloudFront,us-east-1,GB-Transfer,58.5671,63.94
2024-07-18,AmazonCloudFront,us-west-2,GB-Transfer,34.0179,29.62
2024-07-18,AmazonCloudFront,eu-west-1,GB-Transfer,33.032,36.69
2024-07-18,AmazonCloudFront,ap-south-1,GB-Transfer,19.1718,18.26
2024-07-18,AmazonEBS,us-east-1,GB-Month,83.5057,71.84
2024-07-18,AmazonEBS,us-west-2,GB-Month,46.6296,57.93
2024-07-18,AmazonEBS,eu-west-1,GB-Month,36.9381,36.23
2024-07-18,AmazonEBS,ap-south-1,GB-Month,23.0995,25.24
2024-07-18,AmazonDynamoDB,us-east-1,RCU/WCU,46.5708,44.42
2024-07-18,AmazonDynamoDB,us-west-2,RCU/WCU,27.1549,29.09
2024-07-18,AmazonDynamoDB,eu-west-1,RCU/WCU,24.0976,29.13
2024-07-18,AmazonDynamoDB,ap-south-1,RCU/WCU,17.0931,15.35
2024-07-19,AmazonEC2,us-east-1,InstanceHours,408.027,379.85
2024-07-19,AmazonEC2,us-west-2,InstanceHours,220.8434,236.71
2024-07-19,AmazonEC2,eu-west-1,InstanceHours,210.4916,178.72
2024-07-19,AmazonEC2,ap-south-1,InstanceHours,122.2804,115.72
2024-07-19,AmazonS3,us-east-1,GB-Month,99.516,113.14
2024-07-19,AmazonS3,us-west-2,GB-Month,61.1614,63.23
2024-07-19,AmazonS3,eu-west-1,GB-Month,44.1642,48.47
2024-07-19,AmazonS3,ap-south-1,GB-Month,27.9756,30.72
2024-07-19,AmazonRDS,us-east-1,InstanceHours,271.158,327.88
2024-07-19,AmazonRDS,us-west-2,InstanceHours,157.7237,156.55
2024-07-19,AmazonRDS,eu-west-1,InstanceHours,129.5179,118.26
2024-07-19,AmazonRDS,ap-south-1,InstanceHours,73.3163,67.77
2024-07-19,AWSLambda,us-east-1,Requests(M),30.2781,31.57
2024-07-19,AWSLambda,us-west-2,Requests(M),19.73,21.78
2024-07-19,AWSLambda,eu-west-1,Requests(M),17.6439,19.44
2024-07-19,AWSLambda,ap-south-1,Requests(M),9.4215,10.3
2024-07-19,AmazonCloudFront,us-east-1,GB-Transfer,61.9098,59.45
2024-07-19,AmazonCloudFront,us-west-2,GB-Transfer,36.7427,44.23
2024-07-19,AmazonCloudFront,eu-west-1,GB-Transfer,29.1183,28.01
2024-07-19,AmazonCloudFront,ap-south-1,GB-Transfer,17.8729,17.03
2024-07-19,AmazonEBS,us-east-1,GB-Month,68.2106,84.62
2024-07-19,AmazonEBS,us-west-2,GB-Month,48.7068,41.07
2024-07-19,AmazonEBS,eu-west-1,GB-Month,40.5332,37.44
2024-07-19,AmazonEBS,ap-south-1,GB-Month,20.7396,19.87
2024-07-19,AmazonDynamoDB,us-east-1,RCU/WCU,46.1925,44.46
2024-07-19,AmazonDynamoDB,us-west-2,RCU/WCU,28.215,24.61
2024-07-19,AmazonDynamoDB,eu-west-1,RCU/WCU,26.4945,30.07
2024-07-19,AmazonDynamoDB,ap-south-1,RCU/WCU,15.6398,15.11
2024-07-20,AmazonEC2,us-east-1,InstanceHours,392.7151,407.69
2024-07-20,AmazonEC2,us-west-2,InstanceHours,237.7557,294.92
2024-07-20,AmazonEC2,eu-west-1,InstanceHours,158.9853,162.21
2024-07-20,AmazonEC2,ap-south-1,InstanceHours,113.1787,95.67
2024-07-20,AmazonS3,us-east-1,GB-Month,84.6318,96.68
2024-07-20,AmazonS3,us-west-2,GB-Month,45.3434,42.42
2024-07-20,AmazonS3,eu-west-1,GB-Month,38.7506,46.29
2024-07-20,AmazonS3,ap-south-1,GB-Month,22.9693,20.89
2024-07-20,AmazonRDS,us-east-1,InstanceHours,221.9557,245.67
2024-07-20,AmazonRDS,us-west-2,InstanceHours,143.4831,147.35
2024-07-20,AmazonRDS,eu-west-1,InstanceHours,127.8558,121.18
2024-07-20,AmazonRDS,ap-south-1,InstanceHours,74.7316,83.33
2024-07-20,AWSLambda,us-east-1,Requests(M),28.9812,32.94
2024-07-20,AWSLambda,us-west-2,Requests(M),18.4997,16.07
2024-07-20,AWSLambda,eu-west-1,Requests(M),14.1515,15.58
2024-07-20,AWSLambda,ap-south-1,Requests(M),8.5584,9.52
2024-07-20,AmazonCloudFront,us-east-1,GB-Transfer,51.4868,47.1
2024-07-20,AmazonCloudFront,us-west-2,GB-Transfer,29.2805,28.08
2024-07-20,AmazonCloudFront,eu-west-1,GB-Transfer,24.6814,20.91
2024-07-20,AmazonCloudFront,ap-south-1,GB-Transfer,15.8269,13.94
2024-07-20,AmazonEBS,us-east-1,GB-Month,67.2929,57.36
2024-07-20,AmazonEBS,us-west-2,GB-Month,40.2897,39.59
2024-07-20,AmazonEBS,eu-west-1,GB-Month,33.6013,30.63
2024-07-20,AmazonEBS,ap-south-1,GB-Month,17.4898,15.97
2024-07-20,AmazonDynamoDB,us-east-1,RCU/WCU,40.5034,42.71
2024-07-20,AmazonDynamoDB,us-west-2,RCU/WCU,25.9611,22.22
2024-07-20,AmazonDynamoDB,eu-west-1,RCU/WCU,23.4202,25.81
2024-07-20,AmazonDynamoDB,ap-south-1,RCU/WCU,15.3886,16.24
2024-07-21,AmazonEC2,us-east-1,InstanceHours,371.1622,332.89
2024-07-21,AmazonEC2,us-west-2,InstanceHours,229.9632,234.24
2024-07-21,AmazonEC2,eu-west-1,InstanceHours,161.7755,149.49
2024-07-21,AmazonEC2,ap-south-1,InstanceHours,114.7325,118.15
2024-07-21,AmazonS3,us-east-1,GB-Month,90.0246,76.65
2024-07-21,AmazonS3,us-west-2,GB-Month,43.7311,52.97
2024-07-21,AmazonS3,eu-west-1,GB-Month,37.1169,37.97
2024-07-21,AmazonS3,ap-south-1,GB-Month,24.8961,30.78
2024-07-21,AmazonRDS,us-east-1,InstanceHours,224.7706,273.29
2024-07-21,AmazonRDS,us-west-2,InstanceHours,113.9196,114.33
2024-07-21,AmazonRDS,eu-west-1,InstanceHours,107.7329,101.44
2024-07-21,AmazonRDS,ap-south-1,InstanceHours,75.0664,83.03
2024-07-21,AWSLambda,us-east-1,Requests(M),29.5224,35.65
2024-07-21,AWSLambda,us-west-2,Requests(M),17.7123,20.26
2024-07-21,AWSLambda,eu-west-1,Requests(M),16.0528,14.26
2024-07-21,AWSLambda,ap-south-1,Requests(M),9.3053,8.66
2024-07-21,AmazonCloudFront,us-east-1,GB-Transfer,50.393,54.54
2024-07-21,AmazonCloudFront,us-west-2,GB-Transfer,29.5378,32.82
2024-07-21,AmazonCloudFront,eu-west-1,GB-Transfer,31.9889,33.93
2024-07-21,AmazonCloudFront,ap-south-1,GB-Transfer,17.0758,18.14
2024-07-21,AmazonEBS,us-east-1,GB-Month,67.2006,72.8
2024-07-21,AmazonEBS,us-west-2,GB-Month,40.5235,34.77
2024-07-21,AmazonEBS,eu-west-1,GB-Month,32.0284,34.01
2024-07-21,AmazonEBS,ap-south-1,GB-Month,19.9211,19.88
2024-07-21,AmazonDynamoDB,us-east-1,RCU/WCU,42.3445,41.46
2024-07-21,AmazonDynamoDB,us-west-2,RCU/WCU,24.1196,24.09
2024-07-21,AmazonDynamoDB,eu-west-1,RCU/WCU,22.2028,20.74
2024-07-21,AmazonDynamoDB,ap-south-1,RCU/WCU,12.6167,11.11
2024-07-22,AmazonEC2,us-east-1,InstanceHours,440.6269,451.61
2024-07-22,AmazonEC2,us-west-2,InstanceHours,268.1976,256.84
2024-07-22,AmazonEC2,eu-west-1,InstanceHours,221.2264,253.79
2024-07-22,AmazonEC2,ap-south-1,InstanceHours,118.412,109.89
2024-07-22,AmazonS3,us-east-1,GB-Month,88.2999,101.95
2024-07-22,AmazonS3,us-west-2,GB-Month,53.5161,66.83
2024-07-22,AmazonS3,eu-west-1,GB-Month,49.2406,48.95
2024-07-22,AmazonS3,ap-south-1,GB-Month,29.4186,34.03
2024-07-22,AmazonRDS,us-east-1,InstanceHours,248.9194,295.58
2024-07-22,AmazonRDS,us-west-2,InstanceHours,142.3983,160.19
2024-07-22,AmazonRDS,eu-west-1,InstanceHours,157.5664,175.44
2024-07-22,AmazonRDS,ap-south-1,InstanceHours,81.9122,99.52
2024-07-22,AWSLambda,us-east-1,Requests(M),31.6098,35.6
2024-07-22,AWSLambda,us-west-2,Requests(M),20.3519,17.19
2024-07-22,AWSLambda,eu-west-1,Requests(M),19.2139,19.88
2024-07-22,AWSLambda,ap-south-1,Requests(M),12.4381,12.8
2024-07-22,AmazonCloudFront,us-east-1,GB-Transfer,70.0153,64.78
2024-07-22,AmazonCloudFront,us-west-2,GB-Transfer,37.6789,43.38
2024-07-22,AmazonCloudFront,eu-west-1,GB-Transfer,24.0293,20.93
2024-07-22,AmazonCloudFront,ap-south-1,GB-Transfer,18.2749,17.36
2024-07-22,AmazonEBS,us-east-1,GB-Month,69.9504,67.11
2024-07-22,AmazonEBS,us-west-2,GB-Month,45.9881,54.3
2024-07-22,AmazonEBS,eu-west-1,GB-Month,35.3362,32.82
2024-07-22,AmazonEBS,ap-south-1,GB-Month,22.0919,25.03
2024-07-22,AmazonDynamoDB,us-east-1,RCU/WCU,54.2353,61.51
2024-07-22,AmazonDynamoDB,us-west-2,RCU/WCU,29.8785,29.79
2024-07-22,AmazonDynamoDB,eu-west-1,RCU/WCU,24.7667,22.17
2024-07-22,AmazonDynamoDB,ap-south-1,RCU/WCU,15.1639,18.32
2024-07-23,AmazonEC2,us-east-1,InstanceHours,515.6795,490.48
2024-07-23,AmazonEC2,us-west-2,InstanceHours,233.0265,216.68
2024-07-23,AmazonEC2,eu-west-1,InstanceHours,217.9354,192.11
2024-07-23,AmazonEC2,ap-south-1,InstanceHours,145.8828,129.27
2024-07-23,AmazonS3,us-east-1,GB-Month,90.9618,97.45
2024-07-23,AmazonS3,us-west-2,GB-Month,60.1751,53.89
2024-07-23,AmazonS3,eu-west-1,GB-Month,40.8545,35.77
2024-07-23,AmazonS3,ap-south-1,GB-Month,26.96,23.38
2024-07-23,AmazonRDS,us-east-1,InstanceHours,247.0096,258.61
2024-07-23,AmazonRDS,us-west-2,InstanceHours,157.5353,140.48
2024-07-23,AmazonRDS,eu-west-1,InstanceHours,131.498,159.05
2024-07-23,AmazonRDS,ap-south-1,InstanceHours,79.5375,69.11
2024-07-23,AWSLambda,us-east-1,Requests(M),37.9362,31.95
2024-07-23,AWSLambda,us-west-2,Requests(M),17.4836,21.15
2024-07-23,AWSLambda,eu-west-1,Requests(M),16.9004,17.79
2024-07-23,AWSLambda,ap-south-1,Requests(M),10.8376,9.66
2024-07-23,AmazonCloudFront,us-east-1,GB-Transfer,51.7574,58.28
2024-07-23,AmazonCloudFront,us-west-2,GB-Transfer,38.3515,40.79
2024-07-23,AmazonCloudFront,eu-west-1,GB-Transfer,28.9291,30.52
2024-07-23,AmazonCloudFront,ap-south-1,GB-Transfer,18.0003,18.26
2024-07-23,AmazonEBS,us-east-1,GB-Month,81.5881,75.3
2024-07-23,AmazonEBS,us-west-2,GB-Month,50.3334,62.65
2024-07-23,AmazonEBS,eu-west-1,GB-Month,40.0464,40.3
2024-07-23,AmazonEBS,ap-south-1,GB-Month,20.7589,25.88
2024-07-23,AmazonDynamoDB,us-east-1,RCU/WCU,53.1811,52.17
2024-07-23,AmazonDynamoDB,us-west-2,RCU/WCU,32.0781,38.81
2024-07-23,AmazonDynamoDB,eu-west-1,RCU/WCU,26.3033,23.64
2024-07-23,AmazonDynamoDB,ap-south-1,RCU/WCU,16.9982,15.44
2024-07-24,AmazonEC2,us-east-1,InstanceHours,429.1588,501.28
2024-07-24,AmazonEC2,us-west-2,InstanceHours,284.6414,266.4
2024-07-24,AmazonEC2,eu-west-1,InstanceHours,237.0803,273.15
2024-07-24,AmazonEC2,ap-south-1,InstanceHours,135.0304,153.79
2024-07-24,AmazonS3,us-east-1,GB-Month,93.5174,80.39
2024-07-24,AmazonS3,us-west-2,GB-Month,56.841,51.51
2024-07-24,AmazonS3,eu-west-1,GB-Month,51.8866,44.9
2024-07-24,AmazonS3,ap-south-1,GB-Month,29.7543,28.84
2024-07-24,AmazonRDS,us-east-1,InstanceHours,242.1014,244.65
2024-07-24,AmazonRDS,us-west-2,InstanceHours,163.3806,150.37
2024-07-24,AmazonRDS,eu-west-1,InstanceHours,123.0024,132.9
2024-07-24,AmazonRDS,ap-south-1,InstanceHours,75.0399,83.69
2024-07-24,AWSLambda,us-east-1,Requests(M),34.472,29.64
2024-07-24,AWSLambda,us-west-2,Requests(M),18.9182,18.86
2024-07-24,AWSLambda,eu-west-1,Requests(M),16.4726,14.59
2024-07-24,AWSLambda,ap-south-1,Requests(M),11.9528,11.24
2024-07-24,AmazonCloudFront,us-east-1,GB-Transfer,57.695,53.57
2024-07-24,AmazonCloudFront,us-west-2,GB-Transfer,39.0379,43.11
2024-07-24,AmazonCloudFront,eu-west-1,GB-Transfer,30.8686,33.2
2024-07-24,AmazonCloudFront,ap-south-1,GB-Transfer,19.0786,21.02
2024-07-24,AmazonEBS,us-east-1,GB-Month,79.7621,89.87
2024-07-24,AmazonEBS,us-west-2,GB-Month,42.2097,40.66
2024-07-24,AmazonEBS,eu-west-1,GB-Month,40.6452,36.1
2024-07-24,AmazonEBS,ap-south-1,GB-Month,20.5857,18.53
2024-07-24,AmazonDynamoDB,us-east-1,RCU/WCU,47.9211,57.37
2024-07-24,AmazonDynamoDB,us-west-2,RCU/WCU,31.8678,29.52
2024-07-24,AmazonDynamoDB,eu-west-1,RCU/WCU,23.3276,28.71
2024-07-24,AmazonDynamoDB,ap-south-1,RCU/WCU,12.8345,14.2
2024-07-25,AmazonEC2,us-east-1,InstanceHours,438.2245,537.31
2024-07-25,AmazonEC2,us-west-2,InstanceHours,223.7604,209.76
2024-07-25,AmazonEC2,eu-west-1,InstanceHours,224.7307,194.53
2024-07-25,AmazonEC2,ap-south-1,InstanceHours,124.7997,134.18
2024-07-25,AmazonS3,us-east-1,GB-Month,93.7986,104.27
2024-07-25,AmazonS3,us-west-2,GB-Month,56.1963,54.52
2024-07-25,AmazonS3,eu-west-1,GB-Month,48.4403,42.37
2024-07-25,AmazonS3,ap-south-1,GB-Month,28.7478,23.98
2024-07-25,AmazonRDS,us-east-1,InstanceHours,242.4358,299.68
2024-07-25,AmazonRDS,us-west-2,InstanceHours,155.2482,164.43
2024-07-25,AmazonRDS,eu-west-1,InstanceHours,135.4742,146.44
2024-07-25,AmazonRDS,ap-south-1,InstanceHours,88.2357,83.11
2024-07-25,AWSLambda,us-east-1,Requests(M),37.2929,33.75
2024-07-25,AWSLambda,us-west-2,Requests(M),23.5811,28.91
2024-07-25,AWSLambda,eu-west-1,Requests(M),18.3122,17.86
2024-07-25,AWSLambda,ap-south-1,Requests(M),11.5877,11.04
2024-07-25,AmazonCloudFront,us-east-1,GB-Transfer,62.1146,60.17
2024-07-25,AmazonCloudFront,us-west-2,GB-Transfer,39.595,33.1
2024-07-25,AmazonCloudFront,eu-west-1,GB-Transfer,29.594,27.33
2024-07-25,AmazonCloudFront,ap-south-1,GB-Transfer,20.5551,21.51
2024-07-25,AmazonEBS,us-east-1,GB-Month,79.1692,67.59
2024-07-25,AmazonEBS,us-west-2,GB-Month,40.5619,34.62
2024-07-25,AmazonEBS,eu-west-1,GB-Month,39.182,44.29
2024-07-25,AmazonEBS,ap-south-1,GB-Month,19.0008,15.86
2024-07-25,AmazonDynamoDB,us-east-1,RCU/WCU,53.2896,51.38
2024-07-25,AmazonDynamoDB,us-west-2,RCU/WCU,32.6064,39.7
2024-07-25,AmazonDynamoDB,eu-west-1,RCU/WCU,29.3419,27.4
2024-07-25,AmazonDynamoDB,ap-south-1,RCU/WCU,14.609,15.39
2024-07-26,AmazonEC2,us-east-1,InstanceHours,493.2321,457.18
2024-07-26,AmazonEC2,us-west-2,InstanceHours,255.8556,241.5
2024-07-26,AmazonEC2,eu-west-1,InstanceHours,200.4892,190.15
2024-07-26,AmazonEC2,ap-south-1,InstanceHours,122.9247,118.23
2024-07-26,AmazonS3,us-east-1,GB-Month,95.4635,97.21
2024-07-26,AmazonS3,us-west-2,GB-Month,50.9522,47.75
2024-07-26,AmazonS3,eu-west-1,GB-Month,44.4504,55.04
2024-07-26,AmazonS3,ap-south-1,GB-Month,28.1555,25.33
2024-07-26,AmazonRDS,us-east-1,InstanceHours,296.7114,261.36
2024-07-26,AmazonRDS,us-west-2,InstanceHours,169.1575,150.88
2024-07-26,AmazonRDS,eu-west-1,InstanceHours,132.4093,133.02
2024-07-26,AmazonRDS,ap-south-1,InstanceHours,82.705,86.08
2024-07-26,AWSLambda,us-east-1,Requests(M),36.2108,39.76
2024-07-26,AWSLambda,us-west-2,Requests(M),19.3523,16.56
2024-07-26,AWSLambda,eu-west-1,Requests(M),20.257,21.5
2024-07-26,AWSLambda,ap-south-1,Requests(M),11.9987,14.62
2024-07-26,AmazonCloudFront,us-east-1,GB-Transfer,60.5397,72.6
2024-07-26,AmazonCloudFront,us-west-2,GB-Transfer,35.2197,33.78
2024-07-26,AmazonCloudFront,eu-west-1,GB-Transfer,27.6958,24.18
2024-07-26,AmazonCloudFront,ap-south-1,GB-Transfer,19.1802,16.61
2024-07-26,AmazonEBS,us-east-1,GB-Month,79.9588,87.42
2024-07-26,AmazonEBS,us-west-2,GB-Month,42.736,38.12
2024-07-26,AmazonEBS,eu-west-1,GB-Month,38.8334,32.65
2024-07-26,AmazonEBS,ap-south-1,GB-Month,24.3363,24.68
2024-07-26,AmazonDynamoDB,us-east-1,RCU/WCU,48.6533,40.88
2024-07-26,AmazonDynamoDB,us-west-2,RCU/WCU,29.9714,26.6
2024-07-26,AmazonDynamoDB,eu-west-1,RCU/WCU,24.9571,30.13
2024-07-26,AmazonDynamoDB,ap-south-1,RCU/WCU,14.3157,16.19
2024-07-27,AmazonEC2,us-east-1,InstanceHours,357.2306,393.68
2024-07-27,AmazonEC2,us-west-2,InstanceHours,190.4778,226.65
2024-07-27,AmazonEC2,eu-west-1,InstanceHours,177.4644,149.23
2024-07-27,AmazonEC2,ap-south-1,InstanceHours,106.6063,96.59
2024-07-27,AmazonS3,us-east-1,GB-Month,77.2638,84.78
2024-07-27,AmazonS3,us-west-2,GB-Month,48.3754,43.22
2024-07-27,AmazonS3,eu-west-1,GB-Month,35.0867,39.29
2024-07-27,AmazonS3,ap-south-1,GB-Month,21.3524,25.07
2024-07-27,AmazonRDS,us-east-1,InstanceHours,210.4973,196.8
2024-07-27,AmazonRDS,us-west-2,InstanceHours,120.6336,146.22
2024-07-27,AmazonRDS,eu-west-1,InstanceHours,117.4965,136.82
2024-07-27,AmazonRDS,ap-south-1,InstanceHours,64.2936,68.61
2024-07-27,AWSLambda,us-east-1,Requests(M),30.1203,32.71
2024-07-27,AWSLambda,us-west-2,Requests(M),16.888,16.47
2024-07-27,AWSLambda,eu-west-1,Requests(M),14.6637,14.21
2024-07-27,AWSLambda,ap-south-1,Requests(M),9.2771,9.26
2024-07-27,AmazonCloudFront,us-east-1,GB-Transfer,53.2136,58.51
2024-07-27,AmazonCloudFront,us-west-2,GB-Transfer,28.5642,28.7
2024-07-27,AmazonCloudFront,eu-west-1,GB-Transfer,25.7156,27.87
2024-07-27,AmazonCloudFront,ap-south-1,GB-Transfer,14.4945,12.84
2024-07-27,AmazonEBS,us-east-1,GB-Month,64.1018,65.19
2024-07-27,AmazonEBS,us-west-2,GB-Month,36.8498,33.81
2024-07-27,AmazonEBS,eu-west-1,GB-Month,37.0962,33.4
2024-07-27,AmazonEBS,ap-south-1,GB-Month,20.6762,18.06
2024-07-27,AmazonDynamoDB,us-east-1,RCU/WCU,44.4965,39.17
2024-07-27,AmazonDynamoDB,us-west-2,RCU/WCU,21.8911,18.31
2024-07-27,AmazonDynamoDB,eu-west-1,RCU/WCU,21.0875,24.02
2024-07-27,AmazonDynamoDB,ap-south-1,RCU/WCU,13.8162,13.88
2024-07-28,AmazonEC2,us-east-1,InstanceHours,360.8359,363.28
2024-07-28,AmazonEC2,us-west-2,InstanceHours,247.0526,217.61
2024-07-28,AmazonEC2,eu-west-1,InstanceHours,194.968,202.52
2024-07-28,AmazonEC2,ap-south-1,InstanceHours,105.5192,113.3
2024-07-28,AmazonS3,us-east-1,GB-Month,87.3559,102.72
2024-07-28,AmazonS3,us-west-2,GB-Month,45.5673,51.87
2024-07-28,AmazonS3,eu-west-1,GB-Month,44.7378,44.92
2024-07-28,AmazonS3,ap-south-1,GB-Month,26.3243,24.88
2024-07-28,AmazonRDS,us-east-1,InstanceHours,229.62,241.99
2024-07-28,AmazonRDS,us-west-2,InstanceHours,118.2591,111.08
2024-07-28,AmazonRDS,eu-west-1,InstanceHours,114.1025,130.54
2024-07-28,AmazonRDS,ap-south-1,InstanceHours,61.3871,67.35
2024-07-28,AWSLambda,us-east-1,Requests(M),28.7278,25.42
2024-07-28,AWSLambda,us-west-2,Requests(M),17.3363,18.96
2024-07-28,AWSLambda,eu-west-1,Requests(M),13.7636,14.49
2024-07-28,AWSLambda,ap-south-1,Requests(M),9.2187,8.24
2024-07-28,AmazonCloudFront,us-east-1,GB-Transfer,48.792,47.71
2024-07-28,AmazonCloudFront,us-west-2,GB-Transfer,30.4862,26.79
2024-07-28,AmazonCloudFront,eu-west-1,GB-Transfer,24.7826,23.18
2024-07-28,AmazonCloudFront,ap-south-1,GB-Transfer,16.1306,18.16
2024-07-28,AmazonEBS,us-east-1,GB-Month,66.8214,74.26
2024-07-28,AmazonEBS,us-west-2,GB-Month,37.8677,41.83
2024-07-28,AmazonEBS,eu-west-1,GB-Month,33.7374,30.67
2024-07-28,AmazonEBS,ap-south-1,GB-Month,21.3204,24.77
2024-07-28,AmazonDynamoDB,us-east-1,RCU/WCU,35.9352,42.91
2024-07-28,AmazonDynamoDB,us-west-2,RCU/WCU,24.672,24.81
2024-07-28,AmazonDynamoDB,eu-west-1,RCU/WCU,19.9528,22.29
2024-07-28,AmazonDynamoDB,ap-south-1,RCU/WCU,12.2499,10.53
2024-07-29,AmazonEC2,us-east-1,InstanceHours,349.9674,316.93
2024-07-29,AmazonEC2,us-west-2,InstanceHours,212.3854,246.44
2024-07-29,AmazonEC2,eu-west-1,InstanceHours,166.2995,160.09
2024-07-29,AmazonEC2,ap-south-1,InstanceHours,122.7772,102.33
2024-07-29,AmazonS3,us-east-1,GB-Month,87.5042,77.37
2024-07-29,AmazonS3,us-west-2,GB-Month,60.8976,70.14
2024-07-29,AmazonS3,eu-west-1,GB-Month,46.1912,44.16
2024-07-29,AmazonS3,ap-south-1,GB-Month,22.7339,19.53
2024-07-29,AmazonRDS,us-east-1,InstanceHours,274.6306,334.88
2024-07-29,AmazonRDS,us-west-2,InstanceHours,208.0744,255.63
2024-07-29,AmazonRDS,eu-west-1,InstanceHours,109.9501,96.82
2024-07-29,AmazonRDS,ap-south-1,InstanceHours,90.0935,104.24
2024-07-29,AWSLambda,us-east-1,Requests(M),35.3957,39.55
2024-07-29,AWSLambda,us-west-2,Requests(M),20.5916,25.12
2024-07-29,AWSLambda,eu-west-1,Requests(M),16.9528,16.25
2024-07-29,AWSLambda,ap-south-1,Requests(M),10.9384,11.99
2024-07-29,AmazonCloudFront,us-east-1,GB-Transfer,58.8723,52.54
2024-07-29,AmazonCloudFront,us-west-2,GB-Transfer,33.2366,34.74
2024-07-29,AmazonCloudFront,eu-west-1,GB-Transfer,29.1459,26.28
2024-07-29,AmazonCloudFront,ap-south-1,GB-Transfer,18.7939,21.0
2024-07-29,AmazonEBS,us-east-1,GB-Month,80.2997,68.54
2024-07-29,AmazonEBS,us-west-2,GB-Month,52.4298,54.9
2024-07-29,AmazonEBS,eu-west-1,GB-Month,38.3611,34.56
2024-07-29,AmazonEBS,ap-south-1,GB-Month,25.2051,28.2
2024-07-29,AmazonDynamoDB,us-east-1,RCU/WCU,49.9595,42.17
2024-07-29,AmazonDynamoDB,us-west-2,RCU/WCU,30.2936,28.39
2024-07-29,AmazonDynamoDB,eu-west-1,RCU/WCU,25.1391,24.07
2024-07-29,AmazonDynamoDB,ap-south-1,RCU/WCU,15.4865,14.45
2024-07-30,AmazonEC2,us-east-1,InstanceHours,455.9416,386.76
2024-07-30,AmazonEC2,us-west-2,InstanceHours,246.4586,213.58
2024-07-30,AmazonEC2,eu-west-1,InstanceHours,197.9867,216.94
2024-07-30,AmazonEC2,ap-south-1,InstanceHours,137.6639,116.14
2024-07-30,AmazonS3,us-east-1,GB-Month,97.7521,81.73
2024-07-30,AmazonS3,us-west-2,GB-Month,61.2674,66.25
2024-07-30,AmazonS3,eu-west-1,GB-Month,43.4681,44.49
2024-07-30,AmazonS3,ap-south-1,GB-Month,26.9017,29.74
2024-07-30,AmazonRDS,us-east-1,InstanceHours,284.9396,242.67
2024-07-30,AmazonRDS,us-west-2,InstanceHours,152.4308,174.35
2024-07-30,AmazonRDS,eu-west-1,InstanceHours,138.7109,168.19
2024-07-30,AmazonRDS,ap-south-1,InstanceHours,77.9634,93.15
2024-07-30,AWSLambda,us-east-1,Requests(M),36.446,42.37
2024-07-30,AWSLambda,us-west-2,Requests(M),19.358,16.31
2024-07-30,AWSLambda,eu-west-1,Requests(M),17.8836,19.9
2024-07-30,AWSLambda,ap-south-1,Requests(M),8.1073,8.2
2024-07-30,AmazonCloudFront,us-east-1,GB-Transfer,66.7756,60.62
2024-07-30,AmazonCloudFront,us-west-2,GB-Transfer,38.8125,37.64
2024-07-30,AmazonCloudFront,eu-west-1,GB-Transfer,28.1384,29.28
2024-07-30,AmazonCloudFront,ap-south-1,GB-Transfer,20.8239,18.05
2024-07-30,AmazonEBS,us-east-1,GB-Month,83.0409,91.39
2024-07-30,AmazonEBS,us-west-2,GB-Month,41.6326,47.51
2024-07-30,AmazonEBS,eu-west-1,GB-Month,36.4518,37.5
2024-07-30,AmazonEBS,ap-south-1,GB-Month,20.9072,18.46
2024-07-30,AmazonDynamoDB,us-east-1,RCU/WCU,52.1812,51.53
2024-07-30,AmazonDynamoDB,us-west-2,RCU/WCU,29.0606,31.75
2024-07-30,AmazonDynamoDB,eu-west-1,RCU/WCU,21.4931,20.7
2024-07-30,AmazonDynamoDB,ap-south-1,RCU/WCU,15.1414,15.55
2024-07-31,AmazonEC2,us-east-1,InstanceHours,457.3811,487.83
2024-07-31,AmazonEC2,us-west-2,InstanceHours,257.944,235.95
2024-07-31,AmazonEC2,eu-west-1,InstanceHours,222.4174,197.11
2024-07-31,AmazonEC2,ap-south-1,InstanceHours,129.9343,126.56
2024-07-31,AmazonS3,us-east-1,GB-Month,96.7031,100.75
2024-07-31,AmazonS3,us-west-2,GB-Month,56.076,60.25
2024-07-31,AmazonS3,eu-west-1,GB-Month,45.2266,43.88
2024-07-31,AmazonS3,ap-south-1,GB-Month,27.6097,28.01
2024-07-31,AmazonRDS,us-east-1,InstanceHours,295.9141,363.99
2024-07-31,AmazonRDS,us-west-2,InstanceHours,165.9672,156.06
2024-07-31,AmazonRDS,eu-west-1,InstanceHours,121.9015,140.28
2024-07-31,AmazonRDS,ap-south-1,InstanceHours,79.6607,77.55
2024-07-31,AWSLambda,us-east-1,Requests(M),36.4747,32.35
2024-07-31,AWSLambda,us-west-2,Requests(M),21.0503,17.64
2024-07-31,AWSLambda,eu-west-1,Requests(M),15.0515,18.35
2024-07-31,AWSLambda,ap-south-1,Requests(M),9.9239,12.09
2024-07-31,AmazonCloudFront,us-east-1,GB-Transfer,58.8849,66.12
2024-07-31,AmazonCloudFront,us-west-2,GB-Transfer,42.0581,40.22
2024-07-31,AmazonCloudFront,eu-west-1,GB-Transfer,31.634,33.52
2024-07-31,AmazonCloudFront,ap-south-1,GB-Transfer,16.0085,14.17
2024-07-31,AmazonEBS,us-east-1,GB-Month,75.5548,80.35
2024-07-31,AmazonEBS,us-west-2,GB-Month,50.5195,53.46
2024-07-31,AmazonEBS,eu-west-1,GB-Month,36.2854,41.06
2024-07-31,AmazonEBS,ap-south-1,GB-Month,24.7346,29.66
2024-07-31,AmazonDynamoDB,us-east-1,RCU/WCU,44.5815,39.23
2024-07-31,AmazonDynamoDB,us-west-2,RCU/WCU,23.5509,26.51
2024-07-31,AmazonDynamoDB,eu-west-1,RCU/WCU,27.8115,24.62
2024-07-31,AmazonDynamoDB,ap-south-1,RCU/WCU,14.6609,15.37
2024-08-01,AmazonEC2,us-east-1,InstanceHours,367.892,313.63
2024-08-01,AmazonEC2,us-west-2,InstanceHours,251.4924,296.76
2024-08-01,AmazonEC2,eu-west-1,InstanceHours,219.5951,216.86
2024-08-01,AmazonEC2,ap-south-1,InstanceHours,134.444,165.35
2024-08-01,AmazonS3,us-east-1,GB-Month,74.2466,85.89
2024-08-01,AmazonS3,us-west-2,GB-Month,52.6911,49.59
2024-08-01,AmazonS3,eu-west-1,GB-Month,46.5687,42.88
2024-08-01,AmazonS3,ap-south-1,GB-Month,28.8042,34.81
2024-08-01,AmazonRDS,us-east-1,InstanceHours,247.1744,236.5
2024-08-01,AmazonRDS,us-west-2,InstanceHours,158.0241,134.44
2024-08-01,AmazonRDS,eu-west-1,InstanceHours,127.6171,135.49
2024-08-01,AmazonRDS,ap-south-1,InstanceHours,81.7811,80.16
2024-08-01,AWSLambda,us-east-1,Requests(M),39.3928,34.99
2024-08-01,AWSLambda,us-west-2,Requests(M),21.0481,20.15
2024-08-01,AWSLambda,eu-west-1,Requests(M),16.047,19.05
2024-08-01,AWSLambda,ap-south-1,Requests(M),10.2012,10.83
2024-08-01,AmazonCloudFront,us-east-1,GB-Transfer,70.3775,66.19
2024-08-01,AmazonCloudFront,us-west-2,GB-Transfer,34.5385,41.71
2024-08-01,AmazonCloudFront,eu-west-1,GB-Transfer,27.9283,32.37
2024-08-01,AmazonCloudFront,ap-south-1,GB-Transfer,17.9531,15.87
2024-08-01,AmazonEBS,us-east-1,GB-Month,76.6729,88.41
2024-08-01,AmazonEBS,us-west-2,GB-Month,44.3872,38.54
2024-08-01,AmazonEBS,eu-west-1,GB-Month,33.9453,33.91
2024-08-01,AmazonEBS,ap-south-1,GB-Month,23.7712,21.76
2024-08-01,AmazonDynamoDB,us-east-1,RCU/WCU,52.4281,49.84
2024-08-01,AmazonDynamoDB,us-west-2,RCU/WCU,32.6124,33.93
2024-08-01,AmazonDynamoDB,eu-west-1,RCU/WCU,26.1668,24.43
2024-08-01,AmazonDynamoDB,ap-south-1,RCU/WCU,17.467,17.98
2024-08-02,AmazonEC2,us-east-1,InstanceHours,459.4266,535.1
2024-08-02,AmazonEC2,us-west-2,InstanceHours,271.0438,239.19
2024-08-02,AmazonEC2,eu-west-1,InstanceHours,237.074,243.77
2024-08-02,AmazonEC2,ap-south-1,InstanceHours,131.2373,137.91
2024-08-02,AmazonS3,us-east-1,GB-Month,91.3218,80.27
2024-08-02,AmazonS3,us-west-2,GB-Month,56.9994,57.37
2024-08-02,AmazonS3,eu-west-1,GB-Month,39.1153,38.0
2024-08-02,AmazonS3,ap-south-1,GB-Month,28.1295,30.24
2024-08-02,AmazonRDS,us-east-1,InstanceHours,265.7763,243.53
2024-08-02,AmazonRDS,us-west-2,InstanceHours,166.0738,176.99
2024-08-02,AmazonRDS,eu-west-1,InstanceHours,145.059,123.07
2024-08-02,AmazonRDS,ap-south-1,InstanceHours,84.0906,87.59
2024-08-02,AWSLambda,us-east-1,Requests(M),34.0113,28.43
2024-08-02,AWSLambda,us-west-2,Requests(M),23.1105,28.52
2024-08-02,AWSLambda,eu-west-1,Requests(M),20.4036,18.98
2024-08-02,AWSLambda,ap-south-1,Requests(M),11.7413,13.84
2024-08-02,AmazonCloudFront,us-east-1,GB-Transfer,55.4067,60.04
2024-08-02,AmazonCloudFront,us-west-2,GB-Transfer,38.7779,38.07
2024-08-02,AmazonCloudFront,eu-west-1,GB-Transfer,28.0281,32.28
2024-08-02,AmazonCloudFront,ap-south-1,GB-Transfer,18.12,18.73
2024-08-02,AmazonEBS,us-east-1,GB-Month,79.6539,95.55
2024-08-02,AmazonEBS,us-west-2,GB-Month,47.2825,49.39
2024-08-02,AmazonEBS,eu-west-1,GB-Month,41.8655,48.39
2024-08-02,AmazonEBS,ap-south-1,GB-Month,26.2441,29.37
2024-08-02,AmazonDynamoDB,us-east-1,RCU/WCU,53.5238,45.72
2024-08-02,AmazonDynamoDB,us-west-2,RCU/WCU,30.015,31.01
2024-08-02,AmazonDynamoDB,eu-west-1,RCU/WCU,21.8167,26.89
2024-08-02,AmazonDynamoDB,ap-south-1,RCU/WCU,17.0794,16.53
2024-08-03,AmazonEC2,us-east-1,InstanceHours,365.085,352.62
2024-08-03,AmazonEC2,us-west-2,InstanceHours,219.9629,229.35
2024-08-03,AmazonEC2,eu-west-1,InstanceHours,184.4628,202.69
2024-08-03,AmazonEC2,ap-south-1,InstanceHours,114.2225,105.39
2024-08-03,AmazonS3,us-east-1,GB-Month,81.7796,86.09
2024-08-03,AmazonS3,us-west-2,GB-Month,46.2647,45.36
2024-08-03,AmazonS3,eu-west-1,GB-Month,39.0852,34.5
2024-08-03,AmazonS3,ap-south-1,GB-Month,22.4985,20.05
2024-08-03,AmazonRDS,us-east-1,InstanceHours,214.7438,190.56
2024-08-03,AmazonRDS,us-west-2,InstanceHours,128.7966,109.88
2024-08-03,AmazonRDS,eu-west-1,InstanceHours,112.8074,120.65
2024-08-03,AmazonRDS,ap-south-1,InstanceHours,63.3905,55.2
2024-08-03,AWSLambda,us-east-1,Requests(M),23.5163,25.18
2024-08-03,AWSLambda,us-west-2,Requests(M),17.8342,18.62
2024-08-03,AWSLambda,eu-west-1,Requests(M),13.8045,13.42
2024-08-03,AWSLambda,ap-south-1,Requests(M),9.2732,8.26
2024-08-03,AmazonCloudFront,us-east-1,GB-Transfer,49.9812,58.14
2024-08-03,AmazonCloudFront,us-west-2,GB-Transfer,32.6675,36.01
2024-08-03,AmazonCloudFront,eu-west-1,GB-Transfer,23.8395,22.24
2024-08-03,AmazonCloudFront,ap-south-1,GB-Transfer,13.5504,16.47
2024-08-03,AmazonEBS,us-east-1,GB-Month,65.1549,60.39
2024-08-03,AmazonEBS,us-west-2,GB-Month,38.0865,43.41
2024-08-03,AmazonEBS,eu-west-1,GB-Month,29.3718,25.44
2024-08-03,AmazonEBS,ap-south-1,GB-Month,20.9217,18.06
2024-08-03,AmazonDynamoDB,us-east-1,RCU/WCU,40.2652,41.75
2024-08-03,AmazonDynamoDB,us-west-2,RCU/WCU,24.684,27.54
2024-08-03,AmazonDynamoDB,eu-west-1,RCU/WCU,23.5953,22.07
2024-08-03,AmazonDynamoDB,ap-south-1,RCU/WCU,13.6742,12.1
2024-08-04,AmazonEC2,us-east-1,InstanceHours,335.2436,306.11
2024-08-04,AmazonEC2,us-west-2,InstanceHours,214.7875,227.48
2024-08-04,AmazonEC2,eu-west-1,InstanceHours,166.2522,199.7
2024-08-04,AmazonEC2,ap-south-1,InstanceHours,118.1999,98.74
2024-08-04,AmazonS3,us-east-1,GB-Month,84.4238,73.64
2024-08-04,AmazonS3,us-west-2,GB-Month,54.1969,59.18
2024-08-04,AmazonS3,eu-west-1,GB-Month,46.5888,48.3
2024-08-04,AmazonS3,ap-south-1,GB-Month,22.4705,23.14
2024-08-04,AmazonRDS,us-east-1,InstanceHours,240.6088,211.02
2024-08-04,AmazonRDS,us-west-2,InstanceHours,116.0022,131.73
2024-08-04,AmazonRDS,eu-west-1,InstanceHours,115.5011,102.28
2024-08-04,AmazonRDS,ap-south-1,InstanceHours,70.6133,69.06
2024-08-04,AWSLambda,us-east-1,Requests(M),28.308,25.59
2024-08-04,AWSLambda,us-west-2,Requests(M),17.3897,19.3
2024-08-04,AWSLambda,eu-west-1,Requests(M),16.4249,17.67
2024-08-04,AWSLambda,ap-south-1,Requests(M),9.5246,8.9
2024-08-04,AmazonCloudFront,us-east-1,GB-Transfer,59.5363,55.49
2024-08-04,AmazonCloudFront,us-west-2,GB-Transfer,35.3588,34.32
2024-08-04,AmazonCloudFront,eu-west-1,GB-Transfer,22.7841,20.57
2024-08-04,AmazonCloudFront,ap-south-1,GB-Transfer,15.0978,16.95
2024-08-04,AmazonEBS,us-east-1,GB-Month,60.1461,57.27
2024-08-04,AmazonEBS,us-west-2,GB-Month,41.785,38.03
2024-08-04,AmazonEBS,eu-west-1,GB-Month,33.5765,29.46
2024-08-04,AmazonEBS,ap-south-1,GB-Month,18.142,22.18
2024-08-04,AmazonDynamoDB,us-east-1,RCU/WCU,40.8093,41.16
2024-08-04,AmazonDynamoDB,us-west-2,RCU/WCU,28.8907,24.66
2024-08-04,AmazonDynamoDB,eu-west-1,RCU/WCU,21.1557,26.26
2024-08-04,AmazonDynamoDB,ap-south-1,RCU/WCU,11.0042,13.22
2024-08-05,AmazonEC2,us-east-1,InstanceHours,395.5399,388.07
2024-08-05,AmazonEC2,us-west-2,InstanceHours,299.2502,344.02
2024-08-05,AmazonEC2,eu-west-1,InstanceHours,233.7328,197.06
2024-08-05,AmazonEC2,ap-south-1,InstanceHours,116.7509,142.35
2024-08-05,AmazonS3,us-east-1,GB-Month,94.0698,91.72
2024-08-05,AmazonS3,us-west-2,GB-Month,59.7933,59.79
2024-08-05,AmazonS3,eu-west-1,GB-Month,40.1628,34.42
2024-08-05,AmazonS3,ap-south-1,GB-Month,30.1655,31.34
2024-08-05,AmazonRDS,us-east-1,InstanceHours,277.2546,302.24
2024-08-05,AmazonRDS,us-west-2,InstanceHours,151.2557,149.73
2024-08-05,AmazonRDS,eu-west-1,InstanceHours,140.362,125.67
2024-08-05,AmazonRDS,ap-south-1,InstanceHours,82.2563,76.84
2024-08-05,AWSLambda,us-east-1,Requests(M),37.1102,40.41
2024-08-05,AWSLambda,us-west-2,Requests(M),21.8863,27.34
2024-08-05,AWSLambda,eu-west-1,Requests(M),16.7545,15.74
2024-08-05,AWSLambda,ap-south-1,Requests(M),10.1988,9.68
2024-08-05,AmazonCloudFront,us-east-1,GB-Transfer,60.6228,55.54
2024-08-05,AmazonCloudFront,us-west-2,GB-Transfer,37.2165,40.04
2024-08-05,AmazonCloudFront,eu-west-1,GB-Transfer,32.5449,34.73
2024-08-05,AmazonCloudFront,ap-south-1,GB-Transfer,21.4192,25.09
2024-08-05,AmazonEBS,us-east-1,GB-Month,78.6803,93.51
2024-08-05,AmazonEBS,us-west-2,GB-Month,48.7472,50.74
2024-08-05,AmazonEBS,eu-west-1,GB-Month,41.3485,48.8
2024-08-05,AmazonEBS,ap-south-1,GB-Month,24.512,30.64
2024-08-05,AmazonDynamoDB,us-east-1,RCU/WCU,47.725,52.92
2024-08-05,AmazonDynamoDB,us-west-2,RCU/WCU,34.2507,42.54
2024-08-05,AmazonDynamoDB,eu-west-1,RCU/WCU,28.1606,23.8
2024-08-05,AmazonDynamoDB,ap-south-1,RCU/WCU,15.616,15.22
2024-08-06,AmazonEC2,us-east-1,InstanceHours,402.7782,395.06
2024-08-06,AmazonEC2,us-west-2,InstanceHours,260.1836,273.3
2024-08-06,AmazonEC2,eu-west-1,InstanceHours,189.2799,211.22
2024-08-06,AmazonEC2,ap-south-1,InstanceHours,145.3891,173.5
2024-08-06,AmazonS3,us-east-1,GB-Month,88.0447,101.11
2024-08-06,AmazonS3,us-west-2,GB-Month,54.3383,45.47
2024-08-06,AmazonS3,eu-west-1,GB-Month,51.6099,44.9
2024-08-06,AmazonS3,ap-south-1,GB-Month,22.2751,18.59
2024-08-06,AmazonRDS,us-east-1,InstanceHours,295.1577,317.11
2024-08-06,AmazonRDS,us-west-2,InstanceHours,165.0251,178.93
2024-08-06,AmazonRDS,eu-west-1,InstanceHours,151.8575,141.54
2024-08-06,AmazonRDS,ap-south-1,InstanceHours,74.263,80.19
2024-08-06,AWSLambda,us-east-1,Requests(M),37.0264,43.49
2024-08-06,AWSLambda,us-west-2,Requests(M),20.007,19.4
2024-08-06,AWSLambda,eu-west-1,Requests(M),19.6124,17.81
2024-08-06,AWSLambda,ap-south-1,Requests(M),11.7333,10.21
2024-08-06,AmazonCloudFront,us-east-1,GB-Transfer,70.5073,67.3
2024-08-06,AmazonCloudFront,us-west-2,GB-Transfer,37.0791,42.39
2024-08-06,AmazonCloudFront,eu-west-1,GB-Transfer,36.0567,31.63
2024-08-06,AmazonCloudFront,ap-south-1,GB-Transfer,17.0349,19.39
2024-08-06,AmazonEBS,us-east-1,GB-Month,76.9169,74.37
2024-08-06,AmazonEBS,us-west-2,GB-Month,42.7076,42.01
2024-08-06,AmazonEBS,eu-west-1,GB-Month,39.231,38.55
2024-08-06,AmazonEBS,ap-south-1,GB-Month,21.4989,24.06
2024-08-06,AmazonDynamoDB,us-east-1,RCU/WCU,56.048,68.63
2024-08-06,AmazonDynamoDB,us-west-2,RCU/WCU,32.0746,32.1
2024-08-06,AmazonDynamoDB,eu-west-1,RCU/WCU,23.5001,25.46
2024-08-06,AmazonDynamoDB,ap-south-1,RCU/WCU,16.4818,15.77
2024-08-07,AmazonEC2,us-east-1,InstanceHours,487.6211,515.49
2024-08-07,AmazonEC2,us-west-2,InstanceHours,271.4805,256.99
2024-08-07,AmazonEC2,eu-west-1,InstanceHours,192.6658,178.28
2024-08-07,AmazonEC2,ap-south-1,InstanceHours,128.2333,125.4
2024-08-07,AmazonS3,us-east-1,GB-Month,97.9363,121.15
2024-08-07,AmazonS3,us-west-2,GB-Month,54.5402,58.88
2024-08-07,AmazonS3,eu-west-1,GB-Month,42.5442,39.75
2024-08-07,AmazonS3,ap-south-1,GB-Month,30.5465,31.87
2024-08-07,AmazonRDS,us-east-1,InstanceHours,261.7073,271.22
2024-08-07,AmazonRDS,us-west-2,InstanceHours,181.126,154.3
2024-08-07,AmazonRDS,eu-west-1,InstanceHours,128.3362,124.14
2024-08-07,AmazonRDS,ap-south-1,InstanceHours,78.1489,65.8
2024-08-07,AWSLambda,us-east-1,Requests(M),34.3374,36.7
2024-08-07,AWSLambda,us-west-2,Requests(M),21.3434,21.29
2024-08-07,AWSLambda,eu-west-1,Requests(M),18.6857,15.58
2024-08-07,AWSLambda,ap-south-1,Requests(M),9.9673,10.16
2024-08-07,AmazonCloudFront,us-east-1,GB-Transfer,56.0979,66.31
2024-08-07,AmazonCloudFront,us-west-2,GB-Transfer,32.0747,27.81
2024-08-07,AmazonCloudFront,eu-west-1,GB-Transfer,26.4655,24.88
2024-08-07,AmazonCloudFront,ap-south-1,GB-Transfer,16.5296,16.92
2024-08-07,AmazonEBS,us-east-1,GB-Month,74.0001,65.75
2024-08-07,AmazonEBS,us-west-2,GB-Month,47.0091,39.97
2024-08-07,AmazonEBS,eu-west-1,GB-Month,39.8625,46.32
2024-08-07,AmazonEBS,ap-south-1,GB-Month,23.418,23.63
2024-08-07,AmazonDynamoDB,us-east-1,RCU/WCU,57.4778,59.84
2024-08-07,AmazonDynamoDB,us-west-2,RCU/WCU,35.3674,37.82
2024-08-07,AmazonDynamoDB,eu-west-1,RCU/WCU,25.1736,29.1
2024-08-07,AmazonDynamoDB,ap-south-1,RCU/WCU,14.2578,13.04
2024-08-08,AmazonEC2,us-east-1,InstanceHours,507.5283,441.8
2024-08-08,AmazonEC2,us-west-2,InstanceHours,284.2815,275.79
2024-08-08,AmazonEC2,eu-west-1,InstanceHours,235.4365,231.7
2024-08-08,AmazonEC2,ap-south-1,InstanceHours,123.9249,149.0
2024-08-08,AmazonS3,us-east-1,GB-Month,99.0899,103.38
2024-08-08,AmazonS3,us-west-2,GB-Month,56.2388,61.23
2024-08-08,AmazonS3,eu-west-1,GB-Month,46.0757,47.35
2024-08-08,AmazonS3,ap-south-1,GB-Month,27.6417,26.62
2024-08-08,AmazonRDS,us-east-1,InstanceHours,278.6317,246.28
2024-08-08,AmazonRDS,us-west-2,InstanceHours,179.8217,216.11
2024-08-08,AmazonRDS,eu-west-1,InstanceHours,158.2318,139.85
2024-08-08,AmazonRDS,ap-south-1,InstanceHours,77.7409,69.82
2024-08-08,AWSLambda,us-east-1,Requests(M),36.6138,43.09
2024-08-08,AWSLambda,us-west-2,Requests(M),21.459,18.66
2024-08-08,AWSLambda,eu-west-1,Requests(M),18.6537,18.07
2024-08-08,AWSLambda,ap-south-1,Requests(M),8.6241,7.34
2024-08-08,AmazonCloudFront,us-east-1,GB-Transfer,60.7001,54.01
2024-08-08,AmazonCloudFront,us-west-2,GB-Transfer,43.1518,36.56
2024-08-08,AmazonCloudFront,eu-west-1,GB-Transfer,29.2316,29.95
2024-08-08,AmazonCloudFront,ap-south-1,GB-Transfer,17.9422,16.97
2024-08-08,AmazonEBS,us-east-1,GB-Month,73.8503,71.02
2024-08-08,AmazonEBS,us-west-2,GB-Month,45.8048,39.45
2024-08-08,AmazonEBS,eu-west-1,GB-Month,34.6308,35.44
2024-08-08,AmazonEBS,ap-south-1,GB-Month,22.1884,27.08
2024-08-08,AmazonDynamoDB,us-east-1,RCU/WCU,53.2545,51.44
2024-08-08,AmazonDynamoDB,us-west-2,RCU/WCU,31.9338,33.93
2024-08-08,AmazonDynamoDB,eu-west-1,RCU/WCU,26.2703,23.24
2024-08-08,AmazonDynamoDB,ap-south-1,RCU/WCU,17.1613,16.3
2024-08-09,AmazonEC2,us-east-1,InstanceHours,448.7462,464.71
2024-08-09,AmazonEC2,us-west-2,InstanceHours,287.5141,243.0
2024-08-09,AmazonEC2,eu-west-1,InstanceHours,255.6222,287.8
2024-08-09,AmazonEC2,ap-south-1,InstanceHours,139.0103,132.36
2024-08-09,AmazonS3,us-east-1,GB-Month,83.1459,100.93
2024-08-09,AmazonS3,us-west-2,GB-Month,56.9225,54.64
2024-08-09,AmazonS3,eu-west-1,GB-Month,46.8728,52.62
2024-08-09,AmazonS3,ap-south-1,GB-Month,31.3444,29.39
2024-08-09,AmazonRDS,us-east-1,InstanceHours,265.411,306.71
2024-08-09,AmazonRDS,us-west-2,InstanceHours,150.3326,172.05
2024-08-09,AmazonRDS,eu-west-1,InstanceHours,128.7835,156.96
2024-08-09,AmazonRDS,ap-south-1,InstanceHours,72.273,75.35
2024-08-09,AWSLambda,us-east-1,Requests(M),27.6015,28.96
2024-08-09,AWSLambda,us-west-2,Requests(M),25.1825,22.17
2024-08-09,AWSLambda,eu-west-1,Requests(M),18.0521,21.89
2024-08-09,AWSLambda,ap-south-1,Requests(M),9.8013,11.83
2024-08-09,AmazonCloudFront,us-east-1,GB-Transfer,70.1837,60.96
2024-08-09,AmazonCloudFront,us-west-2,GB-Transfer,42.7081,41.74
2024-08-09,AmazonCloudFront,eu-west-1,GB-Transfer,31.3333,29.61
2024-08-09,AmazonCloudFront,ap-south-1,GB-Transfer,16.5574,20.24
2024-08-09,AmazonEBS,us-east-1,GB-Month,74.4409,85.77
2024-08-09,AmazonEBS,us-west-2,GB-Month,45.5392,53.53
2024-08-09,AmazonEBS,eu-west-1,GB-Month,38.7865,43.18
2024-08-09,AmazonEBS,ap-south-1,GB-Month,21.2086,22.48
2024-08-09,AmazonDynamoDB,us-east-1,RCU/WCU,55.5286,66.85
2024-08-09,AmazonDynamoDB,us-west-2,RCU/WCU,25.6948,32.05
2024-08-09,AmazonDynamoDB,eu-west-1,RCU/WCU,28.1264,29.17
2024-08-09,AmazonDynamoDB,ap-south-1,RCU/WCU,17.1635,17.23
2024-08-10,AmazonEC2,us-east-1,InstanceHours,357.0814,382.25
2024-08-10,AmazonEC2,us-west-2,InstanceHours,219.4931,252.05
2024-08-10,AmazonEC2,eu-west-1,InstanceHours,206.3617,222.82
2024-08-10,AmazonEC2,ap-south-1,InstanceHours,116.181,121.37
2024-08-10,AmazonS3,us-east-1,GB-Month,76.7336,88.04
2024-08-10,AmazonS3,us-west-2,GB-Month,46.4697,41.53
2024-08-10,AmazonS3,eu-west-1,GB-Month,41.0096,41.42
2024-08-10,AmazonS3,ap-south-1,GB-Month,27.298,23.35
2024-08-10,AmazonRDS,us-east-1,InstanceHours,224.2948,238.62
2024-08-10,AmazonRDS,us-west-2,InstanceHours,132.6809,119.21
2024-08-10,AmazonRDS,eu-west-1,InstanceHours,114.2268,128.36
2024-08-10,AmazonRDS,ap-south-1,InstanceHours,68.5687,71.45
2024-08-10,AWSLambda,us-east-1,Requests(M),31.4342,36.03
2024-08-10,AWSLambda,us-west-2,Requests(M),18.2958,16.34
2024-08-10,AWSLambda,eu-west-1,Requests(M),16.8176,17.37
2024-08-10,AWSLambda,ap-south-1,Requests(M),8.548,8.29
2024-08-10,AmazonCloudFront,us-east-1,GB-Transfer,54.3571,47.41
2024-08-10,AmazonCloudFront,us-west-2,GB-Transfer,32.7168,39.71
2024-08-10,AmazonCloudFront,eu-west-1,GB-Transfer,24.5934,25.45
2024-08-10,AmazonCloudFront,ap-south-1,GB-Transfer,16.294,15.98
2024-08-10,AmazonEBS,us-east-1,GB-Month,68.3034,56.99
2024-08-10,AmazonEBS,us-west-2,GB-Month,31.5392,36.93
2024-08-10,AmazonEBS,eu-west-1,GB-Month,30.2949,35.51
2024-08-10,AmazonEBS,ap-south-1,GB-Month,22.2662,25.79
2024-08-10,AmazonDynamoDB,us-east-1,RCU/WCU,41.7376,39.09
2024-08-10,AmazonDynamoDB,us-west-2,RCU/WCU,23.7984,23.95
2024-08-10,AmazonDynamoDB,eu-west-1,RCU/WCU,18.6802,18.0
2024-08-10,AmazonDynamoDB,ap-south-1,RCU/WCU,12.028,11.67
2024-08-11,AmazonEC2,us-east-1,InstanceHours,364.6674,357.03
2024-08-11,AmazonEC2,us-west-2,InstanceHours,198.7566,193.32
2024-08-11,AmazonEC2,eu-west-1,InstanceHours,193.8412,239.29
2024-08-11,AmazonEC2,ap-south-1,InstanceHours,103.1435,109.5
2024-08-11,AmazonS3,us-east-1,GB-Month,80.8806,89.42
2024-08-11,AmazonS3,us-west-2,GB-Month,52.7649,48.95
2024-08-11,AmazonS3,eu-west-1,GB-Month,43.7359,39.98
2024-08-11,AmazonS3,ap-south-1,GB-Month,24.2307,23.21
2024-08-11,AmazonRDS,us-east-1,InstanceHours,207.3877,229.28
2024-08-11,AmazonRDS,us-west-2,InstanceHours,136.1866,140.74
2024-08-11,AmazonRDS,eu-west-1,InstanceHours,116.9719,127.8
2024-08-11,AmazonRDS,ap-south-1,InstanceHours,82.0099,102.18
2024-08-11,AWSLambda,us-east-1,Requests(M),26.1317,23.89
2024-08-11,AWSLambda,us-west-2,Requests(M),18.338,22.65
2024-08-11,AWSLambda,eu-west-1,Requests(M),16.1064,18.52
2024-08-11,AWSLambda,ap-south-1,Requests(M),9.2833,9.39
2024-08-11,AmazonCloudFront,us-east-1,GB-Transfer,53.5083,52.45
2024-08-11,AmazonCloudFront,us-west-2,GB-Transfer,29.6099,30.75
2024-08-11,AmazonCloudFront,eu-west-1,GB-Transfer,28.2788,32.19
2024-08-11,AmazonCloudFront,ap-south-1,GB-Transfer,15.8241,19.56
2024-08-11,AmazonEBS,us-east-1,GB-Month,66.8658,57.83
2024-08-11,AmazonEBS,us-west-2,GB-Month,42.7835,41.19
2024-08-11,AmazonEBS,eu-west-1,GB-Month,32.0499,29.14
2024-08-11,AmazonEBS,ap-south-1,GB-Month,21.7663,18.68
2024-08-11,AmazonDynamoDB,us-east-1,RCU/WCU,39.3272,43.33
2024-08-11,AmazonDynamoDB,us-west-2,RCU/WCU,26.868,30.55
2024-08-11,AmazonDynamoDB,eu-west-1,RCU/WCU,20.4598,20.02
2024-08-11,AmazonDynamoDB,ap-south-1,RCU/WCU,12.0123,11.6
2024-08-12,AmazonEC2,us-east-1,InstanceHours,499.0601,599.38
2024-08-12,AmazonEC2,us-west-2,InstanceHours,234.1668,280.4
2024-08-12,AmazonEC2,eu-west-1,InstanceHours,217.533,245.63
2024-08-12,AmazonEC2,ap-south-1,InstanceHours,116.3503,127.39
2024-08-12,AmazonS3,us-east-1,GB-Month,101.8928,126.49
2024-08-12,AmazonS3,us-west-2,GB-Month,53.8569,50.82
2024-08-12,AmazonS3,eu-west-1,GB-Month,50.3116,42.89
2024-08-12,AmazonS3,ap-south-1,GB-Month,29.154,36.08
2024-08-12,AmazonRDS,us-east-1,InstanceHours,317.1532,297.74
2024-08-12,AmazonRDS,us-west-2,InstanceHours,141.6626,132.19
2024-08-12,AmazonRDS,eu-west-1,InstanceHours,123.4732,107.19
2024-08-12,AmazonRDS,ap-south-1,InstanceHours,86.813,105.91
2024-08-12,AWSLambda,us-east-1,Requests(M),37.0194,41.02
2024-08-12,AWSLambda,us-west-2,Requests(M),21.2364,23.91
2024-08-12,AWSLambda,eu-west-1,Requests(M),20.9808,23.43
2024-08-12,AWSLambda,ap-south-1,Requests(M),10.8156,9.8
2024-08-12,AmazonCloudFront,us-east-1,GB-Transfer,57.9444,60.09
2024-08-12,AmazonCloudFront,us-west-2,GB-Transfer,40.2896,45.58
2024-08-12,AmazonCloudFront,eu-west-1,GB-Transfer,30.9841,26.4
2024-08-12,AmazonCloudFront,ap-south-1,GB-Transfer,18.7052,20.3
2024-08-12,AmazonEBS,us-east-1,GB-Month,81.5318,75.73
2024-08-12,AmazonEBS,us-west-2,GB-Month,49.074,41.37
2024-08-12,AmazonEBS,eu-west-1,GB-Month,35.5789,33.29
2024-08-12,AmazonEBS,ap-south-1,GB-Month,22.6482,20.75
2024-08-12,AmazonDynamoDB,us-east-1,RCU/WCU,45.8438,45.76
2024-08-12,AmazonDynamoDB,us-west-2,RCU/WCU,31.7689,34.35
2024-08-12,AmazonDynamoDB,eu-west-1,RCU/WCU,29.6594,27.01
2024-08-12,AmazonDynamoDB,ap-south-1,RCU/WCU,14.2784,15.99
2024-08-13,AmazonEC2,us-east-1,InstanceHours,379.2067,431.18
2024-08-13,AmazonEC2,us-west-2,InstanceHours,246.421,221.33
2024-08-13,AmazonEC2,eu-west-1,InstanceHours,212.2168,192.83
2024-08-13,AmazonEC2,ap-south-1,InstanceHours,137.5064,118.66
2024-08-13,AmazonS3,us-east-1,GB-Month,90.1851,76.27
2024-08-13,AmazonS3,us-west-2,GB-Month,57.2666,60.24
2024-08-13,AmazonS3,eu-west-1,GB-Month,44.5074,44.75
2024-08-13,AmazonS3,ap-south-1,GB-Month,27.4038,32.48
2024-08-13,AmazonRDS,us-east-1,InstanceHours,250.4251,222.89
2024-08-13,AmazonRDS,us-west-2,InstanceHours,146.3596,127.25
2024-08-13,AmazonRDS,eu-west-1,InstanceHours,142.2861,124.5
2024-08-13,AmazonRDS,ap-south-1,InstanceHours,77.5691,70.14
2024-08-13,AWSLambda,us-east-1,Requests(M),37.3327,31.69
2024-08-13,AWSLambda,us-west-2,Requests(M),20.2013,18.83
2024-08-13,AWSLambda,eu-west-1,Requests(M),18.0354,17.04
2024-08-13,AWSLambda,ap-south-1,Requests(M),9.0098,8.97
2024-08-13,AmazonCloudFront,us-east-1,GB-Transfer,60.02,53.54
2024-08-13,AmazonCloudFront,us-west-2,GB-Transfer,34.9202,30.51
2024-08-13,AmazonCloudFront,eu-west-1,GB-Transfer,33.8484,30.75
2024-08-13,AmazonCloudFront,ap-south-1,GB-Transfer,16.6743,14.82
2024-08-13,AmazonEBS,us-east-1,GB-Month,76.3715,66.79
2024-08-13,AmazonEBS,us-west-2,GB-Month,47.6059,55.83
2024-08-13,AmazonEBS,eu-west-1,GB-Month,41.806,39.03
2024-08-13,AmazonEBS,ap-south-1,GB-Month,24.7923,27.52
2024-08-13,AmazonDynamoDB,us-east-1,RCU/WCU,51.2335,62.37
2024-08-13,AmazonDynamoDB,us-west-2,RCU/WCU,31.0801,28.59
2024-08-13,AmazonDynamoDB,eu-west-1,RCU/WCU,28.2049,29.58
2024-08-13,AmazonDynamoDB,ap-south-1,RCU/WCU,15.3465,17.69
2024-08-14,AmazonEC2,us-east-1,InstanceHours,438.7843,501.08
2024-08-14,AmazonEC2,us-west-2,InstanceHours,285.0844,261.99
2024-08-14,AmazonEC2,eu-west-1,InstanceHours,259.3037,263.42
2024-08-14,AmazonEC2,ap-south-1,InstanceHours,132.529,117.13
2024-08-14,AmazonS3,us-east-1,GB-Month,96.6554,114.77
2024-08-14,AmazonS3,us-west-2,GB-Month,59.3553,52.27
2024-08-14,AmazonS3,eu-west-1,GB-Month,50.8671,53.82
2024-08-14,AmazonS3,ap-south-1,GB-Month,30.1624,26.19
2024-08-14,AmazonRDS,us-east-1,InstanceHours,255.5509,265.34
2024-08-14,AmazonRDS,us-west-2,InstanceHours,164.9555,142.87
2024-08-14,AmazonRDS,eu-west-1,InstanceHours,145.3101,159.99
2024-08-14,AmazonRDS,ap-south-1,InstanceHours,89.6763,99.69
2024-08-14,AWSLambda,us-east-1,Requests(M),35.6452,32.11
2024-08-14,AWSLambda,us-west-2,Requests(M),22.1623,23.15
2024-08-14,AWSLambda,eu-west-1,Requests(M),18.6365,19.67
2024-08-14,AWSLambda,ap-south-1,Requests(M),10.8491,11.51
2024-08-14,AmazonCloudFront,us-east-1,GB-Transfer,63.1893,64.73
2024-08-14,AmazonCloudFront,us-west-2,GB-Transfer,30.7539,26.7
2024-08-14,AmazonCloudFront,eu-west-1,GB-Transfer,38.9169,45.5
2024-08-14,AmazonCloudFront,ap-south-1,GB-Transfer,21.9631,18.41
2024-08-14,AmazonEBS,us-east-1,GB-Month,76.1286,71.46
2024-08-14,AmazonEBS,us-west-2,GB-Month,45.9557,44.27
2024-08-14,AmazonEBS,eu-west-1,GB-Month,33.5635,30.13
2024-08-14,AmazonEBS,ap-south-1,GB-Month,19.8631,22.62
2024-08-14,AmazonDynamoDB,us-east-1,RCU/WCU,53.5471,55.34
2024-08-14,AmazonDynamoDB,us-west-2,RCU/WCU,33.5445,34.12
2024-08-14,AmazonDynamoDB,eu-west-1,RCU/WCU,27.5175,27.38
2024-08-14,AmazonDynamoDB,ap-south-1,RCU/WCU,14.4263,15.54
2024-08-15,AmazonEC2,us-east-1,InstanceHours,460.0502,490.46
2024-08-15,AmazonEC2,us-west-2,InstanceHours,257.0255,312.72
2024-08-15,AmazonEC2,eu-west-1,InstanceHours,209.8874,236.4
2024-08-15,AmazonEC2,ap-south-1,InstanceHours,115.784,144.71
2024-08-15,AmazonS3,us-east-1,GB-Month,87.3999,103.05
2024-08-15,AmazonS3,us-west-2,GB-Month,57.9395,70.06
2024-08-15,AmazonS3,eu-west-1,GB-Month,47.5428,48.9
2024-08-15,AmazonS3,ap-south-1,GB-Month,28.1839,33.25
2024-08-15,AmazonRDS,us-east-1,InstanceHours,221.1586,232.82
2024-08-15,AmazonRDS,us-west-2,InstanceHours,162.9742,155.43
2024-08-15,AmazonRDS,eu-west-1,InstanceHours,127.6235,156.74
2024-08-15,AmazonRDS,ap-south-1,InstanceHours,82.4552,68.84
2024-08-15,AWSLambda,us-east-1,Requests(M),39.6632,42.35
2024-08-15,AWSLambda,us-west-2,Requests(M),20.8544,21.33
2024-08-15,AWSLambda,eu-west-1,Requests(M),18.1742,15.88
2024-08-15,AWSLambda,ap-south-1,Requests(M),12.5818,10.97
2024-08-15,AmazonCloudFront,us-east-1,GB-Transfer,63.1713,63.6
2024-08-15,AmazonCloudFront,us-west-2,GB-Transfer,37.0139,30.98
2024-08-15,AmazonCloudFront,eu-west-1,GB-Transfer,28.8902,28.45
2024-08-15,AmazonCloudFront,ap-south-1,GB-Transfer,19.7611,16.51
2024-08-15,AmazonEBS,us-east-1,GB-Month,71.2222,88.72
2024-08-15,AmazonEBS,us-west-2,GB-Month,51.1834,53.24
2024-08-15,AmazonEBS,eu-west-1,GB-Month,40.6789,43.51
2024-08-15,AmazonEBS,ap-south-1,GB-Month,22.1499,19.58
2024-08-15,AmazonDynamoDB,us-east-1,RCU/WCU,48.2781,58.36
2024-08-15,AmazonDynamoDB,us-west-2,RCU/WCU,29.022,33.17
2024-08-15,AmazonDynamoDB,eu-west-1,RCU/WCU,22.1016,22.86
2024-08-15,AmazonDynamoDB,ap-south-1,RCU/WCU,16.0328,16.86
2024-08-16,AmazonEC2,us-east-1,InstanceHours,360.7681,428.1
2024-08-16,AmazonEC2,us-west-2,InstanceHours,257.7728,218.2
2024-08-16,AmazonEC2,eu-west-1,InstanceHours,213.6989,232.48
2024-08-16,AmazonEC2,ap-south-1,InstanceHours,126.3881,136.17
2024-08-16,AmazonS3,us-east-1,GB-Month,96.1438,113.24
2024-08-16,AmazonS3,us-west-2,GB-Month,53.1703,50.45
2024-08-16,AmazonS3,eu-west-1,GB-Month,47.0214,56.57
2024-08-16,AmazonS3,ap-south-1,GB-Month,30.7095,25.98
2024-08-16,AmazonRDS,us-east-1,InstanceHours,280.358,323.17
2024-08-16,AmazonRDS,us-west-2,InstanceHours,155.3787,136.11
2024-08-16,AmazonRDS,eu-west-1,InstanceHours,133.9844,120.95
2024-08-16,AmazonRDS,ap-south-1,InstanceHours,78.2472,66.65
2024-08-16,AWSLambda,us-east-1,Requests(M),35.5761,38.94
2024-08-16,AWSLambda,us-west-2,Requests(M),21.997,24.03
2024-08-16,AWSLambda,eu-west-1,Requests(M),16.0227,15.74
2024-08-16,AWSLambda,ap-south-1,Requests(M),9.4304,10.92
2024-08-16,AmazonCloudFront,us-east-1,GB-Transfer,57.3861,62.1
2024-08-16,AmazonCloudFront,us-west-2,GB-Transfer,38.6036,38.55
2024-08-16,AmazonCloudFront,eu-west-1,GB-Transfer,32.5191,30.73
2024-08-16,AmazonCloudFront,ap-south-1,GB-Transfer,19.7426,22.9
2024-08-16,AmazonEBS,us-east-1,GB-Month,71.9568,75.67
2024-08-16,AmazonEBS,us-west-2,GB-Month,46.7122,48.39
2024-08-16,AmazonEBS,eu-west-1,GB-Month,37.4421,42.96
2024-08-16,AmazonEBS,ap-south-1,GB-Month,22.9456,23.98
2024-08-16,AmazonDynamoDB,us-east-1,RCU/WCU,49.8524,41.8
2024-08-16,AmazonDynamoDB,us-west-2,RCU/WCU,31.5657,33.13
2024-08-16,AmazonDynamoDB,eu-west-1,RCU/WCU,24.3696,23.19
2024-08-16,AmazonDynamoDB,ap-south-1,RCU/WCU,16.8982,19.27
2024-08-17,AmazonEC2,us-east-1,InstanceHours,402.4775,486.31
2024-08-17,AmazonEC2,us-west-2,InstanceHours,229.1141,245.33
2024-08-17,AmazonEC2,eu-west-1,InstanceHours,199.0942,211.27
2024-08-17,AmazonEC2,ap-south-1,InstanceHours,97.7552,113.75
2024-08-17,AmazonS3,us-east-1,GB-Month,86.5967,90.88
2024-08-17,AmazonS3,us-west-2,GB-Month,48.7133,57.11
2024-08-17,AmazonS3,eu-west-1,GB-Month,37.4613,40.72
2024-08-17,AmazonS3,ap-south-1,GB-Month,22.2962,21.09
2024-08-17,AmazonRDS,us-east-1,InstanceHours,256.9265,271.88
2024-08-17,AmazonRDS,us-west-2,InstanceHours,145.6274,128.92
2024-08-17,AmazonRDS,eu-west-1,InstanceHours,112.4498,100.37
2024-08-17,AmazonRDS,ap-south-1,InstanceHours,60.4595,69.33
2024-08-17,AWSLambda,us-east-1,Requests(M),33.8197,41.75
2024-08-17,AWSLambda,us-west-2,Requests(M),16.757,15.57
2024-08-17,AWSLambda,eu-west-1,Requests(M),14.8732,14.25
2024-08-17,AWSLambda,ap-south-1,Requests(M),9.0815,10.13
2024-08-17,AmazonCloudFront,us-east-1,GB-Transfer,49.4875,57.62
2024-08-17,AmazonCloudFront,us-west-2,GB-Transfer,31.0253,33.75
2024-08-17,AmazonCloudFront,eu-west-1,GB-Transfer,26.2502,30.91
2024-08-17,AmazonCloudFront,ap-south-1,GB-Transfer,15.4872,16.78
2024-08-17,AmazonEBS,us-east-1,GB-Month,67.341,58.36
2024-08-17,AmazonEBS,us-west-2,GB-Month,44.6094,43.67
2024-08-17,AmazonEBS,eu-west-1,GB-Month,29.1798,33.68
2024-08-17,AmazonEBS,ap-south-1,GB-Month,19.9474,17.1
2024-08-17,AmazonDynamoDB,us-east-1,RCU/WCU,39.932,36.17
2024-08-17,AmazonDynamoDB,us-west-2,RCU/WCU,23.1617,24.76
2024-08-17,AmazonDynamoDB,eu-west-1,RCU/WCU,23.551,28.73
2024-08-17,AmazonDynamoDB,ap-south-1,RCU/WCU,13.3878,14.83
2024-08-18,AmazonEC2,us-east-1,InstanceHours,322.6229,293.94
2024-08-18,AmazonEC2,us-west-2,InstanceHours,217.1616,185.98
2024-08-18,AmazonEC2,eu-west-1,InstanceHours,156.7357,132.31
2024-08-18,AmazonEC2,ap-south-1,InstanceHours,102.4559,104.77
2024-08-18,AmazonS3,us-east-1,GB-Month,64.9515,55.81
2024-08-18,AmazonS3,us-west-2,GB-Month,46.6638,45.41
2024-08-18,AmazonS3,eu-west-1,GB-Month,41.5812,44.39
2024-08-18,AmazonS3,ap-south-1,GB-Month,24.7402,25.41
2024-08-18,AmazonRDS,us-east-1,InstanceHours,220.4724,197.28
2024-08-18,AmazonRDS,us-west-2,InstanceHours,147.5221,125.4
2024-08-18,AmazonRDS,eu-west-1,InstanceHours,126.5027,112.74
2024-08-18,AmazonRDS,ap-south-1,InstanceHours,72.1708,63.42
2024-08-18,AWSLambda,us-east-1,Requests(M),29.2792,30.48
2024-08-18,AWSLambda,us-west-2,Requests(M),18.1942,17.01
2024-08-18,AWSLambda,eu-west-1,Requests(M),17.3005,18.35
2024-08-18,AWSLambda,ap-south-1,Requests(M),8.9559,8.5
2024-08-18,AmazonCloudFront,us-east-1,GB-Transfer,54.9922,54.01
2024-08-18,AmazonCloudFront,us-west-2,GB-Transfer,29.6603,33.64
2024-08-18,AmazonCloudFront,eu-west-1,GB-Transfer,28.3861,28.59
2024-08-18,AmazonCloudFront,ap-south-1,GB-Transfer,14.6938,16.58
2024-08-18,AmazonEBS,us-east-1,GB-Month,65.2032,65.86
2024-08-18,AmazonEBS,us-west-2,GB-Month,41.1257,35.48
2024-08-18,AmazonEBS,eu-west-1,GB-Month,37.7047,41.85
2024-08-18,AmazonEBS,ap-south-1,GB-Month,20.0521,20.49
2024-08-18,AmazonDynamoDB,us-east-1,RCU/WCU,42.8552,53.54
2024-08-18,AmazonDynamoDB,us-west-2,RCU/WCU,25.5582,31.33
2024-08-18,AmazonDynamoDB,eu-west-1,RCU/WCU,23.569,23.1
2024-08-18,AmazonDynamoDB,ap-south-1,RCU/WCU,13.6184,15.81
2024-08-19,AmazonEC2,us-east-1,InstanceHours,455.8404,417.25
2024-08-19,AmazonEC2,us-west-2,InstanceHours,291.2893,262.92
2024-08-19,AmazonEC2,eu-west-1,InstanceHours,217.3397,232.04
2024-08-19,AmazonEC2,ap-south-1,InstanceHours,133.8116,126.31
2024-08-19,AmazonS3,us-east-1,GB-Month,90.1086,80.0
2024-08-19,AmazonS3,us-west-2,GB-Month,52.1824,50.23
2024-08-19,AmazonS3,eu-west-1,GB-Month,44.1364,38.65
2024-08-19,AmazonS3,ap-south-1,GB-Month,22.4921,24.03
2024-08-19,AmazonRDS,us-east-1,InstanceHours,279.3182,320.05
2024-08-19,AmazonRDS,us-west-2,InstanceHours,166.1841,170.95
2024-08-19,AmazonRDS,eu-west-1,InstanceHours,139.4198,137.48
2024-08-19,AmazonRDS,ap-south-1,InstanceHours,74.9779,71.13
2024-08-19,AWSLambda,us-east-1,Requests(M),34.3754,42.1
2024-08-19,AWSLambda,us-west-2,Requests(M),20.5721,22.15
2024-08-19,AWSLambda,eu-west-1,Requests(M),19.6355,18.41
2024-08-19,AWSLambda,ap-south-1,Requests(M),10.9763,11.27
2024-08-19,AmazonCloudFront,us-east-1,GB-Transfer,62.0438,68.67
2024-08-19,AmazonCloudFront,us-west-2,GB-Transfer,39.3607,47.93
2024-08-19,AmazonCloudFront,eu-west-1,GB-Transfer,29.3965,31.91
2024-08-19,AmazonCloudFront,ap-south-1,GB-Transfer,19.0786,18.83
2024-08-19,AmazonEBS,us-east-1,GB-Month,89.7044,103.52
2024-08-19,AmazonEBS,us-west-2,GB-Month,51.1357,53.72
2024-08-19,AmazonEBS,eu-west-1,GB-Month,39.699,36.39
2024-08-19,AmazonEBS,ap-south-1,GB-Month,23.3357,19.96
2024-08-19,AmazonDynamoDB,us-east-1,RCU/WCU,53.5857,61.11
2024-08-19,AmazonDynamoDB,us-west-2,RCU/WCU,34.4777,32.32
2024-08-19,AmazonDynamoDB,eu-west-1,RCU/WCU,28.5569,28.67
2024-08-19,AmazonDynamoDB,ap-south-1,RCU/WCU,17.4778,17.28
2024-08-20,AmazonEC2,us-east-1,InstanceHours,441.0057,501.7
2024-08-20,AmazonEC2,us-west-2,InstanceHours,216.3256,192.79
2024-08-20,AmazonEC2,eu-west-1,InstanceHours,249.5833,255.96
2024-08-20,AmazonEC2,ap-south-1,InstanceHours,121.7376,133.67
2024-08-20,AmazonS3,us-east-1,GB-Month,78.0498,66.53
2024-08-20,AmazonS3,us-west-2,GB-Month,58.9621,50.44
2024-08-20,AmazonS3,eu-west-1,GB-Month,38.6927,35.34
2024-08-20,AmazonS3,ap-south-1,GB-Month,27.8733,34.21
2024-08-20,AmazonRDS,us-east-1,InstanceHours,223.285,191.13
2024-08-20,AmazonRDS,us-west-2,InstanceHours,156.5628,194.54
2024-08-20,AmazonRDS,eu-west-1,InstanceHours,151.5039,152.42
2024-08-20,AmazonRDS,ap-south-1,InstanceHours,82.658,99.09
2024-08-20,AWSLambda,us-east-1,Requests(M),36.102,34.53
2024-08-20,AWSLambda,us-west-2,Requests(M),22.4478,25.09
2024-08-20,AWSLambda,eu-west-1,Requests(M),14.1253,17.02
2024-08-20,AWSLambda,ap-south-1,Requests(M),10.27,12.19
2024-08-20,AmazonCloudFront,us-east-1,GB-Transfer,59.386,67.64
2024-08-20,AmazonCloudFront,us-west-2,GB-Transfer,38.9587,38.88
2024-08-20,AmazonCloudFront,eu-west-1,GB-Transfer,28.4651,34.94
2024-08-20,AmazonCloudFront,ap-south-1,GB-Transfer,18.8347,22.94
2024-08-20,AmazonEBS,us-east-1,GB-Month,76.7614,67.48
2024-08-20,AmazonEBS,us-west-2,GB-Month,44.2026,48.84
2024-08-20,AmazonEBS,eu-west-1,GB-Month,37.0253,37.8
2024-08-20,AmazonEBS,ap-south-1,GB-Month,23.0117,22.32
2024-08-20,AmazonDynamoDB,us-east-1,RCU/WCU,43.8704,47.37
2024-08-20,AmazonDynamoDB,us-west-2,RCU/WCU,32.837,38.97
2024-08-20,AmazonDynamoDB,eu-west-1,RCU/WCU,24.1408,21.81
2024-08-20,AmazonDynamoDB,ap-south-1,RCU/WCU,15.1289,12.75
2024-08-21,AmazonEC2,us-east-1,InstanceHours,487.9222,533.78
2024-08-21,AmazonEC2,us-west-2,InstanceHours,276.216,262.49
2024-08-21,AmazonEC2,eu-west-1,InstanceHours,196.3804,178.02
2024-08-21,AmazonEC2,ap-south-1,InstanceHours,100.3035,109.89
2024-08-21,AmazonS3,us-east-1,GB-Month,96.5337,117.37
2024-08-21,AmazonS3,us-west-2,GB-Month,54.6344,54.95
2024-08-21,AmazonS3,eu-west-1,GB-Month,47.1092,46.25
2024-08-21,AmazonS3,ap-south-1,GB-Month,29.5139,32.8
2024-08-21,AmazonRDS,us-east-1,InstanceHours,287.7765,281.12
2024-08-21,AmazonRDS,us-west-2,InstanceHours,155.3441,154.43
2024-08-21,AmazonRDS,eu-west-1,InstanceHours,132.7823,127.52
2024-08-21,AmazonRDS,ap-south-1,InstanceHours,82.8679,99.61
2024-08-21,AWSLambda,us-east-1,Requests(M),37.3774,36.28
2024-08-21,AWSLambda,us-west-2,Requests(M),21.9672,25.83
2024-08-21,AWSLambda,eu-west-1,Requests(M),20.1335,20.92
2024-08-21,AWSLambda,ap-south-1,Requests(M),11.2032,9.73
2024-08-21,AmazonCloudFront,us-east-1,GB-Transfer,65.5075,62.42
2024-08-21,AmazonCloudFront,us-west-2,GB-Transfer,37.9084,44.47
2024-08-21,AmazonCloudFront,eu-west-1,GB-Transfer,28.4485,24.45
2024-08-21,AmazonCloudFront,ap-south-1,GB-Transfer,17.6013,15.94
2024-08-21,AmazonEBS,us-east-1,GB-Month,69.9005,80.01
2024-08-21,AmazonEBS,us-west-2,GB-Month,50.2582,45.58
2024-08-21,AmazonEBS,eu-west-1,GB-Month,33.8739,32.36
2024-08-21,AmazonEBS,ap-south-1,GB-Month,22.9063,28.07
2024-08-21,AmazonDynamoDB,us-east-1,RCU/WCU,50.004,58.2
2024-08-21,AmazonDynamoDB,us-west-2,RCU/WCU,25.9376,21.73
2024-08-21,AmazonDynamoDB,eu-west-1,RCU/WCU,24.95,28.31
2024-08-21,AmazonDynamoDB,ap-south-1,RCU/WCU,15.0723,13.61
2024-08-22,AmazonEC2,us-east-1,InstanceHours,490.6956,606.99
2024-08-22,AmazonEC2,us-west-2,InstanceHours,219.8652,270.18
2024-08-22,AmazonEC2,eu-west-1,InstanceHours,238.9884,207.08
2024-08-22,AmazonEC2,ap-south-1,InstanceHours,127.451,152.69
2024-08-22,AmazonS3,us-east-1,GB-Month,99.0747,103.72
2024-08-22,AmazonS3,us-west-2,GB-Month,55.9751,49.46
2024-08-22,AmazonS3,eu-west-1,GB-Month,42.2763,35.97
2024-08-22,AmazonS3,ap-south-1,GB-Month,30.9703,34.02
2024-08-22,AmazonRDS,us-east-1,InstanceHours,294.2533,266.02
2024-08-22,AmazonRDS,us-west-2,InstanceHours,147.4148,125.81
2024-08-22,AmazonRDS,eu-west-1,InstanceHours,140.2789,128.06
2024-08-22,AmazonRDS,ap-south-1,InstanceHours,76.5486,92.73
2024-08-22,AWSLambda,us-east-1,Requests(M),31.7234,34.41
2024-08-22,AWSLambda,us-west-2,Requests(M),20.2823,17.0
2024-08-22,AWSLambda,eu-west-1,Requests(M),19.9732,16.78
2024-08-22,AWSLambda,ap-south-1,Requests(M),11.5817,12.18
2024-08-22,AmazonCloudFront,us-east-1,GB-Transfer,60.3453,52.57
2024-08-22,AmazonCloudFront,us-west-2,GB-Transfer,41.1042,47.12
2024-08-22,AmazonCloudFront,eu-west-1,GB-Transfer,33.733,35.23
2024-08-22,AmazonCloudFront,ap-south-1,GB-Transfer,17.387,16.67
2024-08-22,AmazonEBS,us-east-1,GB-Month,87.3212,97.97
2024-08-22,AmazonEBS,us-west-2,GB-Month,44.9681,54.61
2024-08-22,AmazonEBS,eu-west-1,GB-Month,37.8751,43.67
2024-08-22,AmazonEBS,ap-south-1,GB-Month,19.6709,20.88
2024-08-22,AmazonDynamoDB,us-east-1,RCU/WCU,48.9965,47.42
2024-08-22,AmazonDynamoDB,us-west-2,RCU/WCU,30.5606,26.49
2024-08-22,AmazonDynamoDB,eu-west-1,RCU/WCU,26.3838,24.75
2024-08-22,AmazonDynamoDB,ap-south-1,RCU/WCU,14.0959,14.57
2024-08-23,AmazonEC2,us-east-1,InstanceHours,407.1562,406.4
2024-08-23,AmazonEC2,us-west-2,InstanceHours,293.9508,366.09
2024-08-23,AmazonEC2,eu-west-1,InstanceHours,234.8216,288.0
2024-08-23,AmazonEC2,ap-south-1,InstanceHours,142.9853,150.94
2024-08-23,AmazonS3,us-east-1,GB-Month,92.2853,92.21
2024-08-23,AmazonS3,us-west-2,GB-Month,57.1238,49.08
2024-08-23,AmazonS3,eu-west-1,GB-Month,48.6448,43.47
2024-08-23,AmazonS3,ap-south-1,GB-Month,31.455,27.45
2024-08-23,AmazonRDS,us-east-1,InstanceHours,235.2589,246.49
2024-08-23,AmazonRDS,us-west-2,InstanceHours,126.8635,106.91
2024-08-23,AmazonRDS,eu-west-1,InstanceHours,128.3856,112.11
2024-08-23,AmazonRDS,ap-south-1,InstanceHours,81.9052,82.55
2024-08-23,AWSLambda,us-east-1,Requests(M),36.2983,37.54
2024-08-23,AWSLambda,us-west-2,Requests(M),20.3375,17.67
2024-08-23,AWSLambda,eu-west-1,Requests(M),18.7843,18.36
2024-08-23,AWSLambda,ap-south-1,Requests(M),10.4019,12.66
2024-08-23,AmazonCloudFront,us-east-1,GB-Transfer,61.8634,67.51
2024-08-23,AmazonCloudFront,us-west-2,GB-Transfer,38.5034,38.98
2024-08-23,AmazonCloudFront,eu-west-1,GB-Transfer,29.8302,34.01
2024-08-23,AmazonCloudFront,ap-south-1,GB-Transfer,19.7174,23.15
2024-08-23,AmazonEBS,us-east-1,GB-Month,83.3458,84.3
2024-08-23,AmazonEBS,us-west-2,GB-Month,43.71,49.06
2024-08-23,AmazonEBS,eu-west-1,GB-Month,37.1289,31.57
2024-08-23,AmazonEBS,ap-south-1,GB-Month,21.3836,22.82
2024-08-23,AmazonDynamoDB,us-east-1,RCU/WCU,51.4617,59.04
2024-08-23,AmazonDynamoDB,us-west-2,RCU/WCU,31.6589,27.38
2024-08-23,AmazonDynamoDB,eu-west-1,RCU/WCU,29.4856,24.71
2024-08-23,AmazonDynamoDB,ap-south-1,RCU/WCU,15.0262,18.32
2024-08-24,AmazonEC2,us-east-1,InstanceHours,375.8981,411.84
2024-08-24,AmazonEC2,us-west-2,InstanceHours,211.6383,242.23
2024-08-24,AmazonEC2,eu-west-1,InstanceHours,176.8132,179.13
2024-08-24,AmazonEC2,ap-south-1,InstanceHours,113.4854,108.87
2024-08-24,AmazonS3,us-east-1,GB-Month,76.1688,68.41
2024-08-24,AmazonS3,us-west-2,GB-Month,47.0383,58.49
2024-08-24,AmazonS3,eu-west-1,GB-Month,40.645,41.77
2024-08-24,AmazonS3,ap-south-1,GB-Month,24.1369,23.8
2024-08-24,AmazonRDS,us-east-1,InstanceHours,184.1631,159.45
2024-08-24,AmazonRDS,us-west-2,InstanceHours,131.1599,113.31
2024-08-24,AmazonRDS,eu-west-1,InstanceHours,123.8061,105.75
2024-08-24,AmazonRDS,ap-south-1,InstanceHours,59.7357,50.42
2024-08-24,AWSLambda,us-east-1,Requests(M),23.2696,25.53
2024-08-24,AWSLambda,us-west-2,Requests(M),19.2256,16.24
2024-08-24,AWSLambda,eu-west-1,Requests(M),15.6199,17.11
2024-08-24,AWSLambda,ap-south-1,Requests(M),8.391,9.2
2024-08-24,AmazonCloudFront,us-east-1,GB-Transfer,52.9945,63.62
2024-08-24,AmazonCloudFront,us-west-2,GB-Transfer,29.9388,34.74
2024-08-24,AmazonCloudFront,eu-west-1,GB-Transfer,27.3031,30.22
2024-08-24,AmazonCloudFront,ap-south-1,GB-Transfer,12.1601,13.12
2024-08-24,AmazonEBS,us-east-1,GB-Month,64.3159,54.2
2024-08-24,AmazonEBS,us-west-2,GB-Month,37.7017,32.01
2024-08-24,AmazonEBS,eu-west-1,GB-Month,34.9268,30.01
2024-08-24,AmazonEBS,ap-south-1,GB-Month,16.7686,20.9
2024-08-24,AmazonDynamoDB,us-east-1,RCU/WCU,43.9343,54.53
2024-08-24,AmazonDynamoDB,us-west-2,RCU/WCU,27.4382,30.38
2024-08-24,AmazonDynamoDB,eu-west-1,RCU/WCU,25.1385,22.99
2024-08-24,AmazonDynamoDB,ap-south-1,RCU/WCU,12.6264,10.54
2024-08-25,AmazonEC2,us-east-1,InstanceHours,377.2545,372.29
2024-08-25,AmazonEC2,us-west-2,InstanceHours,188.7877,196.19
2024-08-25,AmazonEC2,eu-west-1,InstanceHours,183.7732,176.48
2024-08-25,AmazonEC2,ap-south-1,InstanceHours,120.7134,135.5
2024-08-25,AmazonS3,us-east-1,GB-Month,90.5753,90.03
2024-08-25,AmazonS3,us-west-2,GB-Month,48.8644,40.85
2024-08-25,AmazonS3,eu-west-1,GB-Month,34.4464,31.06
2024-08-25,AmazonS3,ap-south-1,GB-Month,26.202,30.18
2024-08-25,AmazonRDS,us-east-1,InstanceHours,199.1665,204.75
2024-08-25,AmazonRDS,us-west-2,InstanceHours,123.6909,111.16
2024-08-25,AmazonRDS,eu-west-1,InstanceHours,127.0474,123.28
2024-08-25,AmazonRDS,ap-south-1,InstanceHours,67.8616,72.44
2024-08-25,AWSLambda,us-east-1,Requests(M),29.1964,32.81
2024-08-25,AWSLambda,us-west-2,Requests(M),19.4132,19.38
2024-08-25,AWSLambda,eu-west-1,Requests(M),15.5226,15.87
2024-08-25,AWSLambda,ap-south-1,Requests(M),10.8079,9.11
2024-08-25,AmazonCloudFront,us-east-1,GB-Transfer,57.049,66.66
2024-08-25,AmazonCloudFront,us-west-2,GB-Transfer,32.0492,31.19
2024-08-25,AmazonCloudFront,eu-west-1,GB-Transfer,26.7564,24.61
2024-08-25,AmazonCloudFront,ap-south-1,GB-Transfer,17.0644,17.98
2024-08-25,AmazonEBS,us-east-1,GB-Month,65.1808,68.05
2024-08-25,AmazonEBS,us-west-2,GB-Month,36.5994,31.91
2024-08-25,AmazonEBS,eu-west-1,GB-Month,34.8261,29.35
2024-08-25,AmazonEBS,ap-south-1,GB-Month,19.239,19.68
2024-08-25,AmazonDynamoDB,us-east-1,RCU/WCU,44.7937,41.66
2024-08-25,AmazonDynamoDB,us-west-2,RCU/WCU,22.072,24.27
2024-08-25,AmazonDynamoDB,eu-west-1,RCU/WCU,21.6561,23.0
2024-08-25,AmazonDynamoDB,ap-south-1,RCU/WCU,12.5823,13.58
2024-08-26,AmazonEC2,us-east-1,InstanceHours,362.6296,413.53
2024-08-26,AmazonEC2,us-west-2,InstanceHours,257.4569,278.7
2024-08-26,AmazonEC2,eu-west-1,InstanceHours,215.1212,219.99
2024-08-26,AmazonEC2,ap-south-1,InstanceHours,133.5589,129.59
2024-08-26,AmazonS3,us-east-1,GB-Month,101.298,97.13
2024-08-26,AmazonS3,us-west-2,GB-Month,59.9499,71.76
2024-08-26,AmazonS3,eu-west-1,GB-Month,44.6531,43.0
2024-08-26,AmazonS3,ap-south-1,GB-Month,28.2231,25.75
2024-08-26,AmazonRDS,us-east-1,InstanceHours,278.6964,343.16
2024-08-26,AmazonRDS,us-west-2,InstanceHours,155.1486,136.39
2024-08-26,AmazonRDS,eu-west-1,InstanceHours,118.0028,138.26
2024-08-26,AmazonRDS,ap-south-1,InstanceHours,79.0001,66.87
2024-08-26,AWSLambda,us-east-1,Requests(M),39.5299,38.83
2024-08-26,AWSLambda,us-west-2,Requests(M),18.9874,22.33
2024-08-26,AWSLambda,eu-west-1,Requests(M),16.6051,18.75
2024-08-26,AWSLambda,ap-south-1,Requests(M),10.1293,10.5
2024-08-26,AmazonCloudFront,us-east-1,GB-Transfer,56.9839,60.19
2024-08-26,AmazonCloudFront,us-west-2,GB-Transfer,39.1666,40.95
2024-08-26,AmazonCloudFront,eu-west-1,GB-Transfer,29.3426,35.47
2024-08-26,AmazonCloudFront,ap-south-1,GB-Transfer,19.6256,21.18
2024-08-26,AmazonEBS,us-east-1,GB-Month,77.5241,69.77
2024-08-26,AmazonEBS,us-west-2,GB-Month,39.8769,34.88
2024-08-26,AmazonEBS,eu-west-1,GB-Month,37.3602,34.76
2024-08-26,AmazonEBS,ap-south-1,GB-Month,25.04,27.07
2024-08-26,AmazonDynamoDB,us-east-1,RCU/WCU,52.1365,64.85
2024-08-26,AmazonDynamoDB,us-west-2,RCU/WCU,30.068,31.2
2024-08-26,AmazonDynamoDB,eu-west-1,RCU/WCU,28.2638,25.54
2024-08-26,AmazonDynamoDB,ap-south-1,RCU/WCU,14.1192,15.32
2024-08-27,AmazonEC2,us-east-1,InstanceHours,411.9897,421.03
2024-08-27,AmazonEC2,us-west-2,InstanceHours,278.2594,255.09
2024-08-27,AmazonEC2,eu-west-1,InstanceHours,228.0903,218.5
2024-08-27,AmazonEC2,ap-south-1,InstanceHours,117.8019,101.03
2024-08-27,AmazonS3,us-east-1,GB-Month,96.2081,93.65
2024-08-27,AmazonS3,us-west-2,GB-Month,52.7475,57.97
2024-08-27,AmazonS3,eu-west-1,GB-Month,38.6989,37.51
2024-08-27,AmazonS3,ap-south-1,GB-Month,27.104,23.45
2024-08-27,AmazonRDS,us-east-1,InstanceHours,309.5413,307.24
2024-08-27,AmazonRDS,us-west-2,InstanceHours,173.8572,211.9
2024-08-27,AmazonRDS,eu-west-1,InstanceHours,133.3926,144.35
2024-08-27,AmazonRDS,ap-south-1,InstanceHours,70.171,80.41
2024-08-27,AWSLambda,us-east-1,Requests(M),30.1775,33.41
2024-08-27,AWSLambda,us-west-2,Requests(M),21.7122,22.03
2024-08-27,AWSLambda,eu-west-1,Requests(M),18.6079,22.09
2024-08-27,AWSLambda,ap-south-1,Requests(M),11.4344,10.3
2024-08-27,AmazonCloudFront,us-east-1,GB-Transfer,64.7241,76.54
2024-08-27,AmazonCloudFront,us-west-2,GB-Transfer,39.0978,36.97
2024-08-27,AmazonCloudFront,eu-west-1,GB-Transfer,31.5838,29.84
2024-08-27,AmazonCloudFront,ap-south-1,GB-Transfer,20.3131,20.66
2024-08-27,AmazonEBS,us-east-1,GB-Month,74.0016,70.1
2024-08-27,AmazonEBS,us-west-2,GB-Month,46.4702,55.81
2024-08-27,AmazonEBS,eu-west-1,GB-Month,33.2415,32.65
2024-08-27,AmazonEBS,ap-south-1,GB-Month,22.1626,25.97
2024-08-27,AmazonDynamoDB,us-east-1,RCU/WCU,55.5971,64.25
2024-08-27,AmazonDynamoDB,us-west-2,RCU/WCU,32.4969,38.61
2024-08-27,AmazonDynamoDB,eu-west-1,RCU/WCU,20.8644,24.76
2024-08-27,AmazonDynamoDB,ap-south-1,RCU/WCU,17.974,16.96
2024-08-28,AmazonEC2,us-east-1,InstanceHours,438.0379,417.01
2024-08-28,AmazonEC2,us-west-2,InstanceHours,263.2185,317.09
2024-08-28,AmazonEC2,eu-west-1,InstanceHours,205.7883,227.64
2024-08-28,AmazonEC2,ap-south-1,InstanceHours,125.5818,131.63
2024-08-28,AmazonS3,us-east-1,GB-Month,93.7815,82.7
2024-08-28,AmazonS3,us-west-2,GB-Month,58.2243,53.71
2024-08-28,AmazonS3,eu-west-1,GB-Month,47.5527,52.25
2024-08-28,AmazonS3,ap-south-1,GB-Month,26.6248,25.22
2024-08-28,AmazonRDS,us-east-1,InstanceHours,248.504,211.99
2024-08-28,AmazonRDS,us-west-2,InstanceHours,148.2858,183.1
2024-08-28,AmazonRDS,eu-west-1,InstanceHours,145.4696,128.22
2024-08-28,AmazonRDS,ap-south-1,InstanceHours,86.3995,72.62
2024-08-28,AWSLambda,us-east-1,Requests(M),37.4554,35.37
2024-08-28,AWSLambda,us-west-2,Requests(M),23.4849,27.59
2024-08-28,AWSLambda,eu-west-1,Requests(M),17.8445,21.87
2024-08-28,AWSLambda,ap-south-1,Requests(M),11.5477,12.22
2024-08-28,AmazonCloudFront,us-east-1,GB-Transfer,64.4743,65.54
2024-08-28,AmazonCloudFront,us-west-2,GB-Transfer,39.6791,48.27
2024-08-28,AmazonCloudFront,eu-west-1,GB-Transfer,28.2835,24.14
2024-08-28,AmazonCloudFront,ap-south-1,GB-Transfer,14.8349,14.04
2024-08-28,AmazonEBS,us-east-1,GB-Month,78.8696,95.43
2024-08-28,AmazonEBS,us-west-2,GB-Month,39.121,32.9
2024-08-28,AmazonEBS,eu-west-1,GB-Month,37.5409,39.85
2024-08-28,AmazonEBS,ap-south-1,GB-Month,19.0622,17.77
2024-08-28,AmazonDynamoDB,us-east-1,RCU/WCU,56.6723,62.47
2024-08-28,AmazonDynamoDB,us-west-2,RCU/WCU,33.2382,35.88
2024-08-28,AmazonDynamoDB,eu-west-1,RCU/WCU,26.4718,32.44
2024-08-28,AmazonDynamoDB,ap-south-1,RCU/WCU,14.4064,13.86
2024-08-29,AmazonEC2,us-east-1,InstanceHours,370.9577,446.51
2024-08-29,AmazonEC2,us-west-2,InstanceHours,213.2448,199.61
2024-08-29,AmazonEC2,eu-west-1,InstanceHours,206.7293,213.45
2024-08-29,AmazonEC2,ap-south-1,InstanceHours,137.0047,120.65
2024-08-29,AmazonS3,us-east-1,GB-Month,90.1741,88.39
2024-08-29,AmazonS3,us-west-2,GB-Month,57.8454,65.96
2024-08-29,AmazonS3,eu-west-1,GB-Month,48.3964,59.06
2024-08-29,AmazonS3,ap-south-1,GB-Month,29.3234,25.78
2024-08-29,AmazonRDS,us-east-1,InstanceHours,226.307,222.18
2024-08-29,AmazonRDS,us-west-2,InstanceHours,150.8932,180.38
2024-08-29,AmazonRDS,eu-west-1,InstanceHours,139.0497,158.98
2024-08-29,AmazonRDS,ap-south-1,InstanceHours,89.9597,102.78
2024-08-29,AWSLambda,us-east-1,Requests(M),39.3657,48.78
2024-08-29,AWSLambda,us-west-2,Requests(M),22.1432,27.02
2024-08-29,AWSLambda,eu-west-1,Requests(M),19.853,21.33
2024-08-29,AWSLambda,ap-south-1,Requests(M),11.0648,11.77
2024-08-29,AmazonCloudFront,us-east-1,GB-Transfer,54.1293,66.77
2024-08-29,AmazonCloudFront,us-west-2,GB-Transfer,39.0439,35.69
2024-08-29,AmazonCloudFront,eu-west-1,GB-Transfer,33.8382,30.86
2024-08-29,AmazonCloudFront,ap-south-1,GB-Transfer,21.283,19.89
2024-08-29,AmazonEBS,us-east-1,GB-Month,73.6655,86.62
2024-08-29,AmazonEBS,us-west-2,GB-Month,42.062,49.37
2024-08-29,AmazonEBS,eu-west-1,GB-Month,41.2517,34.81
2024-08-29,AmazonEBS,ap-south-1,GB-Month,23.9494,22.78
2024-08-29,AmazonDynamoDB,us-east-1,RCU/WCU,52.8315,50.44
2024-08-29,AmazonDynamoDB,us-west-2,RCU/WCU,34.0736,30.63
2024-08-29,AmazonDynamoDB,eu-west-1,RCU/WCU,27.4924,33.43
2024-08-29,AmazonDynamoDB,ap-south-1,RCU/WCU,16.0854,14.64
2024-08-30,AmazonEC2,us-east-1,InstanceHours,416.6398,394.48
2024-08-30,AmazonEC2,us-west-2,InstanceHours,275.2699,297.38
2024-08-30,AmazonEC2,eu-west-1,InstanceHours,195.63,180.32
2024-08-30,AmazonEC2,ap-south-1,InstanceHours,132.7473,152.52
2024-08-30,AmazonS3,us-east-1,GB-Month,92.4484,79.29
2024-08-30,AmazonS3,us-west-2,GB-Month,48.524,54.85
2024-08-30,AmazonS3,eu-west-1,GB-Month,47.91,47.9
2024-08-30,AmazonS3,ap-south-1,GB-Month,26.5242,22.77
2024-08-30,AmazonRDS,us-east-1,InstanceHours,276.2715,309.32
2024-08-30,AmazonRDS,us-west-2,InstanceHours,148.371,171.98
2024-08-30,AmazonRDS,eu-west-1,InstanceHours,143.077,129.84
2024-08-30,AmazonRDS,ap-south-1,InstanceHours,91.1208,98.64
2024-08-30,AWSLambda,us-east-1,Requests(M),29.7927,24.96
2024-08-30,AWSLambda,us-west-2,Requests(M),19.5636,21.34
2024-08-30,AWSLambda,eu-west-1,Requests(M),16.6424,16.22
2024-08-30,AWSLambda,ap-south-1,Requests(M),9.6448,10.71
2024-08-30,AmazonCloudFront,us-east-1,GB-Transfer,60.7416,52.44
2024-08-30,AmazonCloudFront,us-west-2,GB-Transfer,38.2055,45.41
2024-08-30,AmazonCloudFront,eu-west-1,GB-Transfer,32.6068,37.59
2024-08-30,AmazonCloudFront,ap-south-1,GB-Transfer,18.934,15.95
2024-08-30,AmazonEBS,us-east-1,GB-Month,81.315,75.94
2024-08-30,AmazonEBS,us-west-2,GB-Month,46.0922,50.07
2024-08-30,AmazonEBS,eu-west-1,GB-Month,36.8046,43.96
2024-08-30,AmazonEBS,ap-south-1,GB-Month,21.4404,25.0
2024-08-30,AmazonDynamoDB,us-east-1,RCU/WCU,50.767,45.4
2024-08-30,AmazonDynamoDB,us-west-2,RCU/WCU,28.6435,33.44
2024-08-30,AmazonDynamoDB,eu-west-1,RCU/WCU,26.4676,30.12
2024-08-30,AmazonDynamoDB,ap-south-1,RCU/WCU,14.3403,17.09
2024-08-31,AmazonEC2,us-east-1,InstanceHours,353.3633,332.63
2024-08-31,AmazonEC2,us-west-2,InstanceHours,239.5881,236.07
2024-08-31,AmazonEC2,eu-west-1,InstanceHours,201.2128,191.36
2024-08-31,AmazonEC2,ap-south-1,InstanceHours,120.4114,132.84
2024-08-31,AmazonS3,us-east-1,GB-Month,78.4602,67.85
2024-08-31,AmazonS3,us-west-2,GB-Month,45.1931,43.97
2024-08-31,AmazonS3,eu-west-1,GB-Month,40.976,38.31
2024-08-31,AmazonS3,ap-south-1,GB-Month,21.9772,18.44
2024-08-31,AmazonRDS,us-east-1,InstanceHours,241.1505,286.13
2024-08-31,AmazonRDS,us-west-2,InstanceHours,129.6116,116.53
2024-08-31,AmazonRDS,eu-west-1,InstanceHours,111.8222,106.27
2024-08-31,AmazonRDS,ap-south-1,InstanceHours,72.4751,74.56
2024-08-31,AWSLambda,us-east-1,Requests(M),26.1783,23.69
2024-08-31,AWSLambda,us-west-2,Requests(M),17.5064,14.91
2024-08-31,AWSLambda,eu-west-1,Requests(M),15.775,17.51
2024-08-31,AWSLambda,ap-south-1,Requests(M),9.6225,11.64
2024-08-31,AmazonCloudFront,us-east-1,GB-Transfer,54.2553,51.51
2024-08-31,AmazonCloudFront,us-west-2,GB-Transfer,30.9354,28.42
2024-08-31,AmazonCloudFront,eu-west-1,GB-Transfer,28.099,34.64
2024-08-31,AmazonCloudFront,ap-south-1,GB-Transfer,14.5409,15.3
2024-08-31,AmazonEBS,us-east-1,GB-Month,60.3801,53.47
2024-08-31,AmazonEBS,us-west-2,GB-Month,40.5327,45.34
2024-08-31,AmazonEBS,eu-west-1,GB-Month,30.0204,28.91
2024-08-31,AmazonEBS,ap-south-1,GB-Month,22.4078,26.58
2024-08-31,AmazonDynamoDB,us-east-1,RCU/WCU,46.5481,38.8
2024-08-31,AmazonDynamoDB,us-west-2,RCU/WCU,25.066,28.34
2024-08-31,AmazonDynamoDB,eu-west-1,RCU/WCU,23.3802,19.71
2024-08-31,AmazonDynamoDB,ap-south-1,RCU/WCU,11.8411,10.15
2024-09-01,AmazonEC2,us-east-1,InstanceHours,416.4037,487.42
2024-09-01,AmazonEC2,us-west-2,InstanceHours,224.0924,188.16
2024-09-01,AmazonEC2,eu-west-1,InstanceHours,177.6325,195.48
2024-09-01,AmazonEC2,ap-south-1,InstanceHours,109.2408,96.98
2024-09-01,AmazonS3,us-east-1,GB-Month,75.1501,80.21
2024-09-01,AmazonS3,us-west-2,GB-Month,47.1154,39.51
2024-09-01,AmazonS3,eu-west-1,GB-Month,36.2077,41.78
2024-09-01,AmazonS3,ap-south-1,GB-Month,27.4757,23.0
2024-09-01,AmazonRDS,us-east-1,InstanceHours,220.4805,266.27
2024-09-01,AmazonRDS,us-west-2,InstanceHours,147.7858,179.65
2024-09-01,AmazonRDS,eu-west-1,InstanceHours,117.4075,100.22
2024-09-01,AmazonRDS,ap-south-1,InstanceHours,63.8265,63.91
2024-09-01,AWSLambda,us-east-1,Requests(M),30.6205,28.26
2024-09-01,AWSLambda,us-west-2,Requests(M),20.4337,18.7
2024-09-01,AWSLambda,eu-west-1,Requests(M),14.9728,14.19
2024-09-01,AWSLambda,ap-south-1,Requests(M),8.5209,10.29
2024-09-01,AmazonCloudFront,us-east-1,GB-Transfer,55.622,46.41
2024-09-01,AmazonCloudFront,us-west-2,GB-Transfer,26.4218,26.69
2024-09-01,AmazonCloudFront,eu-west-1,GB-Transfer,26.0558,23.29
2024-09-01,AmazonCloudFront,ap-south-1,GB-Transfer,17.6401,16.99
2024-09-01,AmazonEBS,us-east-1,GB-Month,65.4678,62.85
2024-09-01,AmazonEBS,us-west-2,GB-Month,42.969,40.84
2024-09-01,AmazonEBS,eu-west-1,GB-Month,30.3991,36.3
2024-09-01,AmazonEBS,ap-south-1,GB-Month,19.58,24.27
2024-09-01,AmazonDynamoDB,us-east-1,RCU/WCU,43.1861,48.82
2024-09-01,AmazonDynamoDB,us-west-2,RCU/WCU,27.6905,25.3
2024-09-01,AmazonDynamoDB,eu-west-1,RCU/WCU,22.3268,25.81
2024-09-01,AmazonDynamoDB,ap-south-1,RCU/WCU,11.1707,9.44
2024-09-02,AmazonEC2,us-east-1,InstanceHours,489.5296,570.85
2024-09-02,AmazonEC2,us-west-2,InstanceHours,252.5457,314.33
2024-09-02,AmazonEC2,eu-west-1,InstanceHours,220.4307,224.44
2024-09-02,AmazonEC2,ap-south-1,InstanceHours,128.4083,127.49
2024-09-02,AmazonS3,us-east-1,GB-Month,93.925,86.39
2024-09-02,AmazonS3,us-west-2,GB-Month,55.9523,57.26
2024-09-02,AmazonS3,eu-west-1,GB-Month,43.6869,38.82
2024-09-02,AmazonS3,ap-south-1,GB-Month,29.9571,28.93
2024-09-02,AmazonRDS,us-east-1,InstanceHours,257.198,244.67
2024-09-02,AmazonRDS,us-west-2,InstanceHours,153.4609,135.57
2024-09-02,AmazonRDS,eu-west-1,InstanceHours,119.0596,103.82
2024-09-02,AmazonRDS,ap-south-1,InstanceHours,77.9933,73.05
2024-09-02,AWSLambda,us-east-1,Requests(M),34.5876,39.23
2024-09-02,AWSLambda,us-west-2,Requests(M),16.8287,16.02
2024-09-02,AWSLambda,eu-west-1,Requests(M),15.3361,14.94
2024-09-02,AWSLambda,ap-south-1,Requests(M),8.4863,7.27
2024-09-02,AmazonCloudFront,us-east-1,GB-Transfer,61.5681,56.62
2024-09-02,AmazonCloudFront,us-west-2,GB-Transfer,41.8004,40.41
2024-09-02,AmazonCloudFront,eu-west-1,GB-Transfer,27.857,28.26
2024-09-02,AmazonCloudFront,ap-south-1,GB-Transfer,18.758,20.88
2024-09-02,AmazonEBS,us-east-1,GB-Month,76.8162,65.05
2024-09-02,AmazonEBS,us-west-2,GB-Month,49.3823,48.74
2024-09-02,AmazonEBS,eu-west-1,GB-Month,41.3928,48.6
2024-09-02,AmazonEBS,ap-south-1,GB-Month,27.5659,29.01
2024-09-02,AmazonDynamoDB,us-east-1,RCU/WCU,53.2786,54.44
2024-09-02,AmazonDynamoDB,us-west-2,RCU/WCU,29.3379,26.4
2024-09-02,AmazonDynamoDB,eu-west-1,RCU/WCU,24.9429,25.91
2024-09-02,AmazonDynamoDB,ap-south-1,RCU/WCU,15.084,12.89
2024-09-03,AmazonEC2,us-east-1,InstanceHours,416.3698,413.51
2024-09-03,AmazonEC2,us-west-2,InstanceHours,298.4243,357.96
2024-09-03,AmazonEC2,eu-west-1,InstanceHours,230.9019,273.65
2024-09-03,AmazonEC2,ap-south-1,InstanceHours,114.4862,96.5
2024-09-03,AmazonS3,us-east-1,GB-Month,97.6635,108.73
2024-09-03,AmazonS3,us-west-2,GB-Month,51.6668,47.53
2024-09-03,AmazonS3,eu-west-1,GB-Month,49.6312,47.46
2024-09-03,AmazonS3,ap-south-1,GB-Month,30.7111,26.54
2024-09-03,AmazonRDS,us-east-1,InstanceHours,266.6724,296.53
2024-09-03,AmazonRDS,us-west-2,InstanceHours,155.5026,130.11
2024-09-03,AmazonRDS,eu-west-1,InstanceHours,151.8372,141.39
2024-09-03,AmazonRDS,ap-south-1,InstanceHours,76.9487,86.96
2024-09-03,AWSLambda,us-east-1,Requests(M),34.2455,35.51
2024-09-03,AWSLambda,us-west-2,Requests(M),20.2771,22.69
2024-09-03,AWSLambda,eu-west-1,Requests(M),18.1665,19.42
2024-09-03,AWSLambda,ap-south-1,Requests(M),11.1859,13.93
2024-09-03,AmazonCloudFront,us-east-1,GB-Transfer,67.4718,78.58
2024-09-03,AmazonCloudFront,us-west-2,GB-Transfer,39.2058,45.38
2024-09-03,AmazonCloudFront,eu-west-1,GB-Transfer,32.6295,39.89
2024-09-03,AmazonCloudFront,ap-south-1,GB-Transfer,20.725,19.76
2024-09-03,AmazonEBS,us-east-1,GB-Month,72.1497,65.12
2024-09-03,AmazonEBS,us-west-2,GB-Month,41.5881,36.99
2024-09-03,AmazonEBS,eu-west-1,GB-Month,40.9975,42.59
2024-09-03,AmazonEBS,ap-south-1,GB-Month,23.2705,20.99
2024-09-03,AmazonDynamoDB,us-east-1,RCU/WCU,56.243,48.36
2024-09-03,AmazonDynamoDB,us-west-2,RCU/WCU,31.2528,37.43
2024-09-03,AmazonDynamoDB,eu-west-1,RCU/WCU,24.8535,22.15
2024-09-03,AmazonDynamoDB,ap-south-1,RCU/WCU,16.418,14.4
2024-09-04,AmazonEC2,us-east-1,InstanceHours,441.7538,538.76
2024-09-04,AmazonEC2,us-west-2,InstanceHours,262.5417,305.29
2024-09-04,AmazonEC2,eu-west-1,InstanceHours,261.3803,247.04
2024-09-04,AmazonEC2,ap-south-1,InstanceHours,144.1445,178.66
2024-09-04,AmazonS3,us-east-1,GB-Month,99.4885,93.3
2024-09-04,AmazonS3,us-west-2,GB-Month,56.9347,50.43
2024-09-04,AmazonS3,eu-west-1,GB-Month,47.1236,47.9
2024-09-04,AmazonS3,ap-south-1,GB-Month,27.5298,27.54
2024-09-04,AmazonRDS,us-east-1,InstanceHours,276.2776,275.92
2024-09-04,AmazonRDS,us-west-2,InstanceHours,156.6495,141.63
2024-09-04,AmazonRDS,eu-west-1,InstanceHours,122.9283,116.05
2024-09-04,AmazonRDS,ap-south-1,InstanceHours,81.1847,93.43
2024-09-04,AWSLambda,us-east-1,Requests(M),37.4263,43.37
2024-09-04,AWSLambda,us-west-2,Requests(M),23.6266,19.94
2024-09-04,AWSLambda,eu-west-1,Requests(M),17.1304,16.3
2024-09-04,AWSLambda,ap-south-1,Requests(M),11.0024,12.21
2024-09-04,AmazonCloudFront,us-east-1,GB-Transfer,65.3027,54.8
2024-09-04,AmazonCloudFront,us-west-2,GB-Transfer,39.1122,39.08
2024-09-04,AmazonCloudFront,eu-west-1,GB-Transfer,35.3737,41.47
2024-09-04,AmazonCloudFront,ap-south-1,GB-Transfer,18.381,18.04
2024-09-04,AmazonEBS,us-east-1,GB-Month,72.931,75.4
2024-09-04,AmazonEBS,us-west-2,GB-Month,47.393,41.52
2024-09-04,AmazonEBS,eu-west-1,GB-Month,38.4479,33.44
2024-09-04,AmazonEBS,ap-south-1,GB-Month,22.7471,26.71
2024-09-04,AmazonDynamoDB,us-east-1,RCU/WCU,50.0147,47.67
2024-09-04,AmazonDynamoDB,us-west-2,RCU/WCU,32.0898,34.05
2024-09-04,AmazonDynamoDB,eu-west-1,RCU/WCU,24.7343,23.43
2024-09-04,AmazonDynamoDB,ap-south-1,RCU/WCU,16.5803,18.54
2024-09-05,AmazonEC2,us-east-1,InstanceHours,462.4933,543.65
2024-09-05,AmazonEC2,us-west-2,InstanceHours,271.4341,236.72
2024-09-05,AmazonEC2,eu-west-1,InstanceHours,201.9918,208.02
2024-09-05,AmazonEC2,ap-south-1,InstanceHours,134.2986,155.38
2024-09-05,AmazonS3,us-east-1,GB-Month,101.7953,120.85
2024-09-05,AmazonS3,us-west-2,GB-Month,60.0266,59.88
2024-09-05,AmazonS3,eu-west-1,GB-Month,49.4537,48.76
2024-09-05,AmazonS3,ap-south-1,GB-Month,28.2587,29.51
2024-09-05,AmazonRDS,us-east-1,InstanceHours,271.1733,274.26
2024-09-05,AmazonRDS,us-west-2,InstanceHours,178.7019,179.4
2024-09-05,AmazonRDS,eu-west-1,InstanceHours,138.8831,144.46
2024-09-05,AmazonRDS,ap-south-1,InstanceHours,83.4112,89.37
2024-09-05,AWSLambda,us-east-1,Requests(M),44.6368,49.85
2024-09-05,AWSLambda,us-west-2,Requests(M),21.4085,19.16
2024-09-05,AWSLambda,eu-west-1,Requests(M),15.2294,18.07
2024-09-05,AWSLambda,ap-south-1,Requests(M),10.823,12.09
2024-09-05,AmazonCloudFront,us-east-1,GB-Transfer,62.125,71.61
2024-09-05,AmazonCloudFront,us-west-2,GB-Transfer,38.4153,39.03
2024-09-05,AmazonCloudFront,eu-west-1,GB-Transfer,32.5694,31.91
2024-09-05,AmazonCloudFront,ap-south-1,GB-Transfer,15.8766,16.84
2024-09-05,AmazonEBS,us-east-1,GB-Month,81.554,85.76
2024-09-05,AmazonEBS,us-west-2,GB-Month,46.8091,51.82
2024-09-05,AmazonEBS,eu-west-1,GB-Month,38.3638,34.76
2024-09-05,AmazonEBS,ap-south-1,GB-Month,20.5106,23.24
2024-09-05,AmazonDynamoDB,us-east-1,RCU/WCU,58.2161,62.23
2024-09-05,AmazonDynamoDB,us-west-2,RCU/WCU,30.2981,29.54
2024-09-05,AmazonDynamoDB,eu-west-1,RCU/WCU,27.5033,33.5
2024-09-05,AmazonDynamoDB,ap-south-1,RCU/WCU,14.6668,12.85
2024-09-06,AmazonEC2,us-east-1,InstanceHours,449.6915,477.88
2024-09-06,AmazonEC2,us-west-2,InstanceHours,258.1206,237.01
2024-09-06,AmazonEC2,eu-west-1,InstanceHours,230.4683,270.93
2024-09-06,AmazonEC2,ap-south-1,InstanceHours,128.7258,147.72
2024-09-06,AmazonS3,us-east-1,GB-Month,87.6872,99.83
2024-09-06,AmazonS3,us-west-2,GB-Month,56.3664,47.87
2024-09-06,AmazonS3,eu-west-1,GB-Month,46.7893,40.01
2024-09-06,AmazonS3,ap-south-1,GB-Month,28.7595,28.25
2024-09-06,AmazonRDS,us-east-1,InstanceHours,291.7734,274.34
2024-09-06,AmazonRDS,us-west-2,InstanceHours,149.3182,124.88
2024-09-06,AmazonRDS,eu-west-1,InstanceHours,145.2918,177.01
2024-09-06,AmazonRDS,ap-south-1,InstanceHours,73.7741,87.26
2024-09-06,AWSLambda,us-east-1,Requests(M),38.2951,38.15
2024-09-06,AWSLambda,us-west-2,Requests(M),23.033,25.04
2024-09-06,AWSLambda,eu-west-1,Requests(M),17.6021,18.52
2024-09-06,AWSLambda,ap-south-1,Requests(M),10.3065,9.35
2024-09-06,AmazonCloudFront,us-east-1,GB-Transfer,58.6552,72.66
2024-09-06,AmazonCloudFront,us-west-2,GB-Transfer,37.8478,45.01
2024-09-06,AmazonCloudFront,eu-west-1,GB-Transfer,33.0695,31.35
2024-09-06,AmazonCloudFront,ap-south-1,GB-Transfer,18.5968,16.59
2024-09-06,AmazonEBS,us-east-1,GB-Month,64.7176,76.74
2024-09-06,AmazonEBS,us-west-2,GB-Month,45.0331,39.15
2024-09-06,AmazonEBS,eu-west-1,GB-Month,37.4261,37.24
2024-09-06,AmazonEBS,ap-south-1,GB-Month,24.4142,24.54
2024-09-06,AmazonDynamoDB,us-east-1,RCU/WCU,54.4697,52.79
2024-09-06,AmazonDynamoDB,us-west-2,RCU/WCU,31.7234,31.22
2024-09-06,AmazonDynamoDB,eu-west-1,RCU/WCU,27.9449,32.71
2024-09-06,AmazonDynamoDB,ap-south-1,RCU/WCU,16.8648,14.87
2024-09-07,AmazonEC2,us-east-1,InstanceHours,358.8648,398.92
2024-09-07,AmazonEC2,us-west-2,InstanceHours,209.0457,220.3
2024-09-07,AmazonEC2,eu-west-1,InstanceHours,185.4003,192.53
2024-09-07,AmazonEC2,ap-south-1,InstanceHours,96.8357,81.06
2024-09-07,AmazonS3,us-east-1,GB-Month,80.8822,98.42
2024-09-07,AmazonS3,us-west-2,GB-Month,45.962,40.51
2024-09-07,AmazonS3,eu-west-1,GB-Month,49.8101,48.61
2024-09-07,AmazonS3,ap-south-1,GB-Month,26.5923,30.62
2024-09-07,AmazonRDS,us-east-1,InstanceHours,219.7117,211.79
2024-09-07,AmazonRDS,us-west-2,InstanceHours,127.3211,144.02
2024-09-07,AmazonRDS,eu-west-1,InstanceHours,109.178,127.81
2024-09-07,AmazonRDS,ap-south-1,InstanceHours,74.6478,86.98
2024-09-07,AWSLambda,us-east-1,Requests(M),33.5604,30.15
2024-09-07,AWSLambda,us-west-2,Requests(M),20.7035,17.62
2024-09-07,AWSLambda,eu-west-1,Requests(M),14.4844,16.14
2024-09-07,AWSLambda,ap-south-1,Requests(M),9.6813,8.52
2024-09-07,AmazonCloudFront,us-east-1,GB-Transfer,50.0045,42.81
2024-09-07,AmazonCloudFront,us-west-2,GB-Transfer,36.0944,34.05
2024-09-07,AmazonCloudFront,eu-west-1,GB-Transfer,24.895,25.91
2024-09-07,AmazonCloudFront,ap-south-1,GB-Transfer,14.4289,17.59
2024-09-07,AmazonEBS,us-east-1,GB-Month,60.947,63.46
2024-09-07,AmazonEBS,us-west-2,GB-Month,39.9398,42.48
2024-09-07,AmazonEBS,eu-west-1,GB-Month,35.0972,40.75
2024-09-07,AmazonEBS,ap-south-1,GB-Month,20.951,22.13
2024-09-07,AmazonDynamoDB,us-east-1,RCU/WCU,40.7621,36.41
2024-09-07,AmazonDynamoDB,us-west-2,RCU/WCU,25.8518,23.87
2024-09-07,AmazonDynamoDB,eu-west-1,RCU/WCU,21.3242,25.32
2024-09-07,AmazonDynamoDB,ap-south-1,RCU/WCU,12.0942,11.5
2024-09-08,AmazonEC2,us-east-1,InstanceHours,357.5976,346.7
2024-09-08,AmazonEC2,us-west-2,InstanceHours,247.5709,212.59
2024-09-08,AmazonEC2,eu-west-1,InstanceHours,167.5522,176.1
2024-09-08,AmazonEC2,ap-south-1,InstanceHours,113.8123,100.08
2024-09-08,AmazonS3,us-east-1,GB-Month,88.5834,77.25
2024-09-08,AmazonS3,us-west-2,GB-Month,52.9261,45.72
2024-09-08,AmazonS3,eu-west-1,GB-Month,45.2914,41.07
2024-09-08,AmazonS3,ap-south-1,GB-Month,24.5684,23.56
2024-09-08,AmazonRDS,us-east-1,InstanceHours,239.2109,219.85
2024-09-08,AmazonRDS,us-west-2,InstanceHours,133.0106,159.4
2024-09-08,AmazonRDS,eu-west-1,InstanceHours,103.5506,110.75
2024-09-08,AmazonRDS,ap-south-1,InstanceHours,68.4895,84.84
2024-09-08,AWSLambda,us-east-1,Requests(M),33.816,32.27
2024-09-08,AWSLambda,us-west-2,Requests(M),15.3833,14.44
2024-09-08,AWSLambda,eu-west-1,Requests(M),14.9726,17.65
2024-09-08,AWSLambda,ap-south-1,Requests(M),9.7321,8.53
2024-09-08,AmazonCloudFront,us-east-1,GB-Transfer,53.3084,44.7
2024-09-08,AmazonCloudFront,us-west-2,GB-Transfer,35.1235,41.87
2024-09-08,AmazonCloudFront,eu-west-1,GB-Transfer,28.7424,30.58
2024-09-08,AmazonCloudFront,ap-south-1,GB-Transfer,14.1977,12.12
2024-09-08,AmazonEBS,us-east-1,GB-Month,67.0602,64.71
2024-09-08,AmazonEBS,us-west-2,GB-Month,37.6428,35.48
2024-09-08,AmazonEBS,eu-west-1,GB-Month,31.3381,27.55
2024-09-08,AmazonEBS,ap-south-1,GB-Month,17.8518,20.33
2024-09-08,AmazonDynamoDB,us-east-1,RCU/WCU,45.266,40.97
2024-09-08,AmazonDynamoDB,us-west-2,RCU/WCU,29.3189,27.01
2024-09-08,AmazonDynamoDB,eu-west-1,RCU/WCU,22.7869,19.86
2024-09-08,AmazonDynamoDB,ap-south-1,RCU/WCU,11.8429,12.17
2024-09-09,AmazonEC2,us-east-1,InstanceHours,437.0909,509.96
2024-09-09,AmazonEC2,us-west-2,InstanceHours,273.9387,286.61
2024-09-09,AmazonEC2,eu-west-1,InstanceHours,217.2846,189.4
2024-09-09,AmazonEC2,ap-south-1,InstanceHours,134.9254,117.07
2024-09-09,AmazonS3,us-east-1,GB-Month,89.1166,81.77
2024-09-09,AmazonS3,us-west-2,GB-Month,55.3659,59.88
2024-09-09,AmazonS3,eu-west-1,GB-Month,45.9173,46.19
2024-09-09,AmazonS3,ap-south-1,GB-Month,31.4942,28.34
2024-09-09,AmazonRDS,us-east-1,InstanceHours,249.7804,262.79
2024-09-09,AmazonRDS,us-west-2,InstanceHours,135.8166,143.43
2024-09-09,AmazonRDS,eu-west-1,InstanceHours,150.8312,159.66
2024-09-09,AmazonRDS,ap-south-1,InstanceHours,82.2653,81.47
2024-09-09,AWSLambda,us-east-1,Requests(M),33.0698,36.3
2024-09-09,AWSLambda,us-west-2,Requests(M),23.5024,20.03
2024-09-09,AWSLambda,eu-west-1,Requests(M),19.1139,18.05
2024-09-09,AWSLambda,ap-south-1,Requests(M),12.4084,15.29
2024-09-09,AmazonCloudFront,us-east-1,GB-Transfer,63.6661,62.52
2024-09-09,AmazonCloudFront,us-west-2,GB-Transfer,44.8193,47.49
2024-09-09,AmazonCloudFront,eu-west-1,GB-Transfer,31.0621,31.48
2024-09-09,AmazonCloudFront,ap-south-1,GB-Transfer,19.6629,23.95
2024-09-09,AmazonEBS,us-east-1,GB-Month,82.8355,92.32
2024-09-09,AmazonEBS,us-west-2,GB-Month,58.7358,53.5
2024-09-09,AmazonEBS,eu-west-1,GB-Month,37.859,38.46
2024-09-09,AmazonEBS,ap-south-1,GB-Month,22.6596,24.78
2024-09-09,AmazonDynamoDB,us-east-1,RCU/WCU,55.3132,52.16
2024-09-09,AmazonDynamoDB,us-west-2,RCU/WCU,28.1542,24.92
2024-09-09,AmazonDynamoDB,eu-west-1,RCU/WCU,24.5905,27.04
2024-09-09,AmazonDynamoDB,ap-south-1,RCU/WCU,15.4975,13.0
2024-09-10,AmazonEC2,us-east-1,InstanceHours,495.0203,616.51
2024-09-10,AmazonEC2,us-west-2,InstanceHours,278.7938,276.78
2024-09-10,AmazonEC2,eu-west-1,InstanceHours,220.7949,188.99
2024-09-10,AmazonEC2,ap-south-1,InstanceHours,126.2793,106.35
2024-09-10,AmazonS3,us-east-1,GB-Month,78.2139,66.4
2024-09-10,AmazonS3,us-west-2,GB-Month,65.6492,61.39
2024-09-10,AmazonS3,eu-west-1,GB-Month,46.8072,52.23
2024-09-10,AmazonS3,ap-south-1,GB-Month,26.5557,26.88
2024-09-10,AmazonRDS,us-east-1,InstanceHours,321.1948,340.71
2024-09-10,AmazonRDS,us-west-2,InstanceHours,146.92,169.71
2024-09-10,AmazonRDS,eu-west-1,InstanceHours,149.8488,140.62
2024-09-10,AmazonRDS,ap-south-1,InstanceHours,81.6046,87.25
2024-09-10,AWSLambda,us-east-1,Requests(M),38.7139,32.61
2024-09-10,AWSLambda,us-west-2,Requests(M),22.8903,19.8
2024-09-10,AWSLambda,eu-west-1,Requests(M),19.3346,23.84
2024-09-10,AWSLambda,ap-south-1,Requests(M),13.0743,14.55
2024-09-10,AmazonCloudFront,us-east-1,GB-Transfer,73.6604,72.01
2024-09-10,AmazonCloudFront,us-west-2,GB-Transfer,35.5533,32.41
2024-09-10,AmazonCloudFront,eu-west-1,GB-Transfer,32.6017,39.03
2024-09-10,AmazonCloudFront,ap-south-1,GB-Transfer,16.2635,16.85
2024-09-10,AmazonEBS,us-east-1,GB-Month,83.5669,69.86
2024-09-10,AmazonEBS,us-west-2,GB-Month,51.0544,56.03
2024-09-10,AmazonEBS,eu-west-1,GB-Month,32.684,33.48
2024-09-10,AmazonEBS,ap-south-1,GB-Month,23.4711,20.54
2024-09-10,AmazonDynamoDB,us-east-1,RCU/WCU,55.2975,62.74
2024-09-10,AmazonDynamoDB,us-west-2,RCU/WCU,32.2307,28.04
2024-09-10,AmazonDynamoDB,eu-west-1,RCU/WCU,23.5823,23.47
2024-09-10,AmazonDynamoDB,ap-south-1,RCU/WCU,14.2686,12.13
2024-09-11,AmazonEC2,us-east-1,InstanceHours,434.0366,379.86
2024-09-11,AmazonEC2,us-west-2,InstanceHours,254.4098,265.45
2024-09-11,AmazonEC2,eu-west-1,InstanceHours,213.5645,223.81
2024-09-11,AmazonEC2,ap-south-1,InstanceHours,117.5438,100.8
2024-09-11,AmazonS3,us-east-1,GB-Month,94.2862,78.88
2024-09-11,AmazonS3,us-west-2,GB-Month,63.6873,64.58
2024-09-11,AmazonS3,eu-west-1,GB-Month,42.5899,36.12
2024-09-11,AmazonS3,ap-south-1,GB-Month,27.7192,25.05
2024-09-11,AmazonRDS,us-east-1,InstanceHours,284.9487,261.76
2024-09-11,AmazonRDS,us-west-2,InstanceHours,142.7354,121.32
2024-09-11,AmazonRDS,eu-west-1,InstanceHours,136.2987,122.81
2024-09-11,AmazonRDS,ap-south-1,InstanceHours,88.2731,86.13
2024-09-11,AWSLambda,us-east-1,Requests(M),33.6678,39.59
2024-09-11,AWSLambda,us-west-2,Requests(M),22.1836,21.92
2024-09-11,AWSLambda,eu-west-1,Requests(M),19.6866,16.58
2024-09-11,AWSLambda,ap-south-1,Requests(M),13.0131,13.1
2024-09-11,AmazonCloudFront,us-east-1,GB-Transfer,63.1239,55.55
2024-09-11,AmazonCloudFront,us-west-2,GB-Transfer,35.4724,29.59
2024-09-11,AmazonCloudFront,eu-west-1,GB-Transfer,26.7835,23.04
2024-09-11,AmazonCloudFront,ap-south-1,GB-Transfer,17.748,20.25
2024-09-11,AmazonEBS,us-east-1,GB-Month,69.6474,85.31
2024-09-11,AmazonEBS,us-west-2,GB-Month,53.4358,56.91
2024-09-11,AmazonEBS,eu-west-1,GB-Month,41.975,35.59
2024-09-11,AmazonEBS,ap-south-1,GB-Month,21.4025,23.59
2024-09-11,AmazonDynamoDB,us-east-1,RCU/WCU,49.0445,41.79
2024-09-11,AmazonDynamoDB,us-west-2,RCU/WCU,31.5207,28.49
2024-09-11,AmazonDynamoDB,eu-west-1,RCU/WCU,28.2751,26.7
2024-09-11,AmazonDynamoDB,ap-south-1,RCU/WCU,16.3041,13.73
2024-09-12,AmazonEC2,us-east-1,InstanceHours,452.9531,449.87
2024-09-12,AmazonEC2,us-west-2,InstanceHours,267.5883,315.99
2024-09-12,AmazonEC2,eu-west-1,InstanceHours,200.6003,193.44
2024-09-12,AmazonEC2,ap-south-1,InstanceHours,132.5241,133.46
2024-09-12,AmazonS3,us-east-1,GB-Month,93.7498,79.44
2024-09-12,AmazonS3,us-west-2,GB-Month,50.0907,52.54
2024-09-12,AmazonS3,eu-west-1,GB-Month,53.3202,51.19
2024-09-12,AmazonS3,ap-south-1,GB-Month,26.8845,29.24
2024-09-12,AmazonRDS,us-east-1,InstanceHours,241.6913,203.72
2024-09-12,AmazonRDS,us-west-2,InstanceHours,157.3318,184.61
2024-09-12,AmazonRDS,eu-west-1,InstanceHours,133.0502,149.71
2024-09-12,AmazonRDS,ap-south-1,InstanceHours,81.0559,72.88
2024-09-12,AWSLambda,us-east-1,Requests(M),35.7741,42.9
2024-09-12,AWSLambda,us-west-2,Requests(M),21.9199,19.52
2024-09-12,AWSLambda,eu-west-1,Requests(M),18.5064,16.21
2024-09-12,AWSLambda,ap-south-1,Requests(M),11.0584,10.3
2024-09-12,AmazonCloudFront,us-east-1,GB-Transfer,64.6695,64.45
2024-09-12,AmazonCloudFront,us-west-2,GB-Transfer,38.9851,43.65
2024-09-12,AmazonCloudFront,eu-west-1,GB-Transfer,32.5526,27.3
2024-09-12,AmazonCloudFront,ap-south-1,GB-Transfer,19.9069,23.09
2024-09-12,AmazonEBS,us-east-1,GB-Month,74.034,66.28
2024-09-12,AmazonEBS,us-west-2,GB-Month,44.5457,50.92
2024-09-12,AmazonEBS,eu-west-1,GB-Month,42.4287,41.52
2024-09-12,AmazonEBS,ap-south-1,GB-Month,22.7461,19.6
2024-09-12,AmazonDynamoDB,us-east-1,RCU/WCU,51.7305,48.45
2024-09-12,AmazonDynamoDB,us-west-2,RCU/WCU,30.8198,26.68
2024-09-12,AmazonDynamoDB,eu-west-1,RCU/WCU,30.8815,35.28
2024-09-12,AmazonDynamoDB,ap-south-1,RCU/WCU,14.6063,13.02
2024-09-13,AmazonEC2,us-east-1,InstanceHours,408.3776,398.94
2024-09-13,AmazonEC2,us-west-2,InstanceHours,263.1111,262.82
2024-09-13,AmazonEC2,eu-west-1,InstanceHours,216.2171,231.58
2024-09-13,AmazonEC2,ap-south-1,InstanceHours,119.7651,118.73
2024-09-13,AmazonS3,us-east-1,GB-Month,93.3581,84.53
2024-09-13,AmazonS3,us-west-2,GB-Month,56.5023,52.07
2024-09-13,AmazonS3,eu-west-1,GB-Month,45.1306,40.95
2024-09-13,AmazonS3,ap-south-1,GB-Month,27.875,23.58
2024-09-13,AmazonRDS,us-east-1,InstanceHours,255.0476,291.98
2024-09-13,AmazonRDS,us-west-2,InstanceHours,148.3083,143.88
2024-09-13,AmazonRDS,eu-west-1,InstanceHours,131.3438,121.75
2024-09-13,AmazonRDS,ap-south-1,InstanceHours,75.0207,73.26
2024-09-13,AWSLambda,us-east-1,Requests(M),32.7666,31.97
2024-09-13,AWSLambda,us-west-2,Requests(M),18.6918,23.3
2024-09-13,AWSLambda,eu-west-1,Requests(M),18.6074,15.93
2024-09-13,AWSLambda,ap-south-1,Requests(M),10.5807,11.65
2024-09-13,AmazonCloudFront,us-east-1,GB-Transfer,67.9188,58.92
2024-09-13,AmazonCloudFront,us-west-2,GB-Transfer,31.7361,26.97
2024-09-13,AmazonCloudFront,eu-west-1,GB-Transfer,30.4247,28.5
2024-09-13,AmazonCloudFront,ap-south-1,GB-Transfer,19.1317,19.84
2024-09-13,AmazonEBS,us-east-1,GB-Month,74.391,84.88
2024-09-13,AmazonEBS,us-west-2,GB-Month,46.8697,41.99
2024-09-13,AmazonEBS,eu-west-1,GB-Month,33.3985,35.02
2024-09-13,AmazonEBS,ap-south-1,GB-Month,22.7062,19.89
2024-09-13,AmazonDynamoDB,us-east-1,RCU/WCU,48.7119,57.51
2024-09-13,AmazonDynamoDB,us-west-2,RCU/WCU,33.6716,37.38
2024-09-13,AmazonDynamoDB,eu-west-1,RCU/WCU,26.4374,26.09
2024-09-13,AmazonDynamoDB,ap-south-1,RCU/WCU,16.6415,16.02
2024-09-14,AmazonEC2,us-east-1,InstanceHours,407.6807,403.92
2024-09-14,AmazonEC2,us-west-2,InstanceHours,214.7786,253.67
2024-09-14,AmazonEC2,eu-west-1,InstanceHours,188.1318,160.16
2024-09-14,AmazonEC2,ap-south-1,InstanceHours,102.263,110.75
2024-09-14,AmazonS3,us-east-1,GB-Month,82.2474,91.47
2024-09-14,AmazonS3,us-west-2,GB-Month,49.9006,61.26
2024-09-14,AmazonS3,eu-west-1,GB-Month,40.9017,46.49
2024-09-14,AmazonS3,ap-south-1,GB-Month,23.01,24.26
2024-09-14,AmazonRDS,us-east-1,InstanceHours,263.9198,312.22
2024-09-14,AmazonRDS,us-west-2,InstanceHours,138.7161,144.11
2024-09-14,AmazonRDS,eu-west-1,InstanceHours,142.5915,126.48
2024-09-14,AmazonRDS,ap-south-1,InstanceHours,63.3344,72.91
2024-09-14,AWSLambda,us-east-1,Requests(M),32.5815,31.87
2024-09-14,AWSLambda,us-west-2,Requests(M),20.0827,18.6
2024-09-14,AWSLambda,eu-west-1,Requests(M),14.2311,13.35
2024-09-14,AWSLambda,ap-south-1,Requests(M),9.1349,9.05
2024-09-14,AmazonCloudFront,us-east-1,GB-Transfer,47.3353,40.71
2024-09-14,AmazonCloudFront,us-west-2,GB-Transfer,35.0534,33.87
2024-09-14,AmazonCloudFront,eu-west-1,GB-Transfer,26.4301,23.97
2024-09-14,AmazonCloudFront,ap-south-1,GB-Transfer,14.911,13.34
2024-09-14,AmazonEBS,us-east-1,GB-Month,71.7993,79.16
2024-09-14,AmazonEBS,us-west-2,GB-Month,39.9287,41.41
2024-09-14,AmazonEBS,eu-west-1,GB-Month,35.4928,42.48
2024-09-14,AmazonEBS,ap-south-1,GB-Month,20.6634,18.03
2024-09-14,AmazonDynamoDB,us-east-1,RCU/WCU,40.9811,45.75
2024-09-14,AmazonDynamoDB,us-west-2,RCU/WCU,25.4994,26.36
2024-09-14,AmazonDynamoDB,eu-west-1,RCU/WCU,20.7536,24.3
2024-09-14,AmazonDynamoDB,ap-south-1,RCU/WCU,12.1152,13.19
2024-09-15,AmazonEC2,us-east-1,InstanceHours,324.5067,345.7
2024-09-15,AmazonEC2,us-west-2,InstanceHours,260.0578,236.72
2024-09-15,AmazonEC2,eu-west-1,InstanceHours,190.5977,204.33
2024-09-15,AmazonEC2,ap-south-1,InstanceHours,115.6573,105.36
2024-09-15,AmazonS3,us-east-1,GB-Month,86.927,96.74
2024-09-15,AmazonS3,us-west-2,GB-Month,45.8631,55.57
2024-09-15,AmazonS3,eu-west-1,GB-Month,35.6996,34.93
2024-09-15,AmazonS3,ap-south-1,GB-Month,25.3721,25.1
2024-09-15,AmazonRDS,us-east-1,InstanceHours,208.7794,182.22
2024-09-15,AmazonRDS,us-west-2,InstanceHours,146.3148,158.39
2024-09-15,AmazonRDS,eu-west-1,InstanceHours,101.8884,100.15
2024-09-15,AmazonRDS,ap-south-1,InstanceHours,62.2844,75.12
2024-09-15,AWSLambda,us-east-1,Requests(M),29.4943,27.54
2024-09-15,AWSLambda,us-west-2,Requests(M),19.6367,17.51
2024-09-15,AWSLambda,eu-west-1,Requests(M),17.5574,16.49
2024-09-15,AWSLambda,ap-south-1,Requests(M),9.6369,10.23
2024-09-15,AmazonCloudFront,us-east-1,GB-Transfer,50.7149,49.31
2024-09-15,AmazonCloudFront,us-west-2,GB-Transfer,34.306,31.24
2024-09-15,AmazonCloudFront,eu-west-1,GB-Transfer,23.458,23.85
2024-09-15,AmazonCloudFront,ap-south-1,GB-Transfer,14.814,13.14
2024-09-15,AmazonEBS,us-east-1,GB-Month,67.0428,62.98
2024-09-15,AmazonEBS,us-west-2,GB-Month,42.3977,36.51
2024-09-15,AmazonEBS,eu-west-1,GB-Month,32.7533,30.23
2024-09-15,AmazonEBS,ap-south-1,GB-Month,19.4857,17.25
2024-09-15,AmazonDynamoDB,us-east-1,RCU/WCU,43.4983,52.05
2024-09-15,AmazonDynamoDB,us-west-2,RCU/WCU,28.9543,29.69
2024-09-15,AmazonDynamoDB,eu-west-1,RCU/WCU,20.8579,18.81
2024-09-15,AmazonDynamoDB,ap-south-1,RCU/WCU,12.2805,14.79
2024-09-16,AmazonEC2,us-east-1,InstanceHours,429.3351,413.45
2024-09-16,AmazonEC2,us-west-2,InstanceHours,289.3311,346.15
2024-09-16,AmazonEC2,eu-west-1,InstanceHours,207.9212,175.52
2024-09-16,AmazonEC2,ap-south-1,InstanceHours,128.928,114.82
2024-09-16,AmazonS3,us-east-1,GB-Month,82.6884,70.47
2024-09-16,AmazonS3,us-west-2,GB-Month,55.4344,59.11
2024-09-16,AmazonS3,eu-west-1,GB-Month,47.865,40.65
2024-09-16,AmazonS3,ap-south-1,GB-Month,25.51,31.83
2024-09-16,AmazonRDS,us-east-1,InstanceHours,295.2661,297.99
2024-09-16,AmazonRDS,us-west-2,InstanceHours,165.7627,138.39
2024-09-16,AmazonRDS,eu-west-1,InstanceHours,130.223,108.78
2024-09-16,AmazonRDS,ap-south-1,InstanceHours,82.9302,86.1
2024-09-16,AWSLambda,us-east-1,Requests(M),37.9666,41.19
2024-09-16,AWSLambda,us-west-2,Requests(M),18.8781,22.62
2024-09-16,AWSLambda,eu-west-1,Requests(M),18.6623,15.56
2024-09-16,AWSLambda,ap-south-1,Requests(M),12.02,13.14
2024-09-16,AmazonCloudFront,us-east-1,GB-Transfer,58.8289,67.96
2024-09-16,AmazonCloudFront,us-west-2,GB-Transfer,36.1213,39.52
2024-09-16,AmazonCloudFront,eu-west-1,GB-Transfer,30.4793,36.06
2024-09-16,AmazonCloudFront,ap-south-1,GB-Transfer,19.9699,17.4
2024-09-16,AmazonEBS,us-east-1,GB-Month,71.7675,73.84
2024-09-16,AmazonEBS,us-west-2,GB-Month,48.6344,53.16
2024-09-16,AmazonEBS,eu-west-1,GB-Month,38.1546,31.91
2024-09-16,AmazonEBS,ap-south-1,GB-Month,26.6629,32.44
2024-09-16,AmazonDynamoDB,us-east-1,RCU/WCU,51.1013,51.04
2024-09-16,AmazonDynamoDB,us-west-2,RCU/WCU,25.8293,27.88
2024-09-16,AmazonDynamoDB,eu-west-1,RCU/WCU,27.4078,23.32
2024-09-16,AmazonDynamoDB,ap-south-1,RCU/WCU,16.1458,14.39
2024-09-17,AmazonEC2,us-east-1,InstanceHours,444.7837,393.49
2024-09-17,AmazonEC2,us-west-2,InstanceHours,287.8256,312.38
2024-09-17,AmazonEC2,eu-west-1,InstanceHours,190.7983,193.32
2024-09-17,AmazonEC2,ap-south-1,InstanceHours,122.1376,133.6
2024-09-17,AmazonS3,us-east-1,GB-Month,93.7019,111.65
2024-09-17,AmazonS3,us-west-2,GB-Month,56.9451,56.34
2024-09-17,AmazonS3,eu-west-1,GB-Month,46.3093,47.58
2024-09-17,AmazonS3,ap-south-1,GB-Month,24.835,22.18
2024-09-17,AmazonRDS,us-east-1,InstanceHours,261.0736,279.68
2024-09-17,AmazonRDS,us-west-2,InstanceHours,183.7423,198.3
2024-09-17,AmazonRDS,eu-west-1,InstanceHours,123.9363,138.6
2024-09-17,AmazonRDS,ap-south-1,InstanceHours,81.0674,69.11
2024-09-17,AWSLambda,us-east-1,Requests(M),37.838,38.11
2024-09-17,AWSLambda,us-west-2,Requests(M),23.2436,23.06
2024-09-17,AWSLambda,eu-west-1,Requests(M),19.1781,21.82
2024-09-17,AWSLambda,ap-south-1,Requests(M),10.4835,11.84
2024-09-17,AmazonCloudFront,us-east-1,GB-Transfer,58.1416,49.58
2024-09-17,AmazonCloudFront,us-west-2,GB-Transfer,42.6897,51.09
2024-09-17,AmazonCloudFront,eu-west-1,GB-Transfer,33.4625,28.81
2024-09-17,AmazonCloudFront,ap-south-1,GB-Transfer,18.8449,21.85
2024-09-17,AmazonEBS,us-east-1,GB-Month,86.8459,100.54
2024-09-17,AmazonEBS,us-west-2,GB-Month,41.3349,34.82
2024-09-17,AmazonEBS,eu-west-1,GB-Month,35.0157,33.68
2024-09-17,AmazonEBS,ap-south-1,GB-Month,19.4157,23.43
2024-09-17,AmazonDynamoDB,us-east-1,RCU/WCU,52.6799,65.22
2024-09-17,AmazonDynamoDB,us-west-2,RCU/WCU,31.7245,34.08
2024-09-17,AmazonDynamoDB,eu-west-1,RCU/WCU,23.1759,19.91
2024-09-17,AmazonDynamoDB,ap-south-1,RCU/WCU,16.6822,15.83
2024-09-18,AmazonEC2,us-east-1,InstanceHours,372.4413,389.12
2024-09-18,AmazonEC2,us-west-2,InstanceHours,269.9022,309.57
2024-09-18,AmazonEC2,eu-west-1,InstanceHours,228.8313,228.55
2024-09-18,AmazonEC2,ap-south-1,InstanceHours,132.6295,159.19
2024-09-18,AmazonS3,us-east-1,GB-Month,82.5267,72.24
2024-09-18,AmazonS3,us-west-2,GB-Month,61.6228,63.28
2024-09-18,AmazonS3,eu-west-1,GB-Month,45.0442,40.67
2024-09-18,AmazonS3,ap-south-1,GB-Month,27.0332,29.83
2024-09-18,AmazonRDS,us-east-1,InstanceHours,256.2798,275.96
2024-09-18,AmazonRDS,us-west-2,InstanceHours,171.4266,173.83
2024-09-18,AmazonRDS,eu-west-1,InstanceHours,129.6518,150.8
2024-09-18,AmazonRDS,ap-south-1,InstanceHours,73.8213,73.53
2024-09-18,AWSLambda,us-east-1,Requests(M),39.2844,33.52
2024-09-18,AWSLambda,us-west-2,Requests(M),21.7851,22.85
2024-09-18,AWSLambda,eu-west-1,Requests(M),19.6977,17.55
2024-09-18,AWSLambda,ap-south-1,Requests(M),10.9549,13.67
2024-09-18,AmazonCloudFront,us-east-1,GB-Transfer,58.8317,65.96
2024-09-18,AmazonCloudFront,us-west-2,GB-Transfer,32.2811,36.69
2024-09-18,AmazonCloudFront,eu-west-1,GB-Transfer,31.6185,34.94
2024-09-18,AmazonCloudFront,ap-south-1,GB-Transfer,18.2906,22.28
2024-09-18,AmazonEBS,us-east-1,GB-Month,82.6883,72.5
2024-09-18,AmazonEBS,us-west-2,GB-Month,44.719,45.02
2024-09-18,AmazonEBS,eu-west-1,GB-Month,40.2591,45.74
2024-09-18,AmazonEBS,ap-south-1,GB-Month,23.3996,26.41
2024-09-18,AmazonDynamoDB,us-east-1,RCU/WCU,48.6944,51.16
2024-09-18,AmazonDynamoDB,us-west-2,RCU/WCU,29.9932,25.76
2024-09-18,AmazonDynamoDB,eu-west-1,RCU/WCU,23.304,19.85
2024-09-18,AmazonDynamoDB,ap-south-1,RCU/WCU,17.8923,21.84
2024-09-19,AmazonEC2,us-east-1,InstanceHours,450.1346,430.25
2024-09-19,AmazonEC2,us-west-2,InstanceHours,233.6996,286.46
2024-09-19,AmazonEC2,eu-west-1,InstanceHours,249.3758,231.07
2024-09-19,AmazonEC2,ap-south-1,InstanceHours,119.9976,113.71
2024-09-19,AmazonS3,us-east-1,GB-Month,89.32,92.0
2024-09-19,AmazonS3,us-west-2,GB-Month,55.1772,64.8
2024-09-19,AmazonS3,eu-west-1,GB-Month,46.8873,50.58
2024-09-19,AmazonS3,ap-south-1,GB-Month,29.704,26.84
2024-09-19,AmazonRDS,us-east-1,InstanceHours,228.9382,203.54
2024-09-19,AmazonRDS,us-west-2,InstanceHours,162.7429,141.9
2024-09-19,AmazonRDS,eu-west-1,InstanceHours,132.2997,128.88
2024-09-19,AmazonRDS,ap-south-1,InstanceHours,82.3235,74.48
2024-09-19,AWSLambda,us-east-1,Requests(M),35.4825,30.77
2024-09-19,AWSLambda,us-west-2,Requests(M),21.0669,26.07
2024-09-19,AWSLambda,eu-west-1,Requests(M),18.039,18.43
2024-09-19,AWSLambda,ap-south-1,Requests(M),12.4092,15.46
2024-09-19,AmazonCloudFront,us-east-1,GB-Transfer,60.2807,59.31
2024-09-19,AmazonCloudFront,us-west-2,GB-Transfer,40.9275,38.22
2024-09-19,AmazonCloudFront,eu-west-1,GB-Transfer,31.5576,31.17
2024-09-19,AmazonCloudFront,ap-south-1,GB-Transfer,18.8654,19.65
2024-09-19,AmazonEBS,us-east-1,GB-Month,79.2162,86.17
2024-09-19,AmazonEBS,us-west-2,GB-Month,48.6364,57.18
2024-09-19,AmazonEBS,eu-west-1,GB-Month,37.8989,35.61
2024-09-19,AmazonEBS,ap-south-1,GB-Month,25.4342,25.73
2024-09-19,AmazonDynamoDB,us-east-1,RCU/WCU,54.051,65.57
2024-09-19,AmazonDynamoDB,us-west-2,RCU/WCU,28.1506,29.16
2024-09-19,AmazonDynamoDB,eu-west-1,RCU/WCU,21.5387,19.59
2024-09-19,AmazonDynamoDB,ap-south-1,RCU/WCU,17.6807,15.63
2024-09-20,AmazonEC2,us-east-1,InstanceHours,444.7077,378.82
2024-09-20,AmazonEC2,us-west-2,InstanceHours,234.2248,206.55
2024-09-20,AmazonEC2,eu-west-1,InstanceHours,210.9596,217.09
2024-09-20,AmazonEC2,ap-south-1,InstanceHours,140.537,142.2
2024-09-20,AmazonS3,us-east-1,GB-Month,92.3413,78.83
2024-09-20,AmazonS3,us-west-2,GB-Month,55.79,54.07
2024-09-20,AmazonS3,eu-west-1,GB-Month,49.4237,52.68
2024-09-20,AmazonS3,ap-south-1,GB-Month,28.7991,27.46
2024-09-20,AmazonRDS,us-east-1,InstanceHours,282.6676,300.63
2024-09-20,AmazonRDS,us-west-2,InstanceHours,171.1911,180.06
2024-09-20,AmazonRDS,eu-west-1,InstanceHours,127.7431,141.91
2024-09-20,AmazonRDS,ap-south-1,InstanceHours,77.1962,68.78
2024-09-20,AWSLambda,us-east-1,Requests(M),34.0693,34.01
2024-09-20,AWSLambda,us-west-2,Requests(M),20.8712,18.21
2024-09-20,AWSLambda,eu-west-1,Requests(M),18.0253,19.12
2024-09-20,AWSLambda,ap-south-1,Requests(M),10.8759,9.9
2024-09-20,AmazonCloudFront,us-east-1,GB-Transfer,69.2986,58.54
2024-09-20,AmazonCloudFront,us-west-2,GB-Transfer,38.2535,34.24
2024-09-20,AmazonCloudFront,eu-west-1,GB-Transfer,30.9477,37.92
2024-09-20,AmazonCloudFront,ap-south-1,GB-Transfer,22.5734,18.91
2024-09-20,AmazonEBS,us-east-1,GB-Month,71.7561,67.27
2024-09-20,AmazonEBS,us-west-2,GB-Month,45.6944,50.01
2024-09-20,AmazonEBS,eu-west-1,GB-Month,44.4831,45.47
2024-09-20,AmazonEBS,ap-south-1,GB-Month,26.6536,23.49
2024-09-20,AmazonDynamoDB,us-east-1,RCU/WCU,50.7233,49.97
2024-09-20,AmazonDynamoDB,us-west-2,RCU/WCU,27.1587,25.49
2024-09-20,AmazonDynamoDB,eu-west-1,RCU/WCU,25.0968,23.71
2024-09-20,AmazonDynamoDB,ap-south-1,RCU/WCU,17.3404,20.16
2024-09-21,AmazonEC2,us-east-1,InstanceHours,367.9128,336.98
2024-09-21,AmazonEC2,us-west-2,InstanceHours,235.2759,291.13
2024-09-21,AmazonEC2,eu-west-1,InstanceHours,185.5838,161.19
2024-09-21,AmazonEC2,ap-south-1,InstanceHours,98.9285,97.86
2024-09-21,AmazonS3,us-east-1,GB-Month,79.7556,80.06
2024-09-21,AmazonS3,us-west-2,GB-Month,50.9398,60.08
2024-09-21,AmazonS3,eu-west-1,GB-Month,37.9743,32.74
2024-09-21,AmazonS3,ap-south-1,GB-Month,25.4159,21.83
2024-09-21,AmazonRDS,us-east-1,InstanceHours,231.5268,216.21
2024-09-21,AmazonRDS,us-west-2,InstanceHours,146.2167,131.56
2024-09-21,AmazonRDS,eu-west-1,InstanceHours,117.9955,145.01
2024-09-21,AmazonRDS,ap-south-1,InstanceHours,63.7507,63.81
2024-09-21,AWSLambda,us-east-1,Requests(M),30.233,31.96
2024-09-21,AWSLambda,us-west-2,Requests(M),18.0943,18.6
2024-09-21,AWSLambda,eu-west-1,Requests(M),14.7135,14.69
2024-09-21,AWSLambda,ap-south-1,Requests(M),9.4709,10.85
2024-09-21,AmazonCloudFront,us-east-1,GB-Transfer,61.397,60.04
2024-09-21,AmazonCloudFront,us-west-2,GB-Transfer,34.5941,31.58
2024-09-21,AmazonCloudFront,eu-west-1,GB-Transfer,29.1364,29.94
2024-09-21,AmazonCloudFront,ap-south-1,GB-Transfer,15.0625,15.16
2024-09-21,AmazonEBS,us-east-1,GB-Month,72.9403,78.94
2024-09-21,AmazonEBS,us-west-2,GB-Month,44.8967,53.81
2024-09-21,AmazonEBS,eu-west-1,GB-Month,31.3005,33.2
2024-09-21,AmazonEBS,ap-south-1,GB-Month,20.5974,19.86
2024-09-21,AmazonDynamoDB,us-east-1,RCU/WCU,45.8672,57.07
2024-09-21,AmazonDynamoDB,us-west-2,RCU/WCU,26.0577,29.59
2024-09-21,AmazonDynamoDB,eu-west-1,RCU/WCU,22.4077,24.77
2024-09-21,AmazonDynamoDB,ap-south-1,RCU/WCU,13.813,16.71
2024-09-22,AmazonEC2,us-east-1,InstanceHours,366.6819,336.98
2024-09-22,AmazonEC2,us-west-2,InstanceHours,241.2146,206.64
2024-09-22,AmazonEC2,eu-west-1,InstanceHours,167.5666,166.43
2024-09-22,AmazonEC2,ap-south-1,InstanceHours,108.5299,93.3
2024-09-22,AmazonS3,us-east-1,GB-Month,84.1605,72.37
2024-09-22,AmazonS3,us-west-2,GB-Month,54.744,64.48
2024-09-22,AmazonS3,eu-west-1,GB-Month,43.2924,44.91
2024-09-22,AmazonS3,ap-south-1,GB-Month,24.1615,24.34
2024-09-22,AmazonRDS,us-east-1,InstanceHours,227.834,245.03
2024-09-22,AmazonRDS,us-west-2,InstanceHours,134.953,114.56
2024-09-22,AmazonRDS,eu-west-1,InstanceHours,112.5128,105.3
2024-09-22,AmazonRDS,ap-south-1,InstanceHours,59.4209,68.7
2024-09-22,AWSLambda,us-east-1,Requests(M),35.3564,30.83
2024-09-22,AWSLambda,us-west-2,Requests(M),18.5077,17.62
2024-09-22,AWSLambda,eu-west-1,Requests(M),14.536,12.34
2024-09-22,AWSLambda,ap-south-1,Requests(M),9.6003,11.25
2024-09-22,AmazonCloudFront,us-east-1,GB-Transfer,50.1378,42.73
2024-09-22,AmazonCloudFront,us-west-2,GB-Transfer,34.1894,31.42
2024-09-22,AmazonCloudFront,eu-west-1,GB-Transfer,24.9792,25.56
2024-09-22,AmazonCloudFront,ap-south-1,GB-Transfer,16.8929,16.13
2024-09-22,AmazonEBS,us-east-1,GB-Month,64.808,54.69
2024-09-22,AmazonEBS,us-west-2,GB-Month,40.7119,35.22
2024-09-22,AmazonEBS,eu-west-1,GB-Month,35.405,35.15
2024-09-22,AmazonEBS,ap-south-1,GB-Month,19.091,19.39
2024-09-22,AmazonDynamoDB,us-east-1,RCU/WCU,47.1146,43.15
2024-09-22,AmazonDynamoDB,us-west-2,RCU/WCU,22.9319,23.78
2024-09-22,AmazonDynamoDB,eu-west-1,RCU/WCU,24.7783,22.85
2024-09-22,AmazonDynamoDB,ap-south-1,RCU/WCU,14.3242,17.45
2024-09-23,AmazonEC2,us-east-1,InstanceHours,434.3029,479.91
2024-09-23,AmazonEC2,us-west-2,InstanceHours,287.1089,320.18
2024-09-23,AmazonEC2,eu-west-1,InstanceHours,237.1864,249.32
2024-09-23,AmazonEC2,ap-south-1,InstanceHours,131.2027,119.29
2024-09-23,AmazonS3,us-east-1,GB-Month,93.6378,78.25
2024-09-23,AmazonS3,us-west-2,GB-Month,52.2659,47.16
2024-09-23,AmazonS3,eu-west-1,GB-Month,47.0527,52.66
2024-09-23,AmazonS3,ap-south-1,GB-Month,24.8776,25.81
2024-09-23,AmazonRDS,us-east-1,InstanceHours,286.7831,321.78
2024-09-23,AmazonRDS,us-west-2,InstanceHours,172.3655,147.46
2024-09-23,AmazonRDS,eu-west-1,InstanceHours,117.0455,116.95
2024-09-23,AmazonRDS,ap-south-1,InstanceHours,90.208,86.57
2024-09-23,AWSLambda,us-east-1,Requests(M),34.6991,34.63
2024-09-23,AWSLambda,us-west-2,Requests(M),26.9034,30.9
2024-09-23,AWSLambda,eu-west-1,Requests(M),18.5503,21.76
2024-09-23,AWSLambda,ap-south-1,Requests(M),12.1533,10.98
2024-09-23,AmazonCloudFront,us-east-1,GB-Transfer,57.9289,57.51
2024-09-23,AmazonCloudFront,us-west-2,GB-Transfer,36.5913,43.3
2024-09-23,AmazonCloudFront,eu-west-1,GB-Transfer,29.935,31.4
2024-09-23,AmazonCloudFront,ap-south-1,GB-Transfer,16.5618,14.82
2024-09-23,AmazonEBS,us-east-1,GB-Month,70.4238,77.65
2024-09-23,AmazonEBS,us-west-2,GB-Month,46.392,46.22
2024-09-23,AmazonEBS,eu-west-1,GB-Month,40.2272,39.2
2024-09-23,AmazonEBS,ap-south-1,GB-Month,21.5428,19.84
2024-09-23,AmazonDynamoDB,us-east-1,RCU/WCU,50.5784,43.68
2024-09-23,AmazonDynamoDB,us-west-2,RCU/WCU,29.4811,24.8
2024-09-23,AmazonDynamoDB,eu-west-1,RCU/WCU,25.9056,32.23
2024-09-23,AmazonDynamoDB,ap-south-1,RCU/WCU,16.4434,16.83
2024-09-24,AmazonEC2,us-east-1,InstanceHours,440.9495,471.39
2024-09-24,AmazonEC2,us-west-2,InstanceHours,250.6184,253.31
2024-09-24,AmazonEC2,eu-west-1,InstanceHours,236.5447,222.16
2024-09-24,AmazonEC2,ap-south-1,InstanceHours,134.8174,138.47
2024-09-24,AmazonS3,us-east-1,GB-Month,94.7047,103.64
2024-09-24,AmazonS3,us-west-2,GB-Month,51.7524,63.2
2024-09-24,AmazonS3,eu-west-1,GB-Month,50.248,58.08
2024-09-24,AmazonS3,ap-south-1,GB-Month,29.1135,25.88
2024-09-24,AmazonRDS,us-east-1,InstanceHours,281.492,303.25
2024-09-24,AmazonRDS,us-west-2,InstanceHours,159.6063,156.33
2024-09-24,AmazonRDS,eu-west-1,InstanceHours,131.1347,145.3
2024-09-24,AmazonRDS,ap-south-1,InstanceHours,92.7398,105.85
2024-09-24,AWSLambda,us-east-1,Requests(M),35.2643,35.48
2024-09-24,AWSLambda,us-west-2,Requests(M),19.8123,21.03
2024-09-24,AWSLambda,eu-west-1,Requests(M),18.4863,17.5
2024-09-24,AWSLambda,ap-south-1,Requests(M),10.9264,13.5
2024-09-24,AmazonCloudFront,us-east-1,GB-Transfer,67.8306,73.68
2024-09-24,AmazonCloudFront,us-west-2,GB-Transfer,37.0468,44.22
2024-09-24,AmazonCloudFront,eu-west-1,GB-Transfer,32.803,31.91
2024-09-24,AmazonCloudFront,ap-south-1,GB-Transfer,20.9348,25.49
2024-09-24,AmazonEBS,us-east-1,GB-Month,80.4965,91.15
2024-09-24,AmazonEBS,us-west-2,GB-Month,43.2909,43.22
2024-09-24,AmazonEBS,eu-west-1,GB-Month,33.6415,28.52
2024-09-24,AmazonEBS,ap-south-1,GB-Month,24.2023,21.29
2024-09-24,AmazonDynamoDB,us-east-1,RCU/WCU,50.6454,60.12
2024-09-24,AmazonDynamoDB,us-west-2,RCU/WCU,31.8573,31.95
2024-09-24,AmazonDynamoDB,eu-west-1,RCU/WCU,26.0304,27.53
2024-09-24,AmazonDynamoDB,ap-south-1,RCU/WCU,14.1287,13.38
2024-09-25,AmazonEC2,us-east-1,InstanceHours,432.0256,474.81
2024-09-25,AmazonEC2,us-west-2,InstanceHours,241.3823,208.97
2024-09-25,AmazonEC2,eu-west-1,InstanceHours,210.3443,188.53
2024-09-25,AmazonEC2,ap-south-1,InstanceHours,140.6573,173.12
2024-09-25,AmazonS3,us-east-1,GB-Month,94.2714,102.32
2024-09-25,AmazonS3,us-west-2,GB-Month,58.7623,62.18
2024-09-25,AmazonS3,eu-west-1,GB-Month,47.4283,48.54
2024-09-25,AmazonS3,ap-south-1,GB-Month,27.4953,23.31
2024-09-25,AmazonRDS,us-east-1,InstanceHours,276.1575,278.12
2024-09-25,AmazonRDS,us-west-2,InstanceHours,141.8485,131.2
2024-09-25,AmazonRDS,eu-west-1,InstanceHours,143.4314,163.8
2024-09-25,AmazonRDS,ap-south-1,InstanceHours,76.058,73.89
2024-09-25,AWSLambda,us-east-1,Requests(M),37.8978,32.2
2024-09-25,AWSLambda,us-west-2,Requests(M),21.3201,21.16
2024-09-25,AWSLambda,eu-west-1,Requests(M),16.4843,20.1
2024-09-25,AWSLambda,ap-south-1,Requests(M),10.3717,11.43
2024-09-25,AmazonCloudFront,us-east-1,GB-Transfer,64.9939,55.19
2024-09-25,AmazonCloudFront,us-west-2,GB-Transfer,43.9348,45.84
2024-09-25,AmazonCloudFront,eu-west-1,GB-Transfer,31.0817,30.93
2024-09-25,AmazonCloudFront,ap-south-1,GB-Transfer,21.7327,23.96
2024-09-25,AmazonEBS,us-east-1,GB-Month,68.1828,62.98
2024-09-25,AmazonEBS,us-west-2,GB-Month,37.5953,31.96
2024-09-25,AmazonEBS,eu-west-1,GB-Month,38.2945,38.35
2024-09-25,AmazonEBS,ap-south-1,GB-Month,23.3127,22.91
2024-09-25,AmazonDynamoDB,us-east-1,RCU/WCU,54.3823,45.55
2024-09-25,AmazonDynamoDB,us-west-2,RCU/WCU,29.7214,25.22
2024-09-25,AmazonDynamoDB,eu-west-1,RCU/WCU,26.742,24.72
2024-09-25,AmazonDynamoDB,ap-south-1,RCU/WCU,15.3763,15.67
2024-09-26,AmazonEC2,us-east-1,InstanceHours,480.2333,484.08
2024-09-26,AmazonEC2,us-west-2,InstanceHours,266.2209,280.44
2024-09-26,AmazonEC2,eu-west-1,InstanceHours,266.9044,304.81
2024-09-26,AmazonEC2,ap-south-1,InstanceHours,129.2403,111.38
2024-09-26,AmazonS3,us-east-1,GB-Month,102.3506,121.88
2024-09-26,AmazonS3,us-west-2,GB-Month,62.9395,60.42
2024-09-26,AmazonS3,eu-west-1,GB-Month,37.8634,36.56
2024-09-26,AmazonS3,ap-south-1,GB-Month,29.7593,35.61
2024-09-26,AmazonRDS,us-east-1,InstanceHours,244.5339,204.66
2024-09-26,AmazonRDS,us-west-2,InstanceHours,159.5609,155.75
2024-09-26,AmazonRDS,eu-west-1,InstanceHours,123.7341,147.67
2024-09-26,AmazonRDS,ap-south-1,InstanceHours,89.3148,75.03
2024-09-26,AWSLambda,us-east-1,Requests(M),34.8285,32.86
2024-09-26,AWSLambda,us-west-2,Requests(M),19.0053,23.47
2024-09-26,AWSLambda,eu-west-1,Requests(M),18.5224,20.33
2024-09-26,AWSLambda,ap-south-1,Requests(M),12.1682,14.76
2024-09-26,AmazonCloudFront,us-east-1,GB-Transfer,57.1664,69.19
2024-09-26,AmazonCloudFront,us-west-2,GB-Transfer,40.0895,37.25
2024-09-26,AmazonCloudFront,eu-west-1,GB-Transfer,26.5731,28.11
2024-09-26,AmazonCloudFront,ap-south-1,GB-Transfer,20.9836,23.66
2024-09-26,AmazonEBS,us-east-1,GB-Month,80.6218,83.14
2024-09-26,AmazonEBS,us-west-2,GB-Month,42.5235,43.45
2024-09-26,AmazonEBS,eu-west-1,GB-Month,41.4478,41.69
2024-09-26,AmazonEBS,ap-south-1,GB-Month,22.487,22.1
2024-09-26,AmazonDynamoDB,us-east-1,RCU/WCU,48.3983,58.01
2024-09-26,AmazonDynamoDB,us-west-2,RCU/WCU,29.932,27.57
2024-09-26,AmazonDynamoDB,eu-west-1,RCU/WCU,27.4048,28.66
2024-09-26,AmazonDynamoDB,ap-south-1,RCU/WCU,14.4479,14.95
2024-09-27,AmazonEC2,us-east-1,InstanceHours,360.8259,429.43
2024-09-27,AmazonEC2,us-west-2,InstanceHours,252.4257,273.23
2024-09-27,AmazonEC2,eu-west-1,InstanceHours,241.2792,263.84
2024-09-27,AmazonEC2,ap-south-1,InstanceHours,144.6056,146.95
2024-09-27,AmazonS3,us-east-1,GB-Month,89.7861,110.95
2024-09-27,AmazonS3,us-west-2,GB-Month,53.7222,46.36
2024-09-27,AmazonS3,eu-west-1,GB-Month,44.5529,48.86
2024-09-27,AmazonS3,ap-south-1,GB-Month,26.6401,31.31
2024-09-27,AmazonRDS,us-east-1,InstanceHours,257.8859,302.09
2024-09-27,AmazonRDS,us-west-2,InstanceHours,165.7369,156.67
2024-09-27,AmazonRDS,eu-west-1,InstanceHours,149.6639,146.3
2024-09-27,AmazonRDS,ap-south-1,InstanceHours,75.1192,83.24
2024-09-27,AWSLambda,us-east-1,Requests(M),34.1833,33.69
2024-09-27,AWSLambda,us-west-2,Requests(M),22.5091,23.09
2024-09-27,AWSLambda,eu-west-1,Requests(M),19.2711,16.78
2024-09-27,AWSLambda,ap-south-1,Requests(M),9.6554,8.05
2024-09-27,AmazonCloudFront,us-east-1,GB-Transfer,55.2825,62.11
2024-09-27,AmazonCloudFront,us-west-2,GB-Transfer,42.6529,47.24
2024-09-27,AmazonCloudFront,eu-west-1,GB-Transfer,25.6667,22.02
2024-09-27,AmazonCloudFront,ap-south-1,GB-Transfer,18.2821,19.3
2024-09-27,AmazonEBS,us-east-1,GB-Month,69.6028,61.34
2024-09-27,AmazonEBS,us-west-2,GB-Month,41.3057,38.96
2024-09-27,AmazonEBS,eu-west-1,GB-Month,34.2619,30.4
2024-09-27,AmazonEBS,ap-south-1,GB-Month,25.5468,31.33
2024-09-27,AmazonDynamoDB,us-east-1,RCU/WCU,52.4069,54.63
2024-09-27,AmazonDynamoDB,us-west-2,RCU/WCU,34.0882,34.13
2024-09-27,AmazonDynamoDB,eu-west-1,RCU/WCU,25.8074,27.54
2024-09-27,AmazonDynamoDB,ap-south-1,RCU/WCU,17.0044,19.88
2024-09-28,AmazonEC2,us-east-1,InstanceHours,367.8083,382.55
2024-09-28,AmazonEC2,us-west-2,InstanceHours,171.9171,160.45
2024-09-28,AmazonEC2,eu-west-1,InstanceHours,194.0794,186.67
2024-09-28,AmazonEC2,ap-south-1,InstanceHours,111.1432,98.97
2024-09-28,AmazonS3,us-east-1,GB-Month,78.4401,83.92
2024-09-28,AmazonS3,us-west-2,GB-Month,44.5369,43.33
2024-09-28,AmazonS3,eu-west-1,GB-Month,42.0366,41.33
2024-09-28,AmazonS3,ap-south-1,GB-Month,21.8741,19.3
2024-09-28,AmazonRDS,us-east-1,InstanceHours,242.8456,251.39
2024-09-28,AmazonRDS,us-west-2,InstanceHours,139.4759,149.85
2024-09-28,AmazonRDS,eu-west-1,InstanceHours,121.6839,107.23
2024-09-28,AmazonRDS,ap-south-1,InstanceHours,70.2072,58.59
2024-09-28,AWSLambda,us-east-1,Requests(M),34.026,37.22
2024-09-28,AWSLambda,us-west-2,Requests(M),19.255,21.5
2024-09-28,AWSLambda,eu-west-1,Requests(M),15.6724,15.3
2024-09-28,AWSLambda,ap-south-1,Requests(M),7.6,6.96
2024-09-28,AmazonCloudFront,us-east-1,GB-Transfer,58.5266,56.59
2024-09-28,AmazonCloudFront,us-west-2,GB-Transfer,27.9336,27.41
2024-09-28,AmazonCloudFront,eu-west-1,GB-Transfer,23.8317,28.58
2024-09-28,AmazonCloudFront,ap-south-1,GB-Transfer,16.9752,20.02
2024-09-28,AmazonEBS,us-east-1,GB-Month,66.6247,58.64
2024-09-28,AmazonEBS,us-west-2,GB-Month,35.0326,32.42
2024-09-28,AmazonEBS,eu-west-1,GB-Month,31.7075,32.96
2024-09-28,AmazonEBS,ap-south-1,GB-Month,21.8498,22.82
2024-09-28,AmazonDynamoDB,us-east-1,RCU/WCU,44.8978,51.8
2024-09-28,AmazonDynamoDB,us-west-2,RCU/WCU,26.7016,32.62
2024-09-28,AmazonDynamoDB,eu-west-1,RCU/WCU,20.9333,18.49
2024-09-28,AmazonDynamoDB,ap-south-1,RCU/WCU,14.1867,13.12
2024-09-29,AmazonEC2,us-east-1,InstanceHours,369.39,346.91
2024-09-29,AmazonEC2,us-west-2,InstanceHours,234.6295,237.97
2024-09-29,AmazonEC2,eu-west-1,InstanceHours,174.4072,199.22
2024-09-29,AmazonEC2,ap-south-1,InstanceHours,130.7694,130.36
2024-09-29,AmazonS3,us-east-1,GB-Month,88.6919,81.06
2024-09-29,AmazonS3,us-west-2,GB-Month,48.4486,45.47
2024-09-29,AmazonS3,eu-west-1,GB-Month,41.0519,41.05
2024-09-29,AmazonS3,ap-south-1,GB-Month,22.8465,19.74
2024-09-29,AmazonRDS,us-east-1,InstanceHours,243.6166,283.53
2024-09-29,AmazonRDS,us-west-2,InstanceHours,114.6921,104.41
2024-09-29,AmazonRDS,eu-west-1,InstanceHours,130.7454,112.07
2024-09-29,AmazonRDS,ap-south-1,InstanceHours,72.7371,67.21
2024-09-29,AWSLambda,us-east-1,Requests(M),28.6055,35.73
2024-09-29,AWSLambda,us-west-2,Requests(M),21.0756,24.85
2024-09-29,AWSLambda,eu-west-1,Requests(M),18.0207,18.64
2024-09-29,AWSLambda,ap-south-1,Requests(M),9.6198,8.81
2024-09-29,AmazonCloudFront,us-east-1,GB-Transfer,49.8964,56.91
2024-09-29,AmazonCloudFront,us-west-2,GB-Transfer,32.0817,28.24
2024-09-29,AmazonCloudFront,eu-west-1,GB-Transfer,27.7939,32.81
2024-09-29,AmazonCloudFront,ap-south-1,GB-Transfer,16.3804,13.69
2024-09-29,AmazonEBS,us-east-1,GB-Month,61.2983,59.39
2024-09-29,AmazonEBS,us-west-2,GB-Month,41.6302,35.84
2024-09-29,AmazonEBS,eu-west-1,GB-Month,36.3809,41.57
2024-09-29,AmazonEBS,ap-south-1,GB-Month,18.0392,17.18
2024-09-29,AmazonDynamoDB,us-east-1,RCU/WCU,40.4542,43.72
2024-09-29,AmazonDynamoDB,us-west-2,RCU/WCU,25.3025,29.03
2024-09-29,AmazonDynamoDB,eu-west-1,RCU/WCU,21.8258,24.3
2024-09-29,AmazonDynamoDB,ap-south-1,RCU/WCU,14.2161,14.52
2024-09-30,AmazonEC2,us-east-1,InstanceHours,478.9301,402.97
2024-09-30,AmazonEC2,us-west-2,InstanceHours,245.7049,251.95
2024-09-30,AmazonEC2,eu-west-1,InstanceHours,222.9544,258.38
2024-09-30,AmazonEC2,ap-south-1,InstanceHours,143.1956,133.05
2024-09-30,AmazonS3,us-east-1,GB-Month,110.4415,95.55
2024-09-30,AmazonS3,us-west-2,GB-Month,57.3073,58.71
2024-09-30,AmazonS3,eu-west-1,GB-Month,47.9634,48.18
2024-09-30,AmazonS3,ap-south-1,GB-Month,29.1161,27.96
2024-09-30,AmazonRDS,us-east-1,InstanceHours,264.7931,284.53
2024-09-30,AmazonRDS,us-west-2,InstanceHours,164.5404,156.81
2024-09-30,AmazonRDS,eu-west-1,InstanceHours,114.4883,117.39
2024-09-30,AmazonRDS,ap-south-1,InstanceHours,77.6815,85.83
2024-09-30,AWSLambda,us-east-1,Requests(M),38.0453,37.82
2024-09-30,AWSLambda,us-west-2,Requests(M),20.3812,23.16
2024-09-30,AWSLambda,eu-west-1,Requests(M),19.5494,23.58
2024-09-30,AWSLambda,ap-south-1,Requests(M),9.4847,11.04
2024-09-30,AmazonCloudFront,us-east-1,GB-Transfer,66.8143,61.49
2024-09-30,AmazonCloudFront,us-west-2,GB-Transfer,40.0798,37.54
2024-09-30,AmazonCloudFront,eu-west-1,GB-Transfer,36.8727,45.22
2024-09-30,AmazonCloudFront,ap-south-1,GB-Transfer,18.2742,17.43
2024-09-30,AmazonEBS,us-east-1,GB-Month,78.3874,83.13
2024-09-30,AmazonEBS,us-west-2,GB-Month,52.7917,57.95
2024-09-30,AmazonEBS,eu-west-1,GB-Month,43.505,37.88
2024-09-30,AmazonEBS,ap-south-1,GB-Month,25.4312,27.14
2024-09-30,AmazonDynamoDB,us-east-1,RCU/WCU,53.6763,46.55
2024-09-30,AmazonDynamoDB,us-west-2,RCU/WCU,35.1127,34.73
2024-09-30,AmazonDynamoDB,eu-west-1,RCU/WCU,31.6468,28.78
2024-09-30,AmazonDynamoDB,ap-south-1,RCU/WCU,16.425,13.85
2024-10-01,AmazonEC2,us-east-1,InstanceHours,446.9569,427.32
2024-10-01,AmazonEC2,us-west-2,InstanceHours,282.5584,284.56
2024-10-01,AmazonEC2,eu-west-1,InstanceHours,225.8067,205.49
2024-10-01,AmazonEC2,ap-south-1,InstanceHours,130.6438,141.29
2024-10-01,AmazonS3,us-east-1,GB-Month,102.0184,123.07
2024-10-01,AmazonS3,us-west-2,GB-Month,54.9625,47.69
2024-10-01,AmazonS3,eu-west-1,GB-Month,49.8997,42.49
2024-10-01,AmazonS3,ap-south-1,GB-Month,25.166,23.49
2024-10-01,AmazonRDS,us-east-1,InstanceHours,313.2432,334.09
2024-10-01,AmazonRDS,us-west-2,InstanceHours,155.163,170.34
2024-10-01,AmazonRDS,eu-west-1,InstanceHours,123.0657,150.14
2024-10-01,AmazonRDS,ap-south-1,InstanceHours,91.5212,112.65
2024-10-01,AWSLambda,us-east-1,Requests(M),41.6964,41.08
2024-10-01,AWSLambda,us-west-2,Requests(M),22.8302,20.09
2024-10-01,AWSLambda,eu-west-1,Requests(M),18.4089,20.57
2024-10-01,AWSLambda,ap-south-1,Requests(M),10.8335,11.07
2024-10-01,AmazonCloudFront,us-east-1,GB-Transfer,64.9445,63.57
2024-10-01,AmazonCloudFront,us-west-2,GB-Transfer,38.0369,32.45
2024-10-01,AmazonCloudFront,eu-west-1,GB-Transfer,31.3861,26.75
2024-10-01,AmazonCloudFront,ap-south-1,GB-Transfer,17.7502,17.45
2024-10-01,AmazonEBS,us-east-1,GB-Month,72.2284,90.25
2024-10-01,AmazonEBS,us-west-2,GB-Month,48.0338,42.73
2024-10-01,AmazonEBS,eu-west-1,GB-Month,40.4911,34.73
2024-10-01,AmazonEBS,ap-south-1,GB-Month,22.4799,25.45
2024-10-01,AmazonDynamoDB,us-east-1,RCU/WCU,50.5075,48.49
2024-10-01,AmazonDynamoDB,us-west-2,RCU/WCU,32.3867,37.42
2024-10-01,AmazonDynamoDB,eu-west-1,RCU/WCU,24.6018,24.97
2024-10-01,AmazonDynamoDB,ap-south-1,RCU/WCU,17.2519,16.59
2024-10-02,AmazonEC2,us-east-1,InstanceHours,464.2263,504.02
2024-10-02,AmazonEC2,us-west-2,InstanceHours,251.5898,236.25
2024-10-02,AmazonEC2,eu-west-1,InstanceHours,231.1583,271.54
2024-10-02,AmazonEC2,ap-south-1,InstanceHours,124.2323,128.06
2024-10-02,AmazonS3,us-east-1,GB-Month,101.6762,112.37
2024-10-02,AmazonS3,us-west-2,GB-Month,53.4073,46.33
2024-10-02,AmazonS3,eu-west-1,GB-Month,47.2632,45.2
2024-10-02,AmazonS3,ap-south-1,GB-Month,28.9583,34.68
2024-10-02,AmazonRDS,us-east-1,InstanceHours,309.3408,290.8
2024-10-02,AmazonRDS,us-west-2,InstanceHours,155.0667,147.7
2024-10-02,AmazonRDS,eu-west-1,InstanceHours,128.8027,153.12
2024-10-02,AmazonRDS,ap-south-1,InstanceHours,73.0557,67.17
2024-10-02,AWSLambda,us-east-1,Requests(M),42.646,47.41
2024-10-02,AWSLambda,us-west-2,Requests(M),22.322,24.01
2024-10-02,AWSLambda,eu-west-1,Requests(M),20.1674,17.4
2024-10-02,AWSLambda,ap-south-1,Requests(M),10.6214,10.54
2024-10-02,AmazonCloudFront,us-east-1,GB-Transfer,61.1361,53.08
2024-10-02,AmazonCloudFront,us-west-2,GB-Transfer,38.0198,47.22
2024-10-02,AmazonCloudFront,eu-west-1,GB-Transfer,31.7578,33.9
2024-10-02,AmazonCloudFront,ap-south-1,GB-Transfer,20.123,17.2
2024-10-02,AmazonEBS,us-east-1,GB-Month,79.9048,78.37
2024-10-02,AmazonEBS,us-west-2,GB-Month,46.2813,52.13
2024-10-02,AmazonEBS,eu-west-1,GB-Month,45.7672,41.96
2024-10-02,AmazonEBS,ap-south-1,GB-Month,22.1639,27.69
2024-10-02,AmazonDynamoDB,us-east-1,RCU/WCU,49.7224,61.0
2024-10-02,AmazonDynamoDB,us-west-2,RCU/WCU,29.5849,34.84
2024-10-02,AmazonDynamoDB,eu-west-1,RCU/WCU,28.0361,31.06
2024-10-02,AmazonDynamoDB,ap-south-1,RCU/WCU,16.4705,20.38
2024-10-03,AmazonEC2,us-east-1,InstanceHours,439.5535,492.79
2024-10-03,AmazonEC2,us-west-2,InstanceHours,247.5023,245.93
2024-10-03,AmazonEC2,eu-west-1,InstanceHours,225.1541,239.08
2024-10-03,AmazonEC2,ap-south-1,InstanceHours,142.8721,150.0
2024-10-03,AmazonS3,us-east-1,GB-Month,107.4543,109.57
2024-10-03,AmazonS3,us-west-2,GB-Month,54.4386,47.64
2024-10-03,AmazonS3,eu-west-1,GB-Month,47.082,45.97
2024-10-03,AmazonS3,ap-south-1,GB-Month,29.6238,35.35
2024-10-03,AmazonRDS,us-east-1,InstanceHours,267.1889,302.77
2024-10-03,AmazonRDS,us-west-2,InstanceHours,147.8915,128.53
2024-10-03,AmazonRDS,eu-west-1,InstanceHours,136.069,130.55
2024-10-03,AmazonRDS,ap-south-1,InstanceHours,74.6755,69.35
2024-10-03,AWSLambda,us-east-1,Requests(M),39.9616,38.9
2024-10-03,AWSLambda,us-west-2,Requests(M),21.7161,22.25
2024-10-03,AWSLambda,eu-west-1,Requests(M),18.4593,16.36
2024-10-03,AWSLambda,ap-south-1,Requests(M),10.4633,10.0
2024-10-03,AmazonCloudFront,us-east-1,GB-Transfer,63.4827,74.92
2024-10-03,AmazonCloudFront,us-west-2,GB-Transfer,42.0632,52.22
2024-10-03,AmazonCloudFront,eu-west-1,GB-Transfer,34.5552,30.96
2024-10-03,AmazonCloudFront,ap-south-1,GB-Transfer,17.437,18.99
2024-10-03,AmazonEBS,us-east-1,GB-Month,62.2478,64.56
2024-10-03,AmazonEBS,us-west-2,GB-Month,47.1297,52.8
2024-10-03,AmazonEBS,eu-west-1,GB-Month,38.7998,47.19
2024-10-03,AmazonEBS,ap-south-1,GB-Month,23.1665,26.35
2024-10-03,AmazonDynamoDB,us-east-1,RCU/WCU,50.6584,53.71
2024-10-03,AmazonDynamoDB,us-west-2,RCU/WCU,29.0089,36.11
2024-10-03,AmazonDynamoDB,eu-west-1,RCU/WCU,31.3589,29.54
2024-10-03,AmazonDynamoDB,ap-south-1,RCU/WCU,18.2754,19.14
2024-10-04,AmazonEC2,us-east-1,InstanceHours,430.9726,524.54
2024-10-04,AmazonEC2,us-west-2,InstanceHours,269.8807,274.58
2024-10-04,AmazonEC2,eu-west-1,InstanceHours,240.1204,285.22
2024-10-04,AmazonEC2,ap-south-1,InstanceHours,134.9051,119.48
2024-10-04,AmazonS3,us-east-1,GB-Month,91.763,99.03
2024-10-04,AmazonS3,us-west-2,GB-Month,51.266,53.4
2024-10-04,AmazonS3,eu-west-1,GB-Month,47.7466,42.61
2024-10-04,AmazonS3,ap-south-1,GB-Month,25.8801,26.5
2024-10-04,AmazonRDS,us-east-1,InstanceHours,302.0422,279.04
2024-10-04,AmazonRDS,us-west-2,InstanceHours,164.933,165.57
2024-10-04,AmazonRDS,eu-west-1,InstanceHours,143.5408,139.25
2024-10-04,AmazonRDS,ap-south-1,InstanceHours,80.5118,90.62
2024-10-04,AWSLambda,us-east-1,Requests(M),39.5614,48.38
2024-10-04,AWSLambda,us-west-2,Requests(M),21.1352,17.66
2024-10-04,AWSLambda,eu-west-1,Requests(M),18.9821,19.82
2024-10-04,AWSLambda,ap-south-1,Requests(M),10.8063,10.84
2024-10-04,AmazonCloudFront,us-east-1,GB-Transfer,62.4716,61.55
2024-10-04,AmazonCloudFront,us-west-2,GB-Transfer,41.1193,50.16
2024-10-04,AmazonCloudFront,eu-west-1,GB-Transfer,29.8769,35.34
2024-10-04,AmazonCloudFront,ap-south-1,GB-Transfer,19.6302,20.36
2024-10-04,AmazonEBS,us-east-1,GB-Month,87.975,100.96
2024-10-04,AmazonEBS,us-west-2,GB-Month,51.2448,61.6
2024-10-04,AmazonEBS,eu-west-1,GB-Month,37.8264,33.51
2024-10-04,AmazonEBS,ap-south-1,GB-Month,24.7998,22.39
2024-10-04,AmazonDynamoDB,us-east-1,RCU/WCU,45.8164,50.63
2024-10-04,AmazonDynamoDB,us-west-2,RCU/WCU,34.3608,40.48
2024-10-04,AmazonDynamoDB,eu-west-1,RCU/WCU,32.0923,34.01
2024-10-04,AmazonDynamoDB,ap-south-1,RCU/WCU,16.284,16.45
2024-10-05,AmazonEC2,us-east-1,InstanceHours,420.4932,362.34
2024-10-05,AmazonEC2,us-west-2,InstanceHours,202.6174,234.09
2024-10-05,AmazonEC2,eu-west-1,InstanceHours,174.0211,165.74
2024-10-05,AmazonEC2,ap-south-1,InstanceHours,110.5166,101.25
2024-10-05,AmazonS3,us-east-1,GB-Month,128.10576,105.16749999999999
2024-10-05,AmazonS3,us-west-2,GB-Month,79.7664,93.6355
2024-10-05,AmazonS3,eu-west-1,GB-Month,61.75616,51.6925
2024-10-05,AmazonS3,ap-south-1,GB-Month,39.35808,37.6805
2024-10-05,AmazonRDS,us-east-1,InstanceHours,252.3857,293.43
2024-10-05,AmazonRDS,us-west-2,InstanceHours,146.1105,179.18
2024-10-05,AmazonRDS,eu-west-1,InstanceHours,113.7347,133.56
2024-10-05,AmazonRDS,ap-south-1,InstanceHours,74.4487,75.4
2024-10-05,AWSLambda,us-east-1,Requests(M),30.5176,33.54
2024-10-05,AWSLambda,us-west-2,Requests(M),19.0489,23.43
2024-10-05,AWSLambda,eu-west-1,Requests(M),16.9156,14.18
2024-10-05,AWSLambda,ap-south-1,Requests(M),9.3216,8.84
2024-10-05,AmazonCloudFront,us-east-1,GB-Transfer,48.8305,41.78
2024-10-05,AmazonCloudFront,us-west-2,GB-Transfer,32.5832,29.54
2024-10-05,AmazonCloudFront,eu-west-1,GB-Transfer,29.0191,32.97
2024-10-05,AmazonCloudFront,ap-south-1,GB-Transfer,17.54,19.83
2024-10-05,AmazonEBS,us-east-1,GB-Month,61.9517,63.51
2024-10-05,AmazonEBS,us-west-2,GB-Month,42.8117,38.47
2024-10-05,AmazonEBS,eu-west-1,GB-Month,33.1349,29.67
2024-10-05,AmazonEBS,ap-south-1,GB-Month,22.6513,19.95
2024-10-05,AmazonDynamoDB,us-east-1,RCU/WCU,40.7579,44.81
2024-10-05,AmazonDynamoDB,us-west-2,RCU/WCU,28.4977,30.78
2024-10-05,AmazonDynamoDB,eu-west-1,RCU/WCU,21.9001,24.78
2024-10-05,AmazonDynamoDB,ap-south-1,RCU/WCU,12.8816,13.12
2024-10-06,AmazonEC2,us-east-1,InstanceHours,407.4468,486.04
2024-10-06,AmazonEC2,us-west-2,InstanceHours,247.5355,211.74
2024-10-06,AmazonEC2,eu-west-1,InstanceHours,159.7335,144.87
2024-10-06,AmazonEC2,ap-south-1,InstanceHours,122.4124,135.57
2024-10-06,AmazonS3,us-east-1,GB-Month,129.0336,110.06550000000001
2024-10-06,AmazonS3,us-west-2,GB-Month,78.0256,77.19
2024-10-06,AmazonS3,eu-west-1,GB-Month,58.43888,52.8705
2024-10-06,AmazonS3,ap-south-1,GB-Month,40.816,35.65
2024-10-06,AmazonRDS,us-east-1,InstanceHours,277.8267,282.77
2024-10-06,AmazonRDS,us-west-2,InstanceHours,134.6083,116.28
2024-10-06,AmazonRDS,eu-west-1,InstanceHours,128.6875,114.84
2024-10-06,AmazonRDS,ap-south-1,InstanceHours,70.2348,72.84
2024-10-06,AWSLambda,us-east-1,Requests(M),30.2949,26.8
2024-10-06,AWSLambda,us-west-2,Requests(M),16.7826,18.83
2024-10-06,AWSLambda,eu-west-1,Requests(M),17.5234,18.61
2024-10-06,AWSLambda,ap-south-1,Requests(M),9.5446,9.03
2024-10-06,AmazonCloudFront,us-east-1,GB-Transfer,52.143,46.65
2024-10-06,AmazonCloudFront,us-west-2,GB-Transfer,31.6872,37.74
2024-10-06,AmazonCloudFront,eu-west-1,GB-Transfer,28.524,30.39
2024-10-06,AmazonCloudFront,ap-south-1,GB-Transfer,15.6409,13.15
2024-10-06,AmazonEBS,us-east-1,GB-Month,62.5696,57.77
2024-10-06,AmazonEBS,us-west-2,GB-Month,40.1763,49.45
2024-10-06,AmazonEBS,eu-west-1,GB-Month,33.3992,28.21
2024-10-06,AmazonEBS,ap-south-1,GB-Month,20.0048,18.57
2024-10-06,AmazonDynamoDB,us-east-1,RCU/WCU,43.492,46.54
2024-10-06,AmazonDynamoDB,us-west-2,RCU/WCU,29.7821,33.32
2024-10-06,AmazonDynamoDB,eu-west-1,RCU/WCU,27.5345,26.16
2024-10-06,AmazonDynamoDB,ap-south-1,RCU/WCU,12.3927,13.73
2024-10-07,AmazonEC2,us-east-1,InstanceHours,371.2213,378.93
2024-10-07,AmazonEC2,us-west-2,InstanceHours,262.0923,254.89
2024-10-07,AmazonEC2,eu-west-1,InstanceHours,187.3052,171.35
2024-10-07,AmazonEC2,ap-south-1,InstanceHours,117.5415,109.41
2024-10-07,AmazonS3,us-east-1,GB-Month,146.38064,135.85750000000002
2024-10-07,AmazonS3,us-west-2,GB-Month,96.58976000000001,90.489
2024-10-07,AmazonS3,eu-west-1,GB-Month,74.816,78.30600000000001
2024-10-07,AmazonS3,ap-south-1,GB-Month,37.36096,42.253
2024-10-07,AmazonRDS,us-east-1,InstanceHours,269.8909,251.48
2024-10-07,AmazonRDS,us-west-2,InstanceHours,162.8748,153.04
2024-10-07,AmazonRDS,eu-west-1,InstanceHours,135.9075,131.39
2024-10-07,AmazonRDS,ap-south-1,InstanceHours,89.9458,75.56
2024-10-07,AWSLambda,us-east-1,Requests(M),39.7906,47.76
2024-10-07,AWSLambda,us-west-2,Requests(M),22.3887,25.55
2024-10-07,AWSLambda,eu-west-1,Requests(M),21.6038,19.18
2024-10-07,AWSLambda,ap-south-1,Requests(M),9.8492,8.24
2024-10-07,AmazonCloudFront,us-east-1,GB-Transfer,60.9788,54.42
2024-10-07,AmazonCloudFront,us-west-2,GB-Transfer,37.7738,36.26
2024-10-07,AmazonCloudFront,eu-west-1,GB-Transfer,31.7379,28.93
2024-10-07,AmazonCloudFront,ap-south-1,GB-Transfer,16.9091,15.26
2024-10-07,AmazonEBS,us-east-1,GB-Month,67.1498,56.45
2024-10-07,AmazonEBS,us-west-2,GB-Month,47.6855,44.76
2024-10-07,AmazonEBS,eu-west-1,GB-Month,34.6933,31.76
2024-10-07,AmazonEBS,ap-south-1,GB-Month,22.5818,25.18
2024-10-07,AmazonDynamoDB,us-east-1,RCU/WCU,53.4954,58.4
2024-10-07,AmazonDynamoDB,us-west-2,RCU/WCU,28.5295,27.13
2024-10-07,AmazonDynamoDB,eu-west-1,RCU/WCU,27.1998,29.78
2024-10-07,AmazonDynamoDB,ap-south-1,RCU/WCU,14.8646,18.58
2024-10-08,AmazonEC2,us-east-1,InstanceHours,432.176,388.88
2024-10-08,AmazonEC2,us-west-2,InstanceHours,277.8961,266.33
2024-10-08,AmazonEC2,eu-west-1,InstanceHours,221.1352,206.17
2024-10-08,AmazonEC2,ap-south-1,InstanceHours,136.8344,165.78
2024-10-08,AmazonS3,us-east-1,GB-Month,158.00672,150.722
2024-10-08,AmazonS3,us-west-2,GB-Month,90.86368,96.19300000000001
2024-10-08,AmazonS3,eu-west-1,GB-Month,78.54592000000001,71.92
2024-10-08,AmazonS3,ap-south-1,GB-Month,43.30032,44.175000000000004
2024-10-08,AmazonRDS,us-east-1,InstanceHours,286.4354,308.53
2024-10-08,AmazonRDS,us-west-2,InstanceHours,162.3295,180.19
2024-10-08,AmazonRDS,eu-west-1,InstanceHours,152.1598,180.87
2024-10-08,AmazonRDS,ap-south-1,InstanceHours,83.5906,71.01
2024-10-08,AWSLambda,us-east-1,Requests(M),35.4659,32.69
2024-10-08,AWSLambda,us-west-2,Requests(M),23.1677,24.29
2024-10-08,AWSLambda,eu-west-1,Requests(M),20.5576,17.35
2024-10-08,AWSLambda,ap-south-1,Requests(M),10.7146,12.6
2024-10-08,AmazonCloudFront,us-east-1,GB-Transfer,60.4013,63.55
2024-10-08,AmazonCloudFront,us-west-2,GB-Transfer,30.1674,31.91
2024-10-08,AmazonCloudFront,eu-west-1,GB-Transfer,32.1439,32.99
2024-10-08,AmazonCloudFront,ap-south-1,GB-Transfer,18.582,21.17
2024-10-08,AmazonEBS,us-east-1,GB-Month,82.7139,83.17
2024-10-08,AmazonEBS,us-west-2,GB-Month,49.7142,54.07
2024-10-08,AmazonEBS,eu-west-1,GB-Month,35.351,39.52
2024-10-08,AmazonEBS,ap-south-1,GB-Month,25.5705,23.41
2024-10-08,AmazonDynamoDB,us-east-1,RCU/WCU,49.752,55.5
2024-10-08,AmazonDynamoDB,us-west-2,RCU/WCU,30.6265,26.08
2024-10-08,AmazonDynamoDB,eu-west-1,RCU/WCU,21.7241,18.9
2024-10-08,AmazonDynamoDB,ap-south-1,RCU/WCU,16.3274,17.04
2024-10-09,AmazonEC2,us-east-1,InstanceHours,406.0791,426.95
2024-10-09,AmazonEC2,us-west-2,InstanceHours,253.8896,273.98
2024-10-09,AmazonEC2,eu-west-1,InstanceHours,201.5513,195.51
2024-10-09,AmazonEC2,ap-south-1,InstanceHours,144.2018,174.5
2024-10-09,AmazonS3,us-east-1,GB-Month,147.9904,122.03150000000001
2024-10-09,AmazonS3,us-west-2,GB-Month,82.28304000000001,83.824
2024-10-09,AmazonS3,eu-west-1,GB-Month,68.94592,78.5075
2024-10-09,AmazonS3,ap-south-1,GB-Month,48.756,57.3655
2024-10-09,AmazonRDS,us-east-1,InstanceHours,256.8654,295.38
2024-10-09,AmazonRDS,us-west-2,InstanceHours,158.9707,143.96
2024-10-09,AmazonRDS,eu-west-1,InstanceHours,138.2142,145.22
2024-10-09,AmazonRDS,ap-south-1,InstanceHours,80.5985,80.39
2024-10-09,AWSLambda,us-east-1,Requests(M),31.6695,34.5
2024-10-09,AWSLambda,us-west-2,Requests(M),23.3569,21.36
2024-10-09,AWSLambda,eu-west-1,Requests(M),18.1879,21.68
2024-10-09,AWSLambda,ap-south-1,Requests(M),11.3924,9.83
2024-10-09,AmazonCloudFront,us-east-1,GB-Transfer,67.1271,71.12
2024-10-09,AmazonCloudFront,us-west-2,GB-Transfer,31.9699,37.6
2024-10-09,AmazonCloudFront,eu-west-1,GB-Transfer,33.5888,38.12
2024-10-09,AmazonCloudFront,ap-south-1,GB-Transfer,22.8936,23.34
2024-10-09,AmazonEBS,us-east-1,GB-Month,82.0584,97.83
2024-10-09,AmazonEBS,us-west-2,GB-Month,52.7409,51.75
2024-10-09,AmazonEBS,eu-west-1,GB-Month,42.7964,40.69
2024-10-09,AmazonEBS,ap-south-1,GB-Month,25.116,29.17
2024-10-09,AmazonDynamoDB,us-east-1,RCU/WCU,57.2284,70.67
2024-10-09,AmazonDynamoDB,us-west-2,RCU/WCU,34.8067,36.08
2024-10-09,AmazonDynamoDB,eu-west-1,RCU/WCU,29.1018,32.83
2024-10-09,AmazonDynamoDB,ap-south-1,RCU/WCU,14.3607,13.86
2024-10-10,AmazonEC2,us-east-1,InstanceHours,483.1444,536.39
2024-10-10,AmazonEC2,us-west-2,InstanceHours,261.6057,219.39
2024-10-10,AmazonEC2,eu-west-1,InstanceHours,245.1909,293.91
2024-10-10,AmazonEC2,ap-south-1,InstanceHours,138.8106,158.93
2024-10-10,AmazonS3,us-east-1,GB-Month,137.70304000000002,127.70450000000001
2024-10-10,AmazonS3,us-west-2,GB-Month,102.02192000000001,91.65150000000001
2024-10-10,AmazonS3,eu-west-1,GB-Month,71.67008,83.8705
2024-10-10,AmazonS3,ap-south-1,GB-Month,44.671040000000005,41.788000000000004
2024-10-10,AmazonRDS,us-east-1,InstanceHours,312.9129,311.7
2024-10-10,AmazonRDS,us-west-2,InstanceHours,167.2693,172.62
2024-10-10,AmazonRDS,eu-west-1,InstanceHours,133.9619,143.39
2024-10-10,AmazonRDS,ap-south-1,InstanceHours,82.1844,69.04
2024-10-10,AWSLambda,us-east-1,Requests(M),36.0059,34.78
2024-10-10,AWSLambda,us-west-2,Requests(M),23.6972,20.81
2024-10-10,AWSLambda,eu-west-1,Requests(M),18.0465,21.75
2024-10-10,AWSLambda,ap-south-1,Requests(M),11.0932,11.05
2024-10-10,AmazonCloudFront,us-east-1,GB-Transfer,66.5456,63.55
2024-10-10,AmazonCloudFront,us-west-2,GB-Transfer,39.5644,37.4
2024-10-10,AmazonCloudFront,eu-west-1,GB-Transfer,30.0556,27.74
2024-10-10,AmazonCloudFront,ap-south-1,GB-Transfer,20.3321,22.95
2024-10-10,AmazonEBS,us-east-1,GB-Month,76.2143,78.78
2024-10-10,AmazonEBS,us-west-2,GB-Month,43.7953,43.65
2024-10-10,AmazonEBS,eu-west-1,GB-Month,34.1819,42.11
2024-10-10,AmazonEBS,ap-south-1,GB-Month,23.5113,22.56
2024-10-10,AmazonDynamoDB,us-east-1,RCU/WCU,46.3032,40.38
2024-10-10,AmazonDynamoDB,us-west-2,RCU/WCU,29.7193,27.05
2024-10-10,AmazonDynamoDB,eu-west-1,RCU/WCU,26.4656,31.05
2024-10-10,AmazonDynamoDB,ap-south-1,RCU/WCU,17.3715,16.11
2024-10-11,AmazonEC2,us-east-1,InstanceHours,435.2096,526.89
2024-10-11,AmazonEC2,us-west-2,InstanceHours,237.1413,209.84
2024-10-11,AmazonEC2,eu-west-1,InstanceHours,220.6743,201.02
2024-10-11,AmazonEC2,ap-south-1,InstanceHours,145.4426,138.81
2024-10-11,AmazonS3,us-east-1,GB-Month,148.94144,129.48700000000002
2024-10-11,AmazonS3,us-west-2,GB-Month,101.44656,99.77350000000001
2024-10-11,AmazonS3,eu-west-1,GB-Month,76.18656,74.927
2024-10-11,AmazonS3,ap-south-1,GB-Month,48.38288,42.067
2024-10-11,AmazonRDS,us-east-1,InstanceHours,280.415,321.61
2024-10-11,AmazonRDS,us-west-2,InstanceHours,182.4101,184.79
2024-10-11,AmazonRDS,eu-west-1,InstanceHours,161.4245,142.6
2024-10-11,AmazonRDS,ap-south-1,InstanceHours,79.5728,97.07
2024-10-11,AWSLambda,us-east-1,Requests(M),37.5712,42.75
2024-10-11,AWSLambda,us-west-2,Requests(M),24.3186,26.24
2024-10-11,AWSLambda,eu-west-1,Requests(M),18.9265,23.06
2024-10-11,AWSLambda,ap-south-1,Requests(M),9.5334,11.04
2024-10-11,AmazonCloudFront,us-east-1,GB-Transfer,62.1351,69.55
2024-10-11,AmazonCloudFront,us-west-2,GB-Transfer,38.9081,39.65
2024-10-11,AmazonCloudFront,eu-west-1,GB-Transfer,35.8556,36.63
2024-10-11,AmazonCloudFront,ap-south-1,GB-Transfer,19.238,17.24
2024-10-11,AmazonEBS,us-east-1,GB-Month,73.9031,85.68
2024-10-11,AmazonEBS,us-west-2,GB-Month,48.7272,49.99
2024-10-11,AmazonEBS,eu-west-1,GB-Month,44.4239,43.03
2024-10-11,AmazonEBS,ap-south-1,GB-Month,22.6627,23.72
2024-10-11,AmazonDynamoDB,us-east-1,RCU/WCU,50.8618,49.37
2024-10-11,AmazonDynamoDB,us-west-2,RCU/WCU,30.2537,31.21
2024-10-11,AmazonDynamoDB,eu-west-1,RCU/WCU,23.7663,22.31
2024-10-11,AmazonDynamoDB,ap-south-1,RCU/WCU,15.9743,14.0
2024-10-12,AmazonEC2,us-east-1,InstanceHours,376.614,316.43
2024-10-12,AmazonEC2,us-west-2,InstanceHours,196.1427,210.16
2024-10-12,AmazonEC2,eu-west-1,InstanceHours,176.9534,169.75
2024-10-12,AmazonEC2,ap-south-1,InstanceHours,115.2316,137.86
2024-10-12,AmazonS3,us-east-1,GB-Month,136.82016000000002,127.9525
2024-10-12,AmazonS3,us-west-2,GB-Month,83.84064000000001,82.8785
2024-10-12,AmazonS3,eu-west-1,GB-Month,68.85504,64.5575
2024-10-12,AmazonS3,ap-south-1,GB-Month,38.91792,37.138000000000005
2024-10-12,AmazonRDS,us-east-1,InstanceHours,207.2972,258.64
2024-10-12,AmazonRDS,us-west-2,InstanceHours,138.023,153.94
2024-10-12,AmazonRDS,eu-west-1,InstanceHours,94.8431,96.84
2024-10-12,AmazonRDS,ap-south-1,InstanceHours,71.3611,59.85
2024-10-12,AWSLambda,us-east-1,Requests(M),29.8837,35.02
2024-10-12,AWSLambda,us-west-2,Requests(M),15.8187,19.31
2024-10-12,AWSLambda,eu-west-1,Requests(M),16.2387,14.71
2024-10-12,AWSLambda,ap-south-1,Requests(M),10.562,12.28
2024-10-12,AmazonCloudFront,us-east-1,GB-Transfer,47.2781,53.05
2024-10-12,AmazonCloudFront,us-west-2,GB-Transfer,33.6224,41.79
2024-10-12,AmazonCloudFront,eu-west-1,GB-Transfer,26.1794,30.92
2024-10-12,AmazonCloudFront,ap-south-1,GB-Transfer,15.2288,12.75
2024-10-12,AmazonEBS,us-east-1,GB-Month,63.4645,72.15
2024-10-12,AmazonEBS,us-west-2,GB-Month,39.2683,37.94
2024-10-12,AmazonEBS,eu-west-1,GB-Month,32.7141,30.97
2024-10-12,AmazonEBS,ap-south-1,GB-Month,20.2052,20.93
2024-10-12,AmazonDynamoDB,us-east-1,RCU/WCU,41.974,39.54
2024-10-12,AmazonDynamoDB,us-west-2,RCU/WCU,25.5824,26.47
2024-10-12,AmazonDynamoDB,eu-west-1,RCU/WCU,23.5213,22.92
2024-10-12,AmazonDynamoDB,ap-south-1,RCU/WCU,12.5024,10.93
2024-10-13,AmazonEC2,us-east-1,InstanceHours,386.208,361.14
2024-10-13,AmazonEC2,us-west-2,InstanceHours,220.7949,260.99
2024-10-13,AmazonEC2,eu-west-1,InstanceHours,180.9591,153.62
2024-10-13,AmazonEC2,ap-south-1,InstanceHours,130.0259,151.79
2024-10-13,AmazonS3,us-east-1,GB-Month,116.56944000000001,95.48
2024-10-13,AmazonS3,us-west-2,GB-Month,87.41312,90.861
2024-10-13,AmazonS3,eu-west-1,GB-Month,69.19584,55.93950000000001
2024-10-13,AmazonS3,ap-south-1,GB-Month,36.960640000000005,39.742000000000004
2024-10-13,AmazonRDS,us-east-1,InstanceHours,250.4567,272.84
2024-10-13,AmazonRDS,us-west-2,InstanceHours,110.1111,136.6
2024-10-13,AmazonRDS,eu-west-1,InstanceHours,110.3834,112.93
2024-10-13,AmazonRDS,ap-south-1,InstanceHours,65.0827,74.94
2024-10-13,AWSLambda,us-east-1,Requests(M),32.5082,38.97
2024-10-13,AWSLambda,us-west-2,Requests(M),19.9846,18.85
2024-10-13,AWSLambda,eu-west-1,Requests(M),16.233,20.26
2024-10-13,AWSLambda,ap-south-1,Requests(M),9.5546,10.63
2024-10-13,AmazonCloudFront,us-east-1,GB-Transfer,58.1083,69.46
2024-10-13,AmazonCloudFront,us-west-2,GB-Transfer,34.4521,34.26
2024-10-13,AmazonCloudFront,eu-west-1,GB-Transfer,25.6181,22.79
2024-10-13,AmazonCloudFront,ap-south-1,GB-Transfer,15.5047,18.16
2024-10-13,AmazonEBS,us-east-1,GB-Month,71.4412,81.71
2024-10-13,AmazonEBS,us-west-2,GB-Month,40.3792,33.9
2024-10-13,AmazonEBS,eu-west-1,GB-Month,33.8311,38.97
2024-10-13,AmazonEBS,ap-south-1,GB-Month,20.5049,22.13
2024-10-13,AmazonDynamoDB,us-east-1,RCU/WCU,38.7234,42.45
2024-10-13,AmazonDynamoDB,us-west-2,RCU/WCU,25.5268,21.47
2024-10-13,AmazonDynamoDB,eu-west-1,RCU/WCU,23.3776,29.22
2024-10-13,AmazonDynamoDB,ap-south-1,RCU/WCU,12.755,12.28
2024-10-14,AmazonEC2,us-east-1,InstanceHours,436.7303,499.57
2024-10-14,AmazonEC2,us-west-2,InstanceHours,277.0875,261.24
2024-10-14,AmazonEC2,eu-west-1,InstanceHours,240.3556,259.08
2024-10-14,AmazonEC2,ap-south-1,InstanceHours,145.6055,161.63
2024-10-14,AmazonS3,us-east-1,GB-Month,167.18464,165.106
2024-10-14,AmazonS3,us-west-2,GB-Month,90.50800000000001,90.4115
2024-10-14,AmazonS3,eu-west-1,GB-Month,74.79744,71.393
2024-10-14,AmazonS3,ap-south-1,GB-Month,41.53136000000001,49.73950000000001
2024-10-14,AmazonRDS,us-east-1,InstanceHours,307.8398,287.16
2024-10-14,AmazonRDS,us-west-2,InstanceHours,161.5176,153.23
2024-10-14,AmazonRDS,eu-west-1,InstanceHours,153.6118,151.11
2024-10-14,AmazonRDS,ap-south-1,InstanceHours,84.5635,90.97
2024-10-14,AWSLambda,us-east-1,Requests(M),40.2117,38.88
2024-10-14,AWSLambda,us-west-2,Requests(M),22.1156,20.68
2024-10-14,AWSLambda,eu-west-1,Requests(M),19.3933,20.22
2024-10-14,AWSLambda,ap-south-1,Requests(M),12.0973,12.03
2024-10-14,AmazonCloudFront,us-east-1,GB-Transfer,61.0604,63.92
2024-10-14,AmazonCloudFront,us-west-2,GB-Transfer,41.8147,49.88
2024-10-14,AmazonCloudFront,eu-west-1,GB-Transfer,29.1419,30.29
2024-10-14,AmazonCloudFront,ap-south-1,GB-Transfer,21.803,20.34
2024-10-14,AmazonEBS,us-east-1,GB-Month,80.4368,72.54
2024-10-14,AmazonEBS,us-west-2,GB-Month,45.1032,39.87
2024-10-14,AmazonEBS,eu-west-1,GB-Month,42.3312,42.58
2024-10-14,AmazonEBS,ap-south-1,GB-Month,24.4833,24.08
2024-10-14,AmazonDynamoDB,us-east-1,RCU/WCU,45.747,47.79
2024-10-14,AmazonDynamoDB,us-west-2,RCU/WCU,30.8,32.25
2024-10-14,AmazonDynamoDB,eu-west-1,RCU/WCU,24.3772,21.3
2024-10-14,AmazonDynamoDB,ap-south-1,RCU/WCU,14.727,17.79
2024-10-15,AmazonEC2,us-east-1,InstanceHours,411.2003,438.47
2024-10-15,AmazonEC2,us-west-2,InstanceHours,278.1941,337.36
2024-10-15,AmazonEC2,eu-west-1,InstanceHours,238.5245,206.69
2024-10-15,AmazonEC2,ap-south-1,InstanceHours,125.372,141.09
2024-10-15,AmazonS3,us-east-1,GB-Month,128.9312,108.6705
2024-10-15,AmazonS3,us-west-2,GB-Month,74.11040000000001,64.9605
2024-10-15,AmazonS3,eu-west-1,GB-Month,88.92336,75.64
2024-10-15,AmazonS3,ap-south-1,GB-Month,46.3712,55.89300000000001
2024-10-15,AmazonRDS,us-east-1,InstanceHours,293.6736,267.92
2024-10-15,AmazonRDS,us-west-2,InstanceHours,162.7741,160.03
2024-10-15,AmazonRDS,eu-west-1,InstanceHours,114.3851,113.45
2024-10-15,AmazonRDS,ap-south-1,InstanceHours,85.4158,80.42
2024-10-15,AWSLambda,us-east-1,Requests(M),41.9989,36.7
2024-10-15,AWSLambda,us-west-2,Requests(M),21.1395,24.53
2024-10-15,AWSLambda,eu-west-1,Requests(M),15.2591,14.19
2024-10-15,AWSLambda,ap-south-1,Requests(M),10.0899,11.21
2024-10-15,AmazonCloudFront,us-east-1,GB-Transfer,68.0375,70.34
2024-10-15,AmazonCloudFront,us-west-2,GB-Transfer,39.1492,33.62
2024-10-15,AmazonCloudFront,eu-west-1,GB-Transfer,34.8577,43.13
2024-10-15,AmazonCloudFront,ap-south-1,GB-Transfer,19.0934,18.33
2024-10-15,AmazonEBS,us-east-1,GB-Month,83.8531,91.8
2024-10-15,AmazonEBS,us-west-2,GB-Month,46.0927,42.89
2024-10-15,AmazonEBS,eu-west-1,GB-Month,36.2554,44.54
2024-10-15,AmazonEBS,ap-south-1,GB-Month,25.1616,26.11
2024-10-15,AmazonDynamoDB,us-east-1,RCU/WCU,56.7738,50.68
2024-10-15,AmazonDynamoDB,us-west-2,RCU/WCU,30.2551,30.78
2024-10-15,AmazonDynamoDB,eu-west-1,RCU/WCU,29.763,26.32
2024-10-15,AmazonDynamoDB,ap-south-1,RCU/WCU,17.9001,18.45
2024-10-16,AmazonEC2,us-east-1,InstanceHours,411.4021,405.53
2024-10-16,AmazonEC2,us-west-2,InstanceHours,247.7398,252.88
2024-10-16,AmazonEC2,eu-west-1,InstanceHours,207.2142,190.55
2024-10-16,AmazonEC2,ap-south-1,InstanceHours,132.208,149.3
2024-10-16,AmazonS3,us-east-1,GB-Month,148.05312,160.952
2024-10-16,AmazonS3,us-west-2,GB-Month,82.024,76.88000000000001
2024-10-16,AmazonS3,eu-west-1,GB-Month,71.2072,67.9675
2024-10-16,AmazonS3,ap-south-1,GB-Month,38.07376,41.85
2024-10-16,AmazonRDS,us-east-1,InstanceHours,232.2859,285.28
2024-10-16,AmazonRDS,us-west-2,InstanceHours,145.7662,145.88
2024-10-16,AmazonRDS,eu-west-1,InstanceHours,159.7602,147.54
2024-10-16,AmazonRDS,ap-south-1,InstanceHours,94.8101,108.85
2024-10-16,AWSLambda,us-east-1,Requests(M),39.3239,33.36
2024-10-16,AWSLambda,us-west-2,Requests(M),21.196,24.81
2024-10-16,AWSLambda,eu-west-1,Requests(M),16.3306,19.82
2024-10-16,AWSLambda,ap-south-1,Requests(M),11.119,11.95
2024-10-16,AmazonCloudFront,us-east-1,GB-Transfer,65.8505,64.97
2024-10-16,AmazonCloudFront,us-west-2,GB-Transfer,35.8682,41.83
2024-10-16,AmazonCloudFront,eu-west-1,GB-Transfer,32.7819,35.07
2024-10-16,AmazonCloudFront,ap-south-1,GB-Transfer,17.284,16.71
2024-10-16,AmazonEBS,us-east-1,GB-Month,75.8232,85.27
2024-10-16,AmazonEBS,us-west-2,GB-Month,46.7154,53.38
2024-10-16,AmazonEBS,eu-west-1,GB-Month,45.7,50.47
2024-10-16,AmazonEBS,ap-south-1,GB-Month,22.2265,27.62
2024-10-16,AmazonDynamoDB,us-east-1,RCU/WCU,63.3508,53.45
2024-10-16,AmazonDynamoDB,us-west-2,RCU/WCU,32.9121,31.77
2024-10-16,AmazonDynamoDB,eu-west-1,RCU/WCU,31.8634,27.21
2024-10-16,AmazonDynamoDB,ap-south-1,RCU/WCU,14.6361,12.94
2024-10-17,AmazonEC2,us-east-1,InstanceHours,405.2952,447.81
2024-10-17,AmazonEC2,us-west-2,InstanceHours,250.9888,250.55
2024-10-17,AmazonEC2,eu-west-1,InstanceHours,222.9978,269.61
2024-10-17,AmazonEC2,ap-south-1,InstanceHours,151.6552,139.21
2024-10-17,AmazonS3,us-east-1,GB-Month,145.09152,131.905
2024-10-17,AmazonS3,us-west-2,GB-Month,98.16720000000001,97.97550000000001
2024-10-17,AmazonS3,eu-west-1,GB-Month,88.12432000000001,74.0125
2024-10-17,AmazonS3,ap-south-1,GB-Month,46.73264,45.353
2024-10-17,AmazonRDS,us-east-1,InstanceHours,299.7381,337.53
2024-10-17,AmazonRDS,us-west-2,InstanceHours,154.6977,161.92
2024-10-17,AmazonRDS,eu-west-1,InstanceHours,142.3095,148.0
2024-10-17,AmazonRDS,ap-south-1,InstanceHours,87.0893,98.31
2024-10-17,AWSLambda,us-east-1,Requests(M),33.1014,38.03
2024-10-17,AWSLambda,us-west-2,Requests(M),20.6594,18.83
2024-10-17,AWSLambda,eu-west-1,Requests(M),18.1036,18.97
2024-10-17,AWSLambda,ap-south-1,Requests(M),9.681,8.12
2024-10-17,AmazonCloudFront,us-east-1,GB-Transfer,59.8911,71.65
2024-10-17,AmazonCloudFront,us-west-2,GB-Transfer,37.583,36.27
2024-10-17,AmazonCloudFront,eu-west-1,GB-Transfer,28.0444,28.83
2024-10-17,AmazonCloudFront,ap-south-1,GB-Transfer,21.836,26.58
2024-10-17,AmazonEBS,us-east-1,GB-Month,85.9289,99.94
2024-10-17,AmazonEBS,us-west-2,GB-Month,61.1669,72.68
2024-10-17,AmazonEBS,eu-west-1,GB-Month,35.7925,39.74
2024-10-17,AmazonEBS,ap-south-1,GB-Month,24.7083,28.42
2024-10-17,AmazonDynamoDB,us-east-1,RCU/WCU,49.9463,56.5
2024-10-17,AmazonDynamoDB,us-west-2,RCU/WCU,28.9363,29.03
2024-10-17,AmazonDynamoDB,eu-west-1,RCU/WCU,28.5072,32.93
2024-10-17,AmazonDynamoDB,ap-south-1,RCU/WCU,15.97,14.24
2024-10-18,AmazonEC2,us-east-1,InstanceHours,432.1217,450.4
2024-10-18,AmazonEC2,us-west-2,InstanceHours,273.2651,314.8
2024-10-18,AmazonEC2,eu-west-1,InstanceHours,207.292,202.73
2024-10-18,AmazonEC2,ap-south-1,InstanceHours,124.0445,128.6
2024-10-18,AmazonS3,us-east-1,GB-Month,144.25648,163.02900000000002
2024-10-18,AmazonS3,us-west-2,GB-Month,100.10768000000002,84.83149999999999
2024-10-18,AmazonS3,eu-west-1,GB-Month,82.8456,78.182
2024-10-18,AmazonS3,ap-south-1,GB-Month,41.080960000000005,40.2535
2024-10-18,AmazonRDS,us-east-1,InstanceHours,314.2044,376.24
2024-10-18,AmazonRDS,us-west-2,InstanceHours,164.943,154.55
2024-10-18,AmazonRDS,eu-west-1,InstanceHours,142.5663,146.23
2024-10-18,AmazonRDS,ap-south-1,InstanceHours,77.9363,81.06
2024-10-18,AWSLambda,us-east-1,Requests(M),37.1626,43.69
2024-10-18,AWSLambda,us-west-2,Requests(M),20.2458,20.44
2024-10-18,AWSLambda,eu-west-1,Requests(M),17.389,17.52
2024-10-18,AWSLambda,ap-south-1,Requests(M),11.8897,9.93
2024-10-18,AmazonCloudFront,us-east-1,GB-Transfer,68.0722,70.47
2024-10-18,AmazonCloudFront,us-west-2,GB-Transfer,39.6272,35.79
2024-10-18,AmazonCloudFront,eu-west-1,GB-Transfer,30.707,26.98
2024-10-18,AmazonCloudFront,ap-south-1,GB-Transfer,17.094,18.21
2024-10-18,AmazonEBS,us-east-1,GB-Month,87.7679,84.84
2024-10-18,AmazonEBS,us-west-2,GB-Month,51.3645,54.48
2024-10-18,AmazonEBS,eu-west-1,GB-Month,33.9035,40.67
2024-10-18,AmazonEBS,ap-south-1,GB-Month,25.5636,21.35
2024-10-18,AmazonDynamoDB,us-east-1,RCU/WCU,51.4406,48.52
2024-10-18,AmazonDynamoDB,us-west-2,RCU/WCU,33.5872,36.05
2024-10-18,AmazonDynamoDB,eu-west-1,RCU/WCU,23.3943,24.96
2024-10-18,AmazonDynamoDB,ap-south-1,RCU/WCU,15.0497,15.61
2024-10-19,AmazonEC2,us-east-1,InstanceHours,381.2817,323.83
2024-10-19,AmazonEC2,us-west-2,InstanceHours,259.8581,318.16
2024-10-19,AmazonEC2,eu-west-1,InstanceHours,229.5784,196.54
2024-10-19,AmazonEC2,ap-south-1,InstanceHours,114.4084,139.58
2024-10-19,AmazonS3,us-east-1,GB-Month,141.33456,152.675
2024-10-19,AmazonS3,us-west-2,GB-Month,79.29184000000001,66.7585
2024-10-19,AmazonS3,eu-west-1,GB-Month,65.88448,65.4255
2024-10-19,AmazonS3,ap-south-1,GB-Month,40.5968,48.081
2024-10-19,AmazonRDS,us-east-1,InstanceHours,233.165,287.29
2024-10-19,AmazonRDS,us-west-2,InstanceHours,149.8485,139.27
2024-10-19,AmazonRDS,eu-west-1,InstanceHours,107.1409,120.97
2024-10-19,AmazonRDS,ap-south-1,InstanceHours,69.9882,84.75
2024-10-19,AWSLambda,us-east-1,Requests(M),36.3586,36.28
2024-10-19,AWSLambda,us-west-2,Requests(M),20.683,18.35
2024-10-19,AWSLambda,eu-west-1,Requests(M),16.1724,20.09
2024-10-19,AWSLambda,ap-south-1,Requests(M),10.219,9.48
2024-10-19,AmazonCloudFront,us-east-1,GB-Transfer,60.8078,57.39
2024-10-19,AmazonCloudFront,us-west-2,GB-Transfer,27.3718,29.12
2024-10-19,AmazonCloudFront,eu-west-1,GB-Transfer,26.4313,27.84
2024-10-19,AmazonCloudFront,ap-south-1,GB-Transfer,15.3465,17.33
2024-10-19,AmazonEBS,us-east-1,GB-Month,59.9938,73.73
2024-10-19,AmazonEBS,us-west-2,GB-Month,47.3277,51.01
2024-10-19,AmazonEBS,eu-west-1,GB-Month,35.3771,32.46
2024-10-19,AmazonEBS,ap-south-1,GB-Month,21.8332,20.23
2024-10-19,AmazonDynamoDB,us-east-1,RCU/WCU,42.7764,47.06
2024-10-19,AmazonDynamoDB,us-west-2,RCU/WCU,26.3859,23.29
2024-10-19,AmazonDynamoDB,eu-west-1,RCU/WCU,22.5158,28.01
2024-10-19,AmazonDynamoDB,ap-south-1,RCU/WCU,13.9461,16.29
2024-10-20,AmazonEC2,us-east-1,InstanceHours,402.1904,484.54
2024-10-20,AmazonEC2,us-west-2,InstanceHours,194.7619,165.42
2024-10-20,AmazonEC2,eu-west-1,InstanceHours,200.029,179.85
2024-10-20,AmazonEC2,ap-south-1,InstanceHours,111.4033,101.08
2024-10-20,AmazonS3,us-east-1,GB-Month,146.43344,134.4315
2024-10-20,AmazonS3,us-west-2,GB-Month,86.27536,79.48400000000001
2024-10-20,AmazonS3,eu-west-1,GB-Month,66.38416,58.838
2024-10-20,AmazonS3,ap-south-1,GB-Month,39.023360000000004,34.038000000000004
2024-10-20,AmazonRDS,us-east-1,InstanceHours,228.4679,274.1
2024-10-20,AmazonRDS,us-west-2,InstanceHours,145.108,146.11
2024-10-20,AmazonRDS,eu-west-1,InstanceHours,129.2221,132.19
2024-10-20,AmazonRDS,ap-south-1,InstanceHours,70.5883,68.64
2024-10-20,AWSLambda,us-east-1,Requests(M),30.1304,28.8
2024-10-20,AWSLambda,us-west-2,Requests(M),18.9704,16.77
2024-10-20,AWSLambda,eu-west-1,Requests(M),16.1591,15.58
2024-10-20,AWSLambda,ap-south-1,Requests(M),8.6073,9.94
2024-10-20,AmazonCloudFront,us-east-1,GB-Transfer,48.1605,55.45
2024-10-20,AmazonCloudFront,us-west-2,GB-Transfer,31.0558,29.1
2024-10-20,AmazonCloudFront,eu-west-1,GB-Transfer,30.5014,36.52
2024-10-20,AmazonCloudFront,ap-south-1,GB-Transfer,17.806,15.38
2024-10-20,AmazonEBS,us-east-1,GB-Month,59.0799,59.98
2024-10-20,AmazonEBS,us-west-2,GB-Month,37.5208,39.25
2024-10-20,AmazonEBS,eu-west-1,GB-Month,35.859,32.23
2024-10-20,AmazonEBS,ap-south-1,GB-Month,19.6012,16.72
2024-10-20,AmazonDynamoDB,us-east-1,RCU/WCU,46.7107,51.34
2024-10-20,AmazonDynamoDB,us-west-2,RCU/WCU,23.7381,21.01
2024-10-20,AmazonDynamoDB,eu-west-1,RCU/WCU,22.5469,24.1
2024-10-20,AmazonDynamoDB,ap-south-1,RCU/WCU,13.4146,14.44
2024-10-21,AmazonEC2,us-east-1,InstanceHours,479.669,459.59
2024-10-21,AmazonEC2,us-west-2,InstanceHours,275.6463,241.53
2024-10-21,AmazonEC2,eu-west-1,InstanceHours,225.1464,229.69
2024-10-21,AmazonEC2,ap-south-1,InstanceHours,115.1179,143.06
2024-10-21,AmazonS3,us-east-1,GB-Month,110.3061,106.39
2024-10-21,AmazonS3,us-west-2,GB-Month,60.3857,55.17
2024-10-21,AmazonS3,eu-west-1,GB-Month,44.9857,53.14
2024-10-21,AmazonS3,ap-south-1,GB-Month,28.8882,27.81
2024-10-21,AmazonRDS,us-east-1,InstanceHours,267.125,274.86
2024-10-21,AmazonRDS,us-west-2,InstanceHours,162.6379,159.18
2024-10-21,AmazonRDS,eu-west-1,InstanceHours,151.0929,142.88
2024-10-21,AmazonRDS,ap-south-1,InstanceHours,76.4837,81.96
2024-10-21,AWSLambda,us-east-1,Requests(M),39.2723,37.23
2024-10-21,AWSLambda,us-west-2,Requests(M),24.494,23.98
2024-10-21,AWSLambda,eu-west-1,Requests(M),19.3791,17.19
2024-10-21,AWSLambda,ap-south-1,Requests(M),10.9907,10.62
2024-10-21,AmazonCloudFront,us-east-1,GB-Transfer,59.6345,63.7
2024-10-21,AmazonCloudFront,us-west-2,GB-Transfer,36.1699,36.51
2024-10-21,AmazonCloudFront,eu-west-1,GB-Transfer,32.1513,37.12
2024-10-21,AmazonCloudFront,ap-south-1,GB-Transfer,16.201,13.6
2024-10-21,AmazonEBS,us-east-1,GB-Month,79.8375,73.25
2024-10-21,AmazonEBS,us-west-2,GB-Month,51.0019,52.34
2024-10-21,AmazonEBS,eu-west-1,GB-Month,35.1056,38.14
2024-10-21,AmazonEBS,ap-south-1,GB-Month,26.1229,25.33
2024-10-21,AmazonDynamoDB,us-east-1,RCU/WCU,64.4938,70.51
2024-10-21,AmazonDynamoDB,us-west-2,RCU/WCU,31.6378,33.42
2024-10-21,AmazonDynamoDB,eu-west-1,RCU/WCU,26.0336,30.94
2024-10-21,AmazonDynamoDB,ap-south-1,RCU/WCU,15.7379,13.99
2024-10-22,AmazonEC2,us-east-1,InstanceHours,448.8558,493.78
2024-10-22,AmazonEC2,us-west-2,InstanceHours,260.7562,227.02
2024-10-22,AmazonEC2,eu-west-1,InstanceHours,188.1422,186.82
2024-10-22,AmazonEC2,ap-south-1,InstanceHours,131.9641,138.5
2024-10-22,AmazonS3,us-east-1,GB-Month,87.926,73.35
2024-10-22,AmazonS3,us-west-2,GB-Month,57.9881,59.77
2024-10-22,AmazonS3,eu-west-1,GB-Month,52.7145,55.75
2024-10-22,AmazonS3,ap-south-1,GB-Month,26.4477,23.34
2024-10-22,AmazonRDS,us-east-1,InstanceHours,314.2544,372.79
2024-10-22,AmazonRDS,us-west-2,InstanceHours,160.5295,141.01
2024-10-22,AmazonRDS,eu-west-1,InstanceHours,128.5344,149.79
2024-10-22,AmazonRDS,ap-south-1,InstanceHours,87.2257,94.14
2024-10-22,AWSLambda,us-east-1,Requests(M),35.6818,37.21
2024-10-22,AWSLambda,us-west-2,Requests(M),22.1806,21.57
2024-10-22,AWSLambda,eu-west-1,Requests(M),18.5843,16.48
2024-10-22,AWSLambda,ap-south-1,Requests(M),11.6864,11.47
2024-10-22,AmazonCloudFront,us-east-1,GB-Transfer,63.2217,61.37
2024-10-22,AmazonCloudFront,us-west-2,GB-Transfer,37.5966,31.86
2024-10-22,AmazonCloudFront,eu-west-1,GB-Transfer,30.8068,34.69
2024-10-22,AmazonCloudFront,ap-south-1,GB-Transfer,19.8678,22.57
2024-10-22,AmazonEBS,us-east-1,GB-Month,76.142,76.01
2024-10-22,AmazonEBS,us-west-2,GB-Month,52.8633,53.63
2024-10-22,AmazonEBS,eu-west-1,GB-Month,39.859,49.08
2024-10-22,AmazonEBS,ap-south-1,GB-Month,20.6429,24.21
2024-10-22,AmazonDynamoDB,us-east-1,RCU/WCU,54.3132,56.04
2024-10-22,AmazonDynamoDB,us-west-2,RCU/WCU,33.0103,32.79
2024-10-22,AmazonDynamoDB,eu-west-1,RCU/WCU,29.3967,26.4
2024-10-22,AmazonDynamoDB,ap-south-1,RCU/WCU,14.9616,13.54
2024-10-23,AmazonEC2,us-east-1,InstanceHours,413.9756,442.67
2024-10-23,AmazonEC2,us-west-2,InstanceHours,281.2338,284.67
2024-10-23,AmazonEC2,eu-west-1,InstanceHours,243.3951,261.23
2024-10-23,AmazonEC2,ap-south-1,InstanceHours,125.2788,146.47
2024-10-23,AmazonS3,us-east-1,GB-Month,97.4777,109.48
2024-10-23,AmazonS3,us-west-2,GB-Month,56.9777,54.53
2024-10-23,AmazonS3,eu-west-1,GB-Month,44.8671,45.09
2024-10-23,AmazonS3,ap-south-1,GB-Month,28.3544,26.23
2024-10-23,AmazonRDS,us-east-1,InstanceHours,299.527,327.15
2024-10-23,AmazonRDS,us-west-2,InstanceHours,165.87,198.77
2024-10-23,AmazonRDS,eu-west-1,InstanceHours,135.9433,131.91
2024-10-23,AmazonRDS,ap-south-1,InstanceHours,86.6728,77.61
2024-10-23,AWSLambda,us-east-1,Requests(M),40.6232,47.56
2024-10-23,AWSLambda,us-west-2,Requests(M),20.5419,22.41
2024-10-23,AWSLambda,eu-west-1,Requests(M),19.0166,21.39
2024-10-23,AWSLambda,ap-south-1,Requests(M),10.8104,9.95
2024-10-23,AmazonCloudFront,us-east-1,GB-Transfer,63.8189,62.81
2024-10-23,AmazonCloudFront,us-west-2,GB-Transfer,40.2568,40.89
2024-10-23,AmazonCloudFront,eu-west-1,GB-Transfer,31.0797,29.85
2024-10-23,AmazonCloudFront,ap-south-1,GB-Transfer,15.989,13.39
2024-10-23,AmazonEBS,us-east-1,GB-Month,78.9792,74.3
2024-10-23,AmazonEBS,us-west-2,GB-Month,51.4824,44.46
2024-10-23,AmazonEBS,eu-west-1,GB-Month,41.1815,42.62
2024-10-23,AmazonEBS,ap-south-1,GB-Month,23.6509,22.73
2024-10-23,AmazonDynamoDB,us-east-1,RCU/WCU,53.5921,59.69
2024-10-23,AmazonDynamoDB,us-west-2,RCU/WCU,31.9654,29.1
2024-10-23,AmazonDynamoDB,eu-west-1,RCU/WCU,22.8034,20.53
2024-10-23,AmazonDynamoDB,ap-south-1,RCU/WCU,16.0995,15.77
2024-10-24,AmazonEC2,us-east-1,InstanceHours,399.9548,402.97
2024-10-24,AmazonEC2,us-west-2,InstanceHours,291.7953,278.71
2024-10-24,AmazonEC2,eu-west-1,InstanceHours,199.6109,168.5
2024-10-24,AmazonEC2,ap-south-1,InstanceHours,129.2116,128.62
2024-10-24,AmazonS3,us-east-1,GB-Month,90.8865,96.48
2024-10-24,AmazonS3,us-west-2,GB-Month,64.3616,66.84
2024-10-24,AmazonS3,eu-west-1,GB-Month,51.9232,51.04
2024-10-24,AmazonS3,ap-south-1,GB-Month,23.412,23.44
2024-10-24,AmazonRDS,us-east-1,InstanceHours,275.3345,317.34
2024-10-24,AmazonRDS,us-west-2,InstanceHours,150.5336,177.0
2024-10-24,AmazonRDS,eu-west-1,InstanceHours,139.571,131.2
2024-10-24,AmazonRDS,ap-south-1,InstanceHours,87.0605,90.62
2024-10-24,AWSLambda,us-east-1,Requests(M),37.8275,34.15
2024-10-24,AWSLambda,us-west-2,Requests(M),23.5543,24.86
2024-10-24,AWSLambda,eu-west-1,Requests(M),18.1685,20.0
2024-10-24,AWSLambda,ap-south-1,Requests(M),11.3771,12.44
2024-10-24,AmazonCloudFront,us-east-1,GB-Transfer,67.1016,82.56
2024-10-24,AmazonCloudFront,us-west-2,GB-Transfer,36.8058,44.32
2024-10-24,AmazonCloudFront,eu-west-1,GB-Transfer,29.6279,33.19
2024-10-24,AmazonCloudFront,ap-south-1,GB-Transfer,18.0982,16.17
2024-10-24,AmazonEBS,us-east-1,GB-Month,78.7517,81.04
2024-10-24,AmazonEBS,us-west-2,GB-Month,47.7573,49.58
2024-10-24,AmazonEBS,eu-west-1,GB-Month,40.8194,37.77
2024-10-24,AmazonEBS,ap-south-1,GB-Month,22.4437,20.62
2024-10-24,AmazonDynamoDB,us-east-1,RCU/WCU,56.0493,47.57
2024-10-24,AmazonDynamoDB,us-west-2,RCU/WCU,36.4295,37.28
2024-10-24,AmazonDynamoDB,eu-west-1,RCU/WCU,25.2611,21.53
2024-10-24,AmazonDynamoDB,ap-south-1,RCU/WCU,19.0194,22.9
2024-10-25,AmazonEC2,us-east-1,InstanceHours,515.8491,461.91
2024-10-25,AmazonEC2,us-west-2,InstanceHours,267.3739,258.78
2024-10-25,AmazonEC2,eu-west-1,InstanceHours,219.9797,271.79
2024-10-25,AmazonEC2,ap-south-1,InstanceHours,126.5441,135.81
2024-10-25,AmazonS3,us-east-1,GB-Month,102.0703,89.64
2024-10-25,AmazonS3,us-west-2,GB-Month,57.5992,67.68
2024-10-25,AmazonS3,eu-west-1,GB-Month,48.3983,47.78
2024-10-25,AmazonS3,ap-south-1,GB-Month,26.7099,29.46
2024-10-25,AmazonRDS,us-east-1,InstanceHours,295.5526,309.94
2024-10-25,AmazonRDS,us-west-2,InstanceHours,162.3728,148.32
2024-10-25,AmazonRDS,eu-west-1,InstanceHours,126.1729,107.73
2024-10-25,AmazonRDS,ap-south-1,InstanceHours,82.2353,83.77
2024-10-25,AWSLambda,us-east-1,Requests(M),34.7999,43.09
2024-10-25,AWSLambda,us-west-2,Requests(M),24.6963,29.39
2024-10-25,AWSLambda,eu-west-1,Requests(M),21.4689,22.99
2024-10-25,AWSLambda,ap-south-1,Requests(M),11.0951,10.29
2024-10-25,AmazonCloudFront,us-east-1,GB-Transfer,69.0707,69.28
2024-10-25,AmazonCloudFront,us-west-2,GB-Transfer,41.3571,35.47
2024-10-25,AmazonCloudFront,eu-west-1,GB-Transfer,24.2844,27.6
2024-10-25,AmazonCloudFront,ap-south-1,GB-Transfer,18.1005,19.61
2024-10-25,AmazonEBS,us-east-1,GB-Month,80.2775,89.26
2024-10-25,AmazonEBS,us-west-2,GB-Month,46.1012,50.02
2024-10-25,AmazonEBS,eu-west-1,GB-Month,37.4747,41.78
2024-10-25,AmazonEBS,ap-south-1,GB-Month,25.9898,29.96
2024-10-25,AmazonDynamoDB,us-east-1,RCU/WCU,51.0636,52.03
2024-10-25,AmazonDynamoDB,us-west-2,RCU/WCU,32.6624,32.57
2024-10-25,AmazonDynamoDB,eu-west-1,RCU/WCU,28.6659,25.5
2024-10-25,AmazonDynamoDB,ap-south-1,RCU/WCU,17.7271,21.67
2024-10-26,AmazonEC2,us-east-1,InstanceHours,346.6271,403.8
2024-10-26,AmazonEC2,us-west-2,InstanceHours,209.391,228.67
2024-10-26,AmazonEC2,eu-west-1,InstanceHours,192.5995,180.76
2024-10-26,AmazonEC2,ap-south-1,InstanceHours,95.8475,100.63
2024-10-26,AmazonS3,us-east-1,GB-Month,75.0685,81.94
2024-10-26,AmazonS3,us-west-2,GB-Month,53.4938,52.63
2024-10-26,AmazonS3,eu-west-1,GB-Month,42.6058,39.14
2024-10-26,AmazonS3,ap-south-1,GB-Month,24.098,28.85
2024-10-26,AmazonRDS,us-east-1,InstanceHours,243.155,232.82
2024-10-26,AmazonRDS,us-west-2,InstanceHours,148.5125,131.65
2024-10-26,AmazonRDS,eu-west-1,InstanceHours,104.2398,103.74
2024-10-26,AmazonRDS,ap-south-1,InstanceHours,67.6151,66.32
2024-10-26,AWSLambda,us-east-1,Requests(M),37.5122,31.8
2024-10-26,AWSLambda,us-west-2,Requests(M),21.0332,18.12
2024-10-26,AWSLambda,eu-west-1,Requests(M),16.0725,13.65
2024-10-26,AWSLambda,ap-south-1,Requests(M),9.6886,11.54
2024-10-26,AmazonCloudFront,us-east-1,GB-Transfer,53.9018,47.34
2024-10-26,AmazonCloudFront,us-west-2,GB-Transfer,27.9266,27.87
2024-10-26,AmazonCloudFront,eu-west-1,GB-Transfer,25.7333,28.56
2024-10-26,AmazonCloudFront,ap-south-1,GB-Transfer,16.7525,15.33
2024-10-26,AmazonEBS,us-east-1,GB-Month,65.1353,71.9
2024-10-26,AmazonEBS,us-west-2,GB-Month,37.2433,39.62
2024-10-26,AmazonEBS,eu-west-1,GB-Month,31.3536,30.68
2024-10-26,AmazonEBS,ap-south-1,GB-Month,22.5746,26.88
2024-10-26,AmazonDynamoDB,us-east-1,RCU/WCU,43.2377,40.81
2024-10-26,AmazonDynamoDB,us-west-2,RCU/WCU,29.5792,27.13
2024-10-26,AmazonDynamoDB,eu-west-1,RCU/WCU,23.0767,22.05
2024-10-26,AmazonDynamoDB,ap-south-1,RCU/WCU,13.2652,13.65
2024-10-27,AmazonEC2,us-east-1,InstanceHours,355.422,380.1
2024-10-27,AmazonEC2,us-west-2,InstanceHours,239.1066,212.75
2024-10-27,AmazonEC2,eu-west-1,InstanceHours,204.9222,209.86
2024-10-27,AmazonEC2,ap-south-1,InstanceHours,120.4666,110.87
2024-10-27,AmazonS3,us-east-1,GB-Month,72.7483,69.08
2024-10-27,AmazonS3,us-west-2,GB-Month,46.6865,39.22
2024-10-27,AmazonS3,eu-west-1,GB-Month,39.2688,36.71
2024-10-27,AmazonS3,ap-south-1,GB-Month,20.6114,20.27
2024-10-27,AmazonRDS,us-east-1,InstanceHours,242.9604,295.1
2024-10-27,AmazonRDS,us-west-2,InstanceHours,147.4054,122.9
2024-10-27,AmazonRDS,eu-west-1,InstanceHours,122.494,115.51
2024-10-27,AmazonRDS,ap-south-1,InstanceHours,72.5103,63.47
2024-10-27,AWSLambda,us-east-1,Requests(M),30.7462,26.72
2024-10-27,AWSLambda,us-west-2,Requests(M),17.7161,20.12
2024-10-27,AWSLambda,eu-west-1,Requests(M),15.3688,13.46
2024-10-27,AWSLambda,ap-south-1,Requests(M),9.6984,9.02
2024-10-27,AmazonCloudFront,us-east-1,GB-Transfer,59.6078,61.6
2024-10-27,AmazonCloudFront,us-west-2,GB-Transfer,32.6384,37.19
2024-10-27,AmazonCloudFront,eu-west-1,GB-Transfer,27.1253,26.79
2024-10-27,AmazonCloudFront,ap-south-1,GB-Transfer,13.8362,12.33
2024-10-27,AmazonEBS,us-east-1,GB-Month,69.6366,62.61
2024-10-27,AmazonEBS,us-west-2,GB-Month,44.9742,51.3
2024-10-27,AmazonEBS,eu-west-1,GB-Month,33.4905,31.06
2024-10-27,AmazonEBS,ap-south-1,GB-Month,19.9739,20.72
2024-10-27,AmazonDynamoDB,us-east-1,RCU/WCU,43.6967,54.3
2024-10-27,AmazonDynamoDB,us-west-2,RCU/WCU,28.5425,31.02
2024-10-27,AmazonDynamoDB,eu-west-1,RCU/WCU,19.1462,18.88
2024-10-27,AmazonDynamoDB,ap-south-1,RCU/WCU,14.7908,12.85
2024-10-28,AmazonEC2,us-east-1,InstanceHours,437.1172,443.84
2024-10-28,AmazonEC2,us-west-2,InstanceHours,275.6678,270.35
2024-10-28,AmazonEC2,eu-west-1,InstanceHours,236.5263,248.66
2024-10-28,AmazonEC2,ap-south-1,InstanceHours,123.8196,154.15
2024-10-28,AmazonS3,us-east-1,GB-Month,95.248,95.69
2024-10-28,AmazonS3,us-west-2,GB-Month,56.1049,69.35
2024-10-28,AmazonS3,eu-west-1,GB-Month,43.372,42.36
2024-10-28,AmazonS3,ap-south-1,GB-Month,30.9764,33.66
2024-10-28,AmazonRDS,us-east-1,InstanceHours,268.4005,300.59
2024-10-28,AmazonRDS,us-west-2,InstanceHours,149.8701,147.81
2024-10-28,AmazonRDS,eu-west-1,InstanceHours,138.2378,160.19
2024-10-28,AmazonRDS,ap-south-1,InstanceHours,73.2685,68.58
2024-10-28,AWSLambda,us-east-1,Requests(M),35.7614,36.23
2024-10-28,AWSLambda,us-west-2,Requests(M),22.7835,27.5
2024-10-28,AWSLambda,eu-west-1,Requests(M),16.3035,16.13
2024-10-28,AWSLambda,ap-south-1,Requests(M),11.6917,11.61
2024-10-28,AmazonCloudFront,us-east-1,GB-Transfer,64.0639,62.01
2024-10-28,AmazonCloudFront,us-west-2,GB-Transfer,40.5662,42.23
2024-10-28,AmazonCloudFront,eu-west-1,GB-Transfer,33.7747,34.71
2024-10-28,AmazonCloudFront,ap-south-1,GB-Transfer,18.3413,16.21
2024-10-28,AmazonEBS,us-east-1,GB-Month,76.587,70.88
2024-10-28,AmazonEBS,us-west-2,GB-Month,49.5139,54.04
2024-10-28,AmazonEBS,eu-west-1,GB-Month,36.392,33.38
2024-10-28,AmazonEBS,ap-south-1,GB-Month,21.8465,24.49
2024-10-28,AmazonDynamoDB,us-east-1,RCU/WCU,50.3849,50.88
2024-10-28,AmazonDynamoDB,us-west-2,RCU/WCU,28.3707,34.69
2024-10-28,AmazonDynamoDB,eu-west-1,RCU/WCU,23.9963,24.5
2024-10-28,AmazonDynamoDB,ap-south-1,RCU/WCU,14.4351,13.74
2024-10-29,AmazonEC2,us-east-1,InstanceHours,433.6945,379.18
2024-10-29,AmazonEC2,us-west-2,InstanceHours,259.2723,287.28
2024-10-29,AmazonEC2,eu-west-1,InstanceHours,239.4845,224.81
2024-10-29,AmazonEC2,ap-south-1,InstanceHours,130.2909,139.1
2024-10-29,AmazonS3,us-east-1,GB-Month,94.6724,84.13
2024-10-29,AmazonS3,us-west-2,GB-Month,65.1635,55.14
2024-10-29,AmazonS3,eu-west-1,GB-Month,39.1308,39.69
2024-10-29,AmazonS3,ap-south-1,GB-Month,29.0674,27.02
2024-10-29,AmazonRDS,us-east-1,InstanceHours,270.6283,231.85
2024-10-29,AmazonRDS,us-west-2,InstanceHours,169.2693,150.32
2024-10-29,AmazonRDS,eu-west-1,InstanceHours,131.6398,155.81
2024-10-29,AmazonRDS,ap-south-1,InstanceHours,80.6158,87.96
2024-10-29,AWSLambda,us-east-1,Requests(M),40.7472,35.14
2024-10-29,AWSLambda,us-west-2,Requests(M),23.0811,21.99
2024-10-29,AWSLambda,eu-west-1,Requests(M),18.1577,18.15
2024-10-29,AWSLambda,ap-south-1,Requests(M),10.4406,12.77
2024-10-29,AmazonCloudFront,us-east-1,GB-Transfer,58.2107,54.98
2024-10-29,AmazonCloudFront,us-west-2,GB-Transfer,36.6328,37.16
2024-10-29,AmazonCloudFront,eu-west-1,GB-Transfer,24.7434,20.93
2024-10-29,AmazonCloudFront,ap-south-1,GB-Transfer,18.8058,21.23
2024-10-29,AmazonEBS,us-east-1,GB-Month,90.4754,88.46
2024-10-29,AmazonEBS,us-west-2,GB-Month,48.165,41.11
2024-10-29,AmazonEBS,eu-west-1,GB-Month,37.6279,45.04
2024-10-29,AmazonEBS,ap-south-1,GB-Month,19.5724,18.75
2024-10-29,AmazonDynamoDB,us-east-1,RCU/WCU,49.6066,48.74
2024-10-29,AmazonDynamoDB,us-west-2,RCU/WCU,30.5306,30.14
2024-10-29,AmazonDynamoDB,eu-west-1,RCU/WCU,26.9605,25.69
2024-10-29,AmazonDynamoDB,ap-south-1,RCU/WCU,15.3088,17.48
2024-10-30,AmazonEC2,us-east-1,InstanceHours,508.7,502.78
2024-10-30,AmazonEC2,us-west-2,InstanceHours,261.8344,273.26
2024-10-30,AmazonEC2,eu-west-1,InstanceHours,240.148,204.27
2024-10-30,AmazonEC2,ap-south-1,InstanceHours,116.6156,109.12
2024-10-30,AmazonS3,us-east-1,GB-Month,94.842,82.02
2024-10-30,AmazonS3,us-west-2,GB-Month,53.6189,64.0
2024-10-30,AmazonS3,eu-west-1,GB-Month,51.5768,53.32
2024-10-30,AmazonS3,ap-south-1,GB-Month,27.6964,28.37
2024-10-30,AmazonRDS,us-east-1,InstanceHours,303.3992,372.95
2024-10-30,AmazonRDS,us-west-2,InstanceHours,173.5177,167.28
2024-10-30,AmazonRDS,eu-west-1,InstanceHours,131.9683,140.51
2024-10-30,AmazonRDS,ap-south-1,InstanceHours,75.5646,76.51
2024-10-30,AWSLambda,us-east-1,Requests(M),34.9154,40.68
2024-10-30,AWSLambda,us-west-2,Requests(M),21.7063,26.69
2024-10-30,AWSLambda,eu-west-1,Requests(M),19.4551,22.99
2024-10-30,AWSLambda,ap-south-1,Requests(M),11.0944,9.41
2024-10-30,AmazonCloudFront,us-east-1,GB-Transfer,67.6446,63.93
2024-10-30,AmazonCloudFront,us-west-2,GB-Transfer,42.2786,37.39
2024-10-30,AmazonCloudFront,eu-west-1,GB-Transfer,31.8302,29.5
2024-10-30,AmazonCloudFront,ap-south-1,GB-Transfer,17.5829,16.99
2024-10-30,AmazonEBS,us-east-1,GB-Month,81.6758,85.82
2024-10-30,AmazonEBS,us-west-2,GB-Month,55.0163,58.77
2024-10-30,AmazonEBS,eu-west-1,GB-Month,42.4695,42.53
2024-10-30,AmazonEBS,ap-south-1,GB-Month,24.3543,21.55
2024-10-30,AmazonDynamoDB,us-east-1,RCU/WCU,49.3198,59.81
2024-10-30,AmazonDynamoDB,us-west-2,RCU/WCU,31.2566,38.09
2024-10-30,AmazonDynamoDB,eu-west-1,RCU/WCU,23.2507,21.39
2024-10-30,AmazonDynamoDB,ap-south-1,RCU/WCU,14.4644,13.18
2024-10-31,AmazonEC2,us-east-1,InstanceHours,458.1288,534.07
2024-10-31,AmazonEC2,us-west-2,InstanceHours,230.3413,269.85
2024-10-31,AmazonEC2,eu-west-1,InstanceHours,216.2175,229.47
2024-10-31,AmazonEC2,ap-south-1,InstanceHours,120.4711,107.91
2024-10-31,AmazonS3,us-east-1,GB-Month,87.1136,79.51
2024-10-31,AmazonS3,us-west-2,GB-Month,57.3764,59.84
2024-10-31,AmazonS3,eu-west-1,GB-Month,44.896,44.94
2024-10-31,AmazonS3,ap-south-1,GB-Month,25.4163,27.12
2024-10-31,AmazonRDS,us-east-1,InstanceHours,263.2106,325.89
2024-10-31,AmazonRDS,us-west-2,InstanceHours,146.4573,132.06
2024-10-31,AmazonRDS,eu-west-1,InstanceHours,150.91,134.08
2024-10-31,AmazonRDS,ap-south-1,InstanceHours,87.0934,87.32
2024-10-31,AWSLambda,us-east-1,Requests(M),39.0664,36.18
2024-10-31,AWSLambda,us-west-2,Requests(M),20.7947,23.14
2024-10-31,AWSLambda,eu-west-1,Requests(M),19.1382,17.58
2024-10-31,AWSLambda,ap-south-1,Requests(M),11.2811,12.88
2024-10-31,AmazonCloudFront,us-east-1,GB-Transfer,59.756,62.52
2024-10-31,AmazonCloudFront,us-west-2,GB-Transfer,37.8487,34.51
2024-10-31,AmazonCloudFront,eu-west-1,GB-Transfer,27.7983,26.78
2024-10-31,AmazonCloudFront,ap-south-1,GB-Transfer,17.4734,15.21
2024-10-31,AmazonEBS,us-east-1,GB-Month,78.6803,91.14
2024-10-31,AmazonEBS,us-west-2,GB-Month,45.7573,42.44
2024-10-31,AmazonEBS,eu-west-1,GB-Month,40.722,44.53
2024-10-31,AmazonEBS,ap-south-1,GB-Month,22.4548,25.53
2024-10-31,AmazonDynamoDB,us-east-1,RCU/WCU,51.4083,51.75
2024-10-31,AmazonDynamoDB,us-west-2,RCU/WCU,31.6758,31.66
2024-10-31,AmazonDynamoDB,eu-west-1,RCU/WCU,24.7878,26.08
2024-10-31,AmazonDynamoDB,ap-south-1,RCU/WCU,15.4019,14.41
2024-11-01,AmazonEC2,us-east-1,InstanceHours,457.3802,441.51
2024-11-01,AmazonEC2,us-west-2,InstanceHours,303.3003,344.56
2024-11-01,AmazonEC2,eu-west-1,InstanceHours,211.261,234.81
2024-11-01,AmazonEC2,ap-south-1,InstanceHours,129.9818,146.05
2024-11-01,AmazonS3,us-east-1,GB-Month,117.8176,100.02
2024-11-01,AmazonS3,us-west-2,GB-Month,61.9717,70.56
2024-11-01,AmazonS3,eu-west-1,GB-Month,52.6387,51.4
2024-11-01,AmazonS3,ap-south-1,GB-Month,30.1674,33.44
2024-11-01,AmazonRDS,us-east-1,InstanceHours,303.4907,370.56
2024-11-01,AmazonRDS,us-west-2,InstanceHours,156.2508,176.01
2024-11-01,AmazonRDS,eu-west-1,InstanceHours,150.5424,153.28
2024-11-01,AmazonRDS,ap-south-1,InstanceHours,88.5747,82.07
2024-11-01,AWSLambda,us-east-1,Requests(M),34.3212,35.78
2024-11-01,AWSLambda,us-west-2,Requests(M),21.9219,21.24
2024-11-01,AWSLambda,eu-west-1,Requests(M),15.6996,15.65
2024-11-01,AWSLambda,ap-south-1,Requests(M),11.3682,14.04
2024-11-01,AmazonCloudFront,us-east-1,GB-Transfer,69.3778,67.91
2024-11-01,AmazonCloudFront,us-west-2,GB-Transfer,36.9892,37.74
2024-11-01,AmazonCloudFront,eu-west-1,GB-Transfer,29.6772,31.13
2024-11-01,AmazonCloudFront,ap-south-1,GB-Transfer,17.7106,15.61
2024-11-01,AmazonEBS,us-east-1,GB-Month,80.2161,83.79
2024-11-01,AmazonEBS,us-west-2,GB-Month,50.2434,44.13
2024-11-01,AmazonEBS,eu-west-1,GB-Month,45.2143,50.67
2024-11-01,AmazonEBS,ap-south-1,GB-Month,20.0547,18.27
2024-11-01,AmazonDynamoDB,us-east-1,RCU/WCU,59.6508,53.63
2024-11-01,AmazonDynamoDB,us-west-2,RCU/WCU,32.6165,36.81
2024-11-01,AmazonDynamoDB,eu-west-1,RCU/WCU,28.7954,30.68
2024-11-01,AmazonDynamoDB,ap-south-1,RCU/WCU,16.953,19.51
2024-11-02,AmazonEC2,us-east-1,InstanceHours,383.65,407.72
2024-11-02,AmazonEC2,us-west-2,InstanceHours,229.5049,224.57
2024-11-02,AmazonEC2,eu-west-1,InstanceHours,197.0198,218.16
2024-11-02,AmazonEC2,ap-south-1,InstanceHours,112.4616,126.28
2024-11-02,AmazonS3,us-east-1,GB-Month,80.8261,91.22
2024-11-02,AmazonS3,us-west-2,GB-Month,35.1276,38.66
2024-11-02,AmazonS3,eu-west-1,GB-Month,42.8713,38.69
2024-11-02,AmazonS3,ap-south-1,GB-Month,23.0814,23.43
2024-11-02,AmazonRDS,us-east-1,InstanceHours,256.4736,299.86
2024-11-02,AmazonRDS,us-west-2,InstanceHours,152.8341,128.81
2024-11-02,AmazonRDS,eu-west-1,InstanceHours,114.0372,130.41
2024-11-02,AmazonRDS,ap-south-1,InstanceHours,74.3688,87.47
2024-11-02,AWSLambda,us-east-1,Requests(M),33.0294,33.44
2024-11-02,AWSLambda,us-west-2,Requests(M),18.2723,16.41
2024-11-02,AWSLambda,eu-west-1,Requests(M),16.7817,15.62
2024-11-02,AWSLambda,ap-south-1,Requests(M),10.7116,13.27
2024-11-02,AmazonCloudFront,us-east-1,GB-Transfer,59.3498,73.84
2024-11-02,AmazonCloudFront,us-west-2,GB-Transfer,29.1873,35.89
2024-11-02,AmazonCloudFront,eu-west-1,GB-Transfer,28.3882,31.33
2024-11-02,AmazonCloudFront,ap-south-1,GB-Transfer,17.5669,16.34
2024-11-02,AmazonEBS,us-east-1,GB-Month,64.9291,79.72
2024-11-02,AmazonEBS,us-west-2,GB-Month,44.3903,37.84
2024-11-02,AmazonEBS,eu-west-1,GB-Month,32.1774,32.28
2024-11-02,AmazonEBS,ap-south-1,GB-Month,20.0664,18.12
2024-11-02,AmazonDynamoDB,us-east-1,RCU/WCU,43.0311,47.97
2024-11-02,AmazonDynamoDB,us-west-2,RCU/WCU,25.4879,21.3
2024-11-02,AmazonDynamoDB,eu-west-1,RCU/WCU,23.4518,20.04
2024-11-02,AmazonDynamoDB,ap-south-1,RCU/WCU,12.2445,14.26
2024-11-03,AmazonEC2,us-east-1,InstanceHours,376.1813,357.04
2024-11-03,AmazonEC2,us-west-2,InstanceHours,236.4035,214.06
2024-11-03,AmazonEC2,eu-west-1,InstanceHours,180.9259,207.9
2024-11-03,AmazonEC2,ap-south-1,InstanceHours,125.9864,130.08
2024-11-03,AmazonS3,us-east-1,GB-Month,81.1056,79.91
2024-11-03,AmazonS3,us-west-2,GB-Month,55.0195,45.92
2024-11-03,AmazonS3,eu-west-1,GB-Month,46.5044,49.15
2024-11-03,AmazonS3,ap-south-1,GB-Month,21.8462,22.83
2024-11-03,AmazonRDS,us-east-1,InstanceHours,244.6576,240.58
2024-11-03,AmazonRDS,us-west-2,InstanceHours,144.4436,130.44
2024-11-03,AmazonRDS,eu-west-1,InstanceHours,114.9468,127.56
2024-11-03,AmazonRDS,ap-south-1,InstanceHours,71.2827,70.79
2024-11-03,AWSLambda,us-east-1,Requests(M),38.9156,33.25
2024-11-03,AWSLambda,us-west-2,Requests(M),19.9868,18.89
2024-11-03,AWSLambda,eu-west-1,Requests(M),16.8981,15.17
2024-11-03,AWSLambda,ap-south-1,Requests(M),9.4865,10.78
2024-11-03,AmazonCloudFront,us-east-1,GB-Transfer,56.5167,55.19
2024-11-03,AmazonCloudFront,us-west-2,GB-Transfer,30.7637,27.57
2024-11-03,AmazonCloudFront,eu-west-1,GB-Transfer,29.013,24.29
2024-11-03,AmazonCloudFront,ap-south-1,GB-Transfer,18.279,18.04
2024-11-03,AmazonEBS,us-east-1,GB-Month,72.9722,61.69
2024-11-03,AmazonEBS,us-west-2,GB-Month,38.7343,35.91
2024-11-03,AmazonEBS,eu-west-1,GB-Month,31.6448,33.46
2024-11-03,AmazonEBS,ap-south-1,GB-Month,24.3713,25.89
2024-11-03,AmazonDynamoDB,us-east-1,RCU/WCU,50.491,47.13
2024-11-03,AmazonDynamoDB,us-west-2,RCU/WCU,28.9767,32.95
2024-11-03,AmazonDynamoDB,eu-west-1,RCU/WCU,25.5262,25.78
2024-11-03,AmazonDynamoDB,ap-south-1,RCU/WCU,13.6731,13.48
2024-11-04,AmazonEC2,us-east-1,InstanceHours,476.5609,494.49
2024-11-04,AmazonEC2,us-west-2,InstanceHours,296.181,255.73
2024-11-04,AmazonEC2,eu-west-1,InstanceHours,220.5046,201.95
2024-11-04,AmazonEC2,ap-south-1,InstanceHours,140.2628,124.74
2024-11-04,AmazonS3,us-east-1,GB-Month,104.8,123.85
2024-11-04,AmazonS3,us-west-2,GB-Month,53.3184,55.38
2024-11-04,AmazonS3,eu-west-1,GB-Month,46.8807,45.23
2024-11-04,AmazonS3,ap-south-1,GB-Month,31.3823,31.34
2024-11-04,AmazonRDS,us-east-1,InstanceHours,283.8246,345.16
2024-11-04,AmazonRDS,us-west-2,InstanceHours,168.5008,163.66
2024-11-04,AmazonRDS,eu-west-1,InstanceHours,139.1034,167.31
2024-11-04,AmazonRDS,ap-south-1,InstanceHours,91.4152,89.25
2024-11-04,AWSLambda,us-east-1,Requests(M),34.8405,30.57
2024-11-04,AWSLambda,us-west-2,Requests(M),21.7619,21.58
2024-11-04,AWSLambda,eu-west-1,Requests(M),16.7951,14.42
2024-11-04,AWSLambda,ap-south-1,Requests(M),10.9987,12.64
2024-11-04,AmazonCloudFront,us-east-1,GB-Transfer,65.2446,72.07
2024-11-04,AmazonCloudFront,us-west-2,GB-Transfer,33.0228,37.36
2024-11-04,AmazonCloudFront,eu-west-1,GB-Transfer,30.1964,36.68
2024-11-04,AmazonCloudFront,ap-south-1,GB-Transfer,19.647,20.71
2024-11-04,AmazonEBS,us-east-1,GB-Month,83.3854,86.04
2024-11-04,AmazonEBS,us-west-2,GB-Month,55.0433,53.63
2024-11-04,AmazonEBS,eu-west-1,GB-Month,42.1736,51.31
2024-11-04,AmazonEBS,ap-south-1,GB-Month,23.843,22.3
2024-11-04,AmazonDynamoDB,us-east-1,RCU/WCU,54.2556,62.1
2024-11-04,AmazonDynamoDB,us-west-2,RCU/WCU,32.6406,35.54
2024-11-04,AmazonDynamoDB,eu-west-1,RCU/WCU,25.9103,23.04
2024-11-04,AmazonDynamoDB,ap-south-1,RCU/WCU,16.4272,15.1
2024-11-05,AmazonEC2,us-east-1,InstanceHours,433.6499,398.9
2024-11-05,AmazonEC2,us-west-2,InstanceHours,277.0515,258.46
2024-11-05,AmazonEC2,eu-west-1,InstanceHours,224.6875,261.41
2024-11-05,AmazonEC2,ap-south-1,InstanceHours,133.056,130.02
2024-11-05,AmazonS3,us-east-1,GB-Month,95.2515,83.7
2024-11-05,AmazonS3,us-west-2,GB-Month,61.5079,76.88
2024-11-05,AmazonS3,eu-west-1,GB-Month,50.8593,60.63
2024-11-05,AmazonS3,ap-south-1,GB-Month,28.3974,27.24
2024-11-05,AmazonRDS,us-east-1,InstanceHours,295.2301,347.74
2024-11-05,AmazonRDS,us-west-2,InstanceHours,166.6559,188.35
2024-11-05,AmazonRDS,eu-west-1,InstanceHours,139.0468,152.61
2024-11-05,AmazonRDS,ap-south-1,InstanceHours,80.8456,70.43
2024-11-05,AWSLambda,us-east-1,Requests(M),42.4198,41.89
2024-11-05,AWSLambda,us-west-2,Requests(M),25.2212,30.14
2024-11-05,AWSLambda,eu-west-1,Requests(M),17.8333,18.03
2024-11-05,AWSLambda,ap-south-1,Requests(M),10.9925,10.27
2024-11-05,AmazonCloudFront,us-east-1,GB-Transfer,66.3588,56.45
2024-11-05,AmazonCloudFront,us-west-2,GB-Transfer,40.3759,49.15
2024-11-05,AmazonCloudFront,eu-west-1,GB-Transfer,29.6684,31.82
2024-11-05,AmazonCloudFront,ap-south-1,GB-Transfer,18.0263,19.85
2024-11-05,AmazonEBS,us-east-1,GB-Month,62.2423,61.93
2024-11-05,AmazonEBS,us-west-2,GB-Month,50.4825,47.22
2024-11-05,AmazonEBS,eu-west-1,GB-Month,35.745,41.25
2024-11-05,AmazonEBS,ap-south-1,GB-Month,22.9437,24.41
2024-11-05,AmazonDynamoDB,us-east-1,RCU/WCU,57.4488,53.85
2024-11-05,AmazonDynamoDB,us-west-2,RCU/WCU,34.3405,38.43
2024-11-05,AmazonDynamoDB,eu-west-1,RCU/WCU,30.1576,30.35
2024-11-05,AmazonDynamoDB,ap-south-1,RCU/WCU,18.5793,18.22
2024-11-06,AmazonEC2,us-east-1,InstanceHours,553.5108,509.58
2024-11-06,AmazonEC2,us-west-2,InstanceHours,263.2236,311.93
2024-11-06,AmazonEC2,eu-west-1,InstanceHours,215.238,260.37
2024-11-06,AmazonEC2,ap-south-1,InstanceHours,139.774,117.41
2024-11-06,AmazonS3,us-east-1,GB-Month,86.5326,87.04
2024-11-06,AmazonS3,us-west-2,GB-Month,56.9412,50.3
2024-11-06,AmazonS3,eu-west-1,GB-Month,48.923,51.96
2024-11-06,AmazonS3,ap-south-1,GB-Month,30.1286,28.93
2024-11-06,AmazonRDS,us-east-1,InstanceHours,292.57,254.82
2024-11-06,AmazonRDS,us-west-2,InstanceHours,164.1026,160.37
2024-11-06,AmazonRDS,eu-west-1,InstanceHours,126.399,155.4
2024-11-06,AmazonRDS,ap-south-1,InstanceHours,77.0572,68.41
2024-11-06,AWSLambda,us-east-1,Requests(M),31.7994,32.17
2024-11-06,AWSLambda,us-west-2,Requests(M),21.5832,19.14
2024-11-06,AWSLambda,eu-west-1,Requests(M),16.7956,17.69
2024-11-06,AWSLambda,ap-south-1,Requests(M),10.8489,11.63
2024-11-06,AmazonCloudFront,us-east-1,GB-Transfer,66.5063,67.13
2024-11-06,AmazonCloudFront,us-west-2,GB-Transfer,35.0657,30.59
2024-11-06,AmazonCloudFront,eu-west-1,GB-Transfer,32.4708,29.38
2024-11-06,AmazonCloudFront,ap-south-1,GB-Transfer,18.9191,17.14
2024-11-06,AmazonEBS,us-east-1,GB-Month,82.7861,70.69
2024-11-06,AmazonEBS,us-west-2,GB-Month,50.5607,54.19
2024-11-06,AmazonEBS,eu-west-1,GB-Month,39.2228,48.86
2024-11-06,AmazonEBS,ap-south-1,GB-Month,24.1918,27.0
2024-11-06,AmazonDynamoDB,us-east-1,RCU/WCU,52.569,60.37
2024-11-06,AmazonDynamoDB,us-west-2,RCU/WCU,31.0704,38.29
2024-11-06,AmazonDynamoDB,eu-west-1,RCU/WCU,25.3934,21.8
2024-11-06,AmazonDynamoDB,ap-south-1,RCU/WCU,16.7283,14.46
2024-11-07,AmazonEC2,us-east-1,InstanceHours,498.8391,621.89
2024-11-07,AmazonEC2,us-west-2,InstanceHours,296.2801,248.15
2024-11-07,AmazonEC2,eu-west-1,InstanceHours,203.0564,175.43
2024-11-07,AmazonEC2,ap-south-1,InstanceHours,149.4198,163.01
2024-11-07,AmazonS3,us-east-1,GB-Month,89.7359,76.78
2024-11-07,AmazonS3,us-west-2,GB-Month,58.7094,68.56
2024-11-07,AmazonS3,eu-west-1,GB-Month,49.5891,44.85
2024-11-07,AmazonS3,ap-south-1,GB-Month,25.5777,24.41
2024-11-07,AmazonRDS,us-east-1,InstanceHours,275.5949,237.27
2024-11-07,AmazonRDS,us-west-2,InstanceHours,185.948,192.9
2024-11-07,AmazonRDS,eu-west-1,InstanceHours,114.9464,117.41
2024-11-07,AmazonRDS,ap-south-1,InstanceHours,100.0752,90.15
2024-11-07,AWSLambda,us-east-1,Requests(M),31.689,35.08
2024-11-07,AWSLambda,us-west-2,Requests(M),23.0952,28.33
2024-11-07,AWSLambda,eu-west-1,Requests(M),16.6394,19.36
2024-11-07,AWSLambda,ap-south-1,Requests(M),11.6892,11.01
2024-11-07,AmazonCloudFront,us-east-1,GB-Transfer,70.2842,70.18
2024-11-07,AmazonCloudFront,us-west-2,GB-Transfer,41.1941,35.59
2024-11-07,AmazonCloudFront,eu-west-1,GB-Transfer,28.5979,23.97
2024-11-07,AmazonCloudFront,ap-south-1,GB-Transfer,20.8637,22.94
2024-11-07,AmazonEBS,us-east-1,GB-Month,78.8811,95.88
2024-11-07,AmazonEBS,us-west-2,GB-Month,42.9966,36.09
2024-11-07,AmazonEBS,eu-west-1,GB-Month,44.6728,42.05
2024-11-07,AmazonEBS,ap-south-1,GB-Month,28.2499,28.28
2024-11-07,AmazonDynamoDB,us-east-1,RCU/WCU,54.1427,49.83
2024-11-07,AmazonDynamoDB,us-west-2,RCU/WCU,31.2684,32.35
2024-11-07,AmazonDynamoDB,eu-west-1,RCU/WCU,25.1977,28.36
2024-11-07,AmazonDynamoDB,ap-south-1,RCU/WCU,17.0735,19.75
2024-11-08,AmazonEC2,us-east-1,InstanceHours,488.7126,432.04
2024-11-08,AmazonEC2,us-west-2,InstanceHours,262.6638,275.58
2024-11-08,AmazonEC2,eu-west-1,InstanceHours,254.599,284.0
2024-11-08,AmazonEC2,ap-south-1,InstanceHours,142.4359,164.24
2024-11-08,AmazonS3,us-east-1,GB-Month,97.3685,81.65
2024-11-08,AmazonS3,us-west-2,GB-Month,59.5404,63.67
2024-11-08,AmazonS3,eu-west-1,GB-Month,44.552,49.26
2024-11-08,AmazonS3,ap-south-1,GB-Month,30.7039,30.56
2024-11-08,AmazonRDS,us-east-1,InstanceHours,258.7292,285.84
2024-11-08,AmazonRDS,us-west-2,InstanceHours,160.9366,197.64
2024-11-08,AmazonRDS,eu-west-1,InstanceHours,138.9355,165.85
2024-11-08,AmazonRDS,ap-south-1,InstanceHours,96.5233,111.12
2024-11-08,AWSLambda,us-east-1,Requests(M),38.3419,45.77
2024-11-08,AWSLambda,us-west-2,Requests(M),21.0566,19.11
2024-11-08,AWSLambda,eu-west-1,Requests(M),19.3013,23.28
2024-11-08,AWSLambda,ap-south-1,Requests(M),11.8118,10.47
2024-11-08,AmazonCloudFront,us-east-1,GB-Transfer,70.7396,68.0
2024-11-08,AmazonCloudFront,us-west-2,GB-Transfer,38.6248,36.01
2024-11-08,AmazonCloudFront,eu-west-1,GB-Transfer,30.4248,37.3
2024-11-08,AmazonCloudFront,ap-south-1,GB-Transfer,22.7709,28.26
2024-11-08,AmazonEBS,us-east-1,GB-Month,82.7341,80.57
2024-11-08,AmazonEBS,us-west-2,GB-Month,45.1431,44.2
2024-11-08,AmazonEBS,eu-west-1,GB-Month,40.206,34.37
2024-11-08,AmazonEBS,ap-south-1,GB-Month,23.2129,24.2
2024-11-08,AmazonDynamoDB,us-east-1,RCU/WCU,59.2448,53.2
2024-11-08,AmazonDynamoDB,us-west-2,RCU/WCU,33.7219,33.46
2024-11-08,AmazonDynamoDB,eu-west-1,RCU/WCU,26.2024,22.68
2024-11-08,AmazonDynamoDB,ap-south-1,RCU/WCU,17.4549,19.48
2024-11-09,AmazonEC2,us-east-1,InstanceHours,380.2884,340.08
2024-11-09,AmazonEC2,us-west-2,InstanceHours,229.2361,237.1
2024-11-09,AmazonEC2,eu-west-1,InstanceHours,180.6364,155.65
2024-11-09,AmazonEC2,ap-south-1,InstanceHours,108.3145,95.55
2024-11-09,AmazonS3,us-east-1,GB-Month,96.1915,97.19
2024-11-09,AmazonS3,us-west-2,GB-Month,53.2025,55.61
2024-11-09,AmazonS3,eu-west-1,GB-Month,35.1582,35.18
2024-11-09,AmazonS3,ap-south-1,GB-Month,22.7949,23.19
2024-11-09,AmazonRDS,us-east-1,InstanceHours,215.8713,214.74
2024-11-09,AmazonRDS,us-west-2,InstanceHours,143.2281,159.68
2024-11-09,AmazonRDS,eu-west-1,InstanceHours,114.8446,109.31
2024-11-09,AmazonRDS,ap-south-1,InstanceHours,79.8363,73.17
2024-11-09,AWSLambda,us-east-1,Requests(M),31.1456,32.61
2024-11-09,AWSLambda,us-west-2,Requests(M),22.2365,23.4
2024-11-09,AWSLambda,eu-west-1,Requests(M),15.8834,13.94
2024-11-09,AWSLambda,ap-south-1,Requests(M),11.3245,9.85
2024-11-09,AmazonCloudFront,us-east-1,GB-Transfer,53.9375,51.26
2024-11-09,AmazonCloudFront,us-west-2,GB-Transfer,32.4128,35.21
2024-11-09,AmazonCloudFront,eu-west-1,GB-Transfer,29.5028,33.5
2024-11-09,AmazonCloudFront,ap-south-1,GB-Transfer,17.4858,19.57
2024-11-09,AmazonEBS,us-east-1,GB-Month,61.4417,66.63
2024-11-09,AmazonEBS,us-west-2,GB-Month,41.3946,44.58
2024-11-09,AmazonEBS,eu-west-1,GB-Month,33.1042,29.68
2024-11-09,AmazonEBS,ap-south-1,GB-Month,19.7548,22.79
2024-11-09,AmazonDynamoDB,us-east-1,RCU/WCU,45.9764,38.62
2024-11-09,AmazonDynamoDB,us-west-2,RCU/WCU,26.7806,28.72
2024-11-09,AmazonDynamoDB,eu-west-1,RCU/WCU,23.1782,19.94
2024-11-09,AmazonDynamoDB,ap-south-1,RCU/WCU,12.619,11.33
2024-11-10,AmazonEC2,us-east-1,InstanceHours,337.6285,332.07
2024-11-10,AmazonEC2,us-west-2,InstanceHours,248.6069,297.2
2024-11-10,AmazonEC2,eu-west-1,InstanceHours,209.7624,176.86
2024-11-10,AmazonEC2,ap-south-1,InstanceHours,123.6585,136.77
2024-11-10,AmazonS3,us-east-1,GB-Month,82.4634,76.16
2024-11-10,AmazonS3,us-west-2,GB-Month,47.9116,42.93
2024-11-10,AmazonS3,eu-west-1,GB-Month,39.0846,38.89
2024-11-10,AmazonS3,ap-south-1,GB-Month,23.1024,24.78
2024-11-10,AmazonRDS,us-east-1,InstanceHours,236.0032,210.75
2024-11-10,AmazonRDS,us-west-2,InstanceHours,155.5017,150.64
2024-11-10,AmazonRDS,eu-west-1,InstanceHours,112.1604,99.03
2024-11-10,AmazonRDS,ap-south-1,InstanceHours,77.762,85.47
2024-11-10,AWSLambda,us-east-1,Requests(M),28.249,28.53
2024-11-10,AWSLambda,us-west-2,Requests(M),19.5497,21.08
2024-11-10,AWSLambda,eu-west-1,Requests(M),16.5539,13.87
2024-11-10,AWSLambda,ap-south-1,Requests(M),9.1945,11.38
2024-11-10,AmazonCloudFront,us-east-1,GB-Transfer,50.2178,61.53
2024-11-10,AmazonCloudFront,us-west-2,GB-Transfer,35.1216,36.54
2024-11-10,AmazonCloudFront,eu-west-1,GB-Transfer,27.5044,23.93
2024-11-10,AmazonCloudFront,ap-south-1,GB-Transfer,19.9168,23.89
2024-11-10,AmazonEBS,us-east-1,GB-Month,74.8553,70.11
2024-11-10,AmazonEBS,us-west-2,GB-Month,44.943,38.19
2024-11-10,AmazonEBS,eu-west-1,GB-Month,27.6974,29.97
2024-11-10,AmazonEBS,ap-south-1,GB-Month,19.4426,19.83
2024-11-10,AmazonDynamoDB,us-east-1,RCU/WCU,41.4571,34.79
2024-11-10,AmazonDynamoDB,us-west-2,RCU/WCU,23.0685,27.61
2024-11-10,AmazonDynamoDB,eu-west-1,RCU/WCU,22.7737,21.7
2024-11-10,AmazonDynamoDB,ap-south-1,RCU/WCU,14.604,12.9
2024-11-11,AmazonEC2,us-east-1,InstanceHours,416.7021,432.35
2024-11-11,AmazonEC2,us-west-2,InstanceHours,229.0283,241.11
2024-11-11,AmazonEC2,eu-west-1,InstanceHours,209.6972,200.16
2024-11-11,AmazonEC2,ap-south-1,InstanceHours,133.719,155.94
2024-11-11,AmazonS3,us-east-1,GB-Month,94.9522,102.47
2024-11-11,AmazonS3,us-west-2,GB-Month,58.099,54.25
2024-11-11,AmazonS3,eu-west-1,GB-Month,49.9954,43.49
2024-11-11,AmazonS3,ap-south-1,GB-Month,28.9926,30.72
2024-11-11,AmazonRDS,us-east-1,InstanceHours,299.1548,257.18
2024-11-11,AmazonRDS,us-west-2,InstanceHours,155.0019,173.33
2024-11-11,AmazonRDS,eu-west-1,InstanceHours,136.6978,114.82
2024-11-11,AmazonRDS,ap-south-1,InstanceHours,87.7743,96.19
2024-11-11,AWSLambda,us-east-1,Requests(M),38.4714,38.81
2024-11-11,AWSLambda,us-west-2,Requests(M),25.8846,29.1
2024-11-11,AWSLambda,eu-west-1,Requests(M),17.4452,17.08
2024-11-11,AWSLambda,ap-south-1,Requests(M),11.833,13.13
2024-11-11,AmazonCloudFront,us-east-1,GB-Transfer,61.249,63.43
2024-11-11,AmazonCloudFront,us-west-2,GB-Transfer,36.427,40.79
2024-11-11,AmazonCloudFront,eu-west-1,GB-Transfer,35.048,32.31
2024-11-11,AmazonCloudFront,ap-south-1,GB-Transfer,19.311,18.71
2024-11-11,AmazonEBS,us-east-1,GB-Month,82.3262,95.0
2024-11-11,AmazonEBS,us-west-2,GB-Month,46.2124,41.46
2024-11-11,AmazonEBS,eu-west-1,GB-Month,38.6857,41.15
2024-11-11,AmazonEBS,ap-south-1,GB-Month,21.2465,18.58
2024-11-11,AmazonDynamoDB,us-east-1,RCU/WCU,54.533,63.65
2024-11-11,AmazonDynamoDB,us-west-2,RCU/WCU,29.5772,27.34
2024-11-11,AmazonDynamoDB,eu-west-1,RCU/WCU,26.5703,26.7
2024-11-11,AmazonDynamoDB,ap-south-1,RCU/WCU,17.2574,14.74
2024-11-12,AmazonEC2,us-east-1,InstanceHours,387.6351,375.86
2024-11-12,AmazonEC2,us-west-2,InstanceHours,335.7602,312.13
2024-11-12,AmazonEC2,eu-west-1,InstanceHours,212.1471,190.36
2024-11-12,AmazonEC2,ap-south-1,InstanceHours,134.2191,141.17
2024-11-12,AmazonS3,us-east-1,GB-Month,98.7818,85.74
2024-11-12,AmazonS3,us-west-2,GB-Month,54.4083,47.1
2024-11-12,AmazonS3,eu-west-1,GB-Month,46.5532,44.74
2024-11-12,AmazonS3,ap-south-1,GB-Month,31.6284,30.34
2024-11-12,AmazonRDS,us-east-1,InstanceHours,296.4272,296.04
2024-11-12,AmazonRDS,us-west-2,InstanceHours,164.3108,166.66
2024-11-12,AmazonRDS,eu-west-1,InstanceHours,139.7296,160.36
2024-11-12,AmazonRDS,ap-south-1,InstanceHours,84.789,84.35
2024-11-12,AWSLambda,us-east-1,Requests(M),39.3028,35.24
2024-11-12,AWSLambda,us-west-2,Requests(M),23.7168,21.89
2024-11-12,AWSLambda,eu-west-1,Requests(M),19.7216,17.04
2024-11-12,AWSLambda,ap-south-1,Requests(M),10.9172,12.44
2024-11-12,AmazonCloudFront,us-east-1,GB-Transfer,65.0557,61.46
2024-11-12,AmazonCloudFront,us-west-2,GB-Transfer,41.7905,41.05
2024-11-12,AmazonCloudFront,eu-west-1,GB-Transfer,37.9427,37.9
2024-11-12,AmazonCloudFront,ap-south-1,GB-Transfer,19.4733,19.54
2024-11-12,AmazonEBS,us-east-1,GB-Month,77.1396,89.33
2024-11-12,AmazonEBS,us-west-2,GB-Month,45.2733,51.55
2024-11-12,AmazonEBS,eu-west-1,GB-Month,42.2871,40.5
2024-11-12,AmazonEBS,ap-south-1,GB-Month,21.17,24.57
2024-11-12,AmazonDynamoDB,us-east-1,RCU/WCU,56.4287,63.05
2024-11-12,AmazonDynamoDB,us-west-2,RCU/WCU,33.9052,37.04
2024-11-12,AmazonDynamoDB,eu-west-1,RCU/WCU,25.7857,26.66
2024-11-12,AmazonDynamoDB,ap-south-1,RCU/WCU,16.4344,16.05
2024-11-13,AmazonEC2,us-east-1,InstanceHours,443.5273,426.3
2024-11-13,AmazonEC2,us-west-2,InstanceHours,242.0182,259.97
2024-11-13,AmazonEC2,eu-west-1,InstanceHours,235.5859,253.47
2024-11-13,AmazonEC2,ap-south-1,InstanceHours,140.3201,123.58
2024-11-13,AmazonS3,us-east-1,GB-Month,93.4014,80.3
2024-11-13,AmazonS3,us-west-2,GB-Month,68.2005,72.15
2024-11-13,AmazonS3,eu-west-1,GB-Month,48.3997,49.27
2024-11-13,AmazonS3,ap-south-1,GB-Month,24.7333,26.37
2024-11-13,AmazonRDS,us-east-1,InstanceHours,303.1144,265.61
2024-11-13,AmazonRDS,us-west-2,InstanceHours,178.2757,149.92
2024-11-13,AmazonRDS,eu-west-1,InstanceHours,149.9694,156.59
2024-11-13,AmazonRDS,ap-south-1,InstanceHours,77.2289,72.12
2024-11-13,AWSLambda,us-east-1,Requests(M),38.2656,35.06
2024-11-13,AWSLambda,us-west-2,Requests(M),22.5563,19.1
2024-11-13,AWSLambda,eu-west-1,Requests(M),18.5508,20.6
2024-11-13,AWSLambda,ap-south-1,Requests(M),12.4962,13.18
2024-11-13,AmazonCloudFront,us-east-1,GB-Transfer,64.6032,64.47
2024-11-13,AmazonCloudFront,us-west-2,GB-Transfer,37.4621,37.09
2024-11-13,AmazonCloudFront,eu-west-1,GB-Transfer,31.1939,32.17
2024-11-13,AmazonCloudFront,ap-south-1,GB-Transfer,17.7151,18.76
2024-11-13,AmazonEBS,us-east-1,GB-Month,81.3664,79.09
2024-11-13,AmazonEBS,us-west-2,GB-Month,53.8988,47.23
2024-11-13,AmazonEBS,eu-west-1,GB-Month,39.2703,36.17
2024-11-13,AmazonEBS,ap-south-1,GB-Month,24.7077,25.36
2024-11-13,AmazonDynamoDB,us-east-1,RCU/WCU,52.9365,53.21
2024-11-13,AmazonDynamoDB,us-west-2,RCU/WCU,32.0272,33.99
2024-11-13,AmazonDynamoDB,eu-west-1,RCU/WCU,28.6734,25.88
2024-11-13,AmazonDynamoDB,ap-south-1,RCU/WCU,14.7476,16.42
2024-11-14,AmazonEC2,us-east-1,InstanceHours,398.1631,443.1
2024-11-14,AmazonEC2,us-west-2,InstanceHours,293.8247,365.63
2024-11-14,AmazonEC2,eu-west-1,InstanceHours,216.1395,206.86
2024-11-14,AmazonEC2,ap-south-1,InstanceHours,131.2395,151.44
2024-11-14,AmazonS3,us-east-1,GB-Month,115.7894,125.97
2024-11-14,AmazonS3,us-west-2,GB-Month,61.6793,75.77
2024-11-14,AmazonS3,eu-west-1,GB-Month,45.0302,40.26
2024-11-14,AmazonS3,ap-south-1,GB-Month,31.6619,32.55
2024-11-14,AmazonRDS,us-east-1,InstanceHours,297.5373,274.17
2024-11-14,AmazonRDS,us-west-2,InstanceHours,128.2148,140.99
2024-11-14,AmazonRDS,eu-west-1,InstanceHours,141.4455,151.96
2024-11-14,AmazonRDS,ap-south-1,InstanceHours,76.9826,78.8
2024-11-14,AWSLambda,us-east-1,Requests(M),37.359,35.64
2024-11-14,AWSLambda,us-west-2,Requests(M),26.5675,26.11
2024-11-14,AWSLambda,eu-west-1,Requests(M),20.1405,19.87
2024-11-14,AWSLambda,ap-south-1,Requests(M),12.2153,11.4
2024-11-14,AmazonCloudFront,us-east-1,GB-Transfer,63.5339,65.83
2024-11-14,AmazonCloudFront,us-west-2,GB-Transfer,41.8971,37.89
2024-11-14,AmazonCloudFront,eu-west-1,GB-Transfer,30.3884,26.27
2024-11-14,AmazonCloudFront,ap-south-1,GB-Transfer,19.5649,24.09
2024-11-14,AmazonEBS,us-east-1,GB-Month,85.9882,72.79
2024-11-14,AmazonEBS,us-west-2,GB-Month,51.4636,62.63
2024-11-14,AmazonEBS,eu-west-1,GB-Month,35.7196,38.32
2024-11-14,AmazonEBS,ap-south-1,GB-Month,27.8865,33.35
2024-11-14,AmazonDynamoDB,us-east-1,RCU/WCU,49.8686,59.24
2024-11-14,AmazonDynamoDB,us-west-2,RCU/WCU,39.2117,37.52
2024-11-14,AmazonDynamoDB,eu-west-1,RCU/WCU,28.7324,24.72
2024-11-14,AmazonDynamoDB,ap-south-1,RCU/WCU,17.1172,17.76
2024-11-15,AmazonEC2,us-east-1,InstanceHours,421.6905,432.88
2024-11-15,AmazonEC2,us-west-2,InstanceHours,260.2175,270.85
2024-11-15,AmazonEC2,eu-west-1,InstanceHours,258.3958,234.91
2024-11-15,AmazonEC2,ap-south-1,InstanceHours,153.2365,152.63
2024-11-15,AmazonS3,us-east-1,GB-Month,95.511,116.67
2024-11-15,AmazonS3,us-west-2,GB-Month,56.9196,52.6
2024-11-15,AmazonS3,eu-west-1,GB-Month,47.5422,40.59
2024-11-15,AmazonS3,ap-south-1,GB-Month,31.68,30.58
2024-11-15,AmazonRDS,us-east-1,InstanceHours,302.5617,329.33
2024-11-15,AmazonRDS,us-west-2,InstanceHours,172.9079,183.61
2024-11-15,AmazonRDS,eu-west-1,InstanceHours,141.4134,146.7
2024-11-15,AmazonRDS,ap-south-1,InstanceHours,82.7012,69.13
2024-11-15,AWSLambda,us-east-1,Requests(M),45.4016,44.87
2024-11-15,AWSLambda,us-west-2,Requests(M),20.1726,21.72
2024-11-15,AWSLambda,eu-west-1,Requests(M),18.246,16.43
2024-11-15,AWSLambda,ap-south-1,Requests(M),11.5729,11.02
2024-11-15,AmazonCloudFront,us-east-1,GB-Transfer,56.7227,49.59
2024-11-15,AmazonCloudFront,us-west-2,GB-Transfer,36.9764,34.24
2024-11-15,AmazonCloudFront,eu-west-1,GB-Transfer,37.9091,45.32
2024-11-15,AmazonCloudFront,ap-south-1,GB-Transfer,20.8294,21.05
2024-11-15,AmazonEBS,us-east-1,GB-Month,76.9853,72.32
2024-11-15,AmazonEBS,us-west-2,GB-Month,46.0812,39.57
2024-11-15,AmazonEBS,eu-west-1,GB-Month,36.0437,34.02
2024-11-15,AmazonEBS,ap-south-1,GB-Month,23.344,20.33
2024-11-15,AmazonDynamoDB,us-east-1,RCU/WCU,56.1952,55.39
2024-11-15,AmazonDynamoDB,us-west-2,RCU/WCU,33.2379,30.2
2024-11-15,AmazonDynamoDB,eu-west-1,RCU/WCU,26.0451,27.25
2024-11-15,AmazonDynamoDB,ap-south-1,RCU/WCU,14.9437,14.88
2024-11-16,AmazonEC2,us-east-1,InstanceHours,378.117,400.95
2024-11-16,AmazonEC2,us-west-2,InstanceHours,226.4732,247.16
2024-11-16,AmazonEC2,eu-west-1,InstanceHours,204.3166,172.43
2024-11-16,AmazonEC2,ap-south-1,InstanceHours,117.2575,110.47
2024-11-16,AmazonS3,us-east-1,GB-Month,82.8469,93.79
2024-11-16,AmazonS3,us-west-2,GB-Month,54.2486,53.72
2024-11-16,AmazonS3,eu-west-1,GB-Month,46.4811,52.35
2024-11-16,AmazonS3,ap-south-1,GB-Month,25.4022,26.81
2024-11-16,AmazonRDS,us-east-1,InstanceHours,245.0997,250.72
2024-11-16,AmazonRDS,us-west-2,InstanceHours,141.2088,128.13
2024-11-16,AmazonRDS,eu-west-1,InstanceHours,110.8299,107.73
2024-11-16,AmazonRDS,ap-south-1,InstanceHours,76.3802,65.97
2024-11-16,AWSLambda,us-east-1,Requests(M),33.7117,38.06
2024-11-16,AWSLambda,us-west-2,Requests(M),19.1309,23.06
2024-11-16,AWSLambda,eu-west-1,Requests(M),16.2898,17.09
2024-11-16,AWSLambda,ap-south-1,Requests(M),10.4886,8.94
2024-11-16,AmazonCloudFront,us-east-1,GB-Transfer,60.7565,62.09
2024-11-16,AmazonCloudFront,us-west-2,GB-Transfer,26.6716,26.0
2024-11-16,AmazonCloudFront,eu-west-1,GB-Transfer,26.0373,22.59
2024-11-16,AmazonCloudFront,ap-south-1,GB-Transfer,16.3937,16.77
2024-11-16,AmazonEBS,us-east-1,GB-Month,62.7317,78.28
2024-11-16,AmazonEBS,us-west-2,GB-Month,41.9765,46.74
2024-11-16,AmazonEBS,eu-west-1,GB-Month,32.6806,28.09
2024-11-16,AmazonEBS,ap-south-1,GB-Month,21.0448,23.75
2024-11-16,AmazonDynamoDB,us-east-1,RCU/WCU,43.6775,54.22
2024-11-16,AmazonDynamoDB,us-west-2,RCU/WCU,26.2939,23.72
2024-11-16,AmazonDynamoDB,eu-west-1,RCU/WCU,23.3687,26.7
2024-11-16,AmazonDynamoDB,ap-south-1,RCU/WCU,14.741,16.13
2024-11-17,AmazonEC2,us-east-1,InstanceHours,402.6095,447.87
2024-11-17,AmazonEC2,us-west-2,InstanceHours,229.6662,210.19
2024-11-17,AmazonEC2,eu-west-1,InstanceHours,164.5713,167.53
2024-11-17,AmazonEC2,ap-south-1,InstanceHours,110.2232,133.04
2024-11-17,AmazonS3,us-east-1,GB-Month,78.0477,71.59
2024-11-17,AmazonS3,us-west-2,GB-Month,52.2676,63.18
2024-11-17,AmazonS3,eu-west-1,GB-Month,41.6373,35.07
2024-11-17,AmazonS3,ap-south-1,GB-Month,25.056,25.28
2024-11-17,AmazonRDS,us-east-1,InstanceHours,222.4528,254.6
2024-11-17,AmazonRDS,us-west-2,InstanceHours,158.5034,162.2
2024-11-17,AmazonRDS,eu-west-1,InstanceHours,120.5748,114.77
2024-11-17,AmazonRDS,ap-south-1,InstanceHours,66.4192,65.42
2024-11-17,AWSLambda,us-east-1,Requests(M),29.9688,29.32
2024-11-17,AWSLambda,us-west-2,Requests(M),19.699,21.53
2024-11-17,AWSLambda,eu-west-1,Requests(M),14.8576,18.47
2024-11-17,AWSLambda,ap-south-1,Requests(M),9.1148,10.16
2024-11-17,AmazonCloudFront,us-east-1,GB-Transfer,49.9948,49.82
2024-11-17,AmazonCloudFront,us-west-2,GB-Transfer,34.8217,30.15
2024-11-17,AmazonCloudFront,eu-west-1,GB-Transfer,25.5168,26.89
2024-11-17,AmazonCloudFront,ap-south-1,GB-Transfer,18.539,18.87
2024-11-17,AmazonEBS,us-east-1,GB-Month,71.0444,75.13
2024-11-17,AmazonEBS,us-west-2,GB-Month,37.4846,32.85
2024-11-17,AmazonEBS,eu-west-1,GB-Month,35.9206,37.98
2024-11-17,AmazonEBS,ap-south-1,GB-Month,22.8645,25.87
2024-11-17,AmazonDynamoDB,us-east-1,RCU/WCU,45.4109,51.03
2024-11-17,AmazonDynamoDB,us-west-2,RCU/WCU,30.7844,35.06
2024-11-17,AmazonDynamoDB,eu-west-1,RCU/WCU,23.7176,26.6
2024-11-17,AmazonDynamoDB,ap-south-1,RCU/WCU,13.0733,12.94
2024-11-18,AmazonEC2,us-east-1,InstanceHours,531.4816,461.81
2024-11-18,AmazonEC2,us-west-2,InstanceHours,241.6924,210.7
2024-11-18,AmazonEC2,eu-west-1,InstanceHours,219.9391,226.61
2024-11-18,AmazonEC2,ap-south-1,InstanceHours,135.098,129.59
2024-11-18,AmazonS3,us-east-1,GB-Month,112.1039,130.11
2024-11-18,AmazonS3,us-west-2,GB-Month,61.5663,58.16
2024-11-18,AmazonS3,eu-west-1,GB-Month,50.5853,54.07
2024-11-18,AmazonS3,ap-south-1,GB-Month,27.3451,25.23
2024-11-18,AmazonRDS,us-east-1,InstanceHours,276.9698,255.98
2024-11-18,AmazonRDS,us-west-2,InstanceHours,160.2505,179.91
2024-11-18,AmazonRDS,eu-west-1,InstanceHours,145.7364,140.8
2024-11-18,AmazonRDS,ap-south-1,InstanceHours,91.96,97.68
2024-11-18,AWSLambda,us-east-1,Requests(M),45.1664,45.67
2024-11-18,AWSLambda,us-west-2,Requests(M),21.7593,20.16
2024-11-18,AWSLambda,eu-west-1,Requests(M),16.747,18.91
2024-11-18,AWSLambda,ap-south-1,Requests(M),11.0115,13.72
2024-11-18,AmazonCloudFront,us-east-1,GB-Transfer,69.9087,62.55
2024-11-18,AmazonCloudFront,us-west-2,GB-Transfer,36.105,40.98
2024-11-18,AmazonCloudFront,eu-west-1,GB-Transfer,32.2579,27.65
2024-11-18,AmazonCloudFront,ap-south-1,GB-Transfer,20.255,18.71
2024-11-18,AmazonEBS,us-east-1,GB-Month,77.8367,87.65
2024-11-18,AmazonEBS,us-west-2,GB-Month,49.2718,61.32
2024-11-18,AmazonEBS,eu-west-1,GB-Month,37.3217,33.48
2024-11-18,AmazonEBS,ap-south-1,GB-Month,26.6806,28.52
2024-11-18,AmazonDynamoDB,us-east-1,RCU/WCU,52.7455,60.67
2024-11-18,AmazonDynamoDB,us-west-2,RCU/WCU,32.7712,35.0
2024-11-18,AmazonDynamoDB,eu-west-1,RCU/WCU,23.1238,20.92
2024-11-18,AmazonDynamoDB,ap-south-1,RCU/WCU,14.7636,17.6
2024-11-19,AmazonEC2,us-east-1,InstanceHours,487.9949,590.28
2024-11-19,AmazonEC2,us-west-2,InstanceHours,261.2395,221.97
2024-11-19,AmazonEC2,eu-west-1,InstanceHours,209.8218,188.93
2024-11-19,AmazonEC2,ap-south-1,InstanceHours,119.8167,115.39
2024-11-19,AmazonS3,us-east-1,GB-Month,106.5514,125.77
2024-11-19,AmazonS3,us-west-2,GB-Month,61.3469,54.13
2024-11-19,AmazonS3,eu-west-1,GB-Month,50.8462,43.99
2024-11-19,AmazonS3,ap-south-1,GB-Month,32.9669,30.52
2024-11-19,AmazonRDS,us-east-1,InstanceHours,272.3273,272.98
2024-11-19,AmazonRDS,us-west-2,InstanceHours,149.4268,181.77
2024-11-19,AmazonRDS,eu-west-1,InstanceHours,140.4296,173.32
2024-11-19,AmazonRDS,ap-south-1,InstanceHours,96.7715,82.72
2024-11-19,AWSLambda,us-east-1,Requests(M),37.8696,42.47
2024-11-19,AWSLambda,us-west-2,Requests(M),24.704,29.11
2024-11-19,AWSLambda,eu-west-1,Requests(M),16.8123,16.77
2024-11-19,AWSLambda,ap-south-1,Requests(M),10.6172,8.95
2024-11-19,AmazonCloudFront,us-east-1,GB-Transfer,69.3656,65.42
2024-11-19,AmazonCloudFront,us-west-2,GB-Transfer,39.2612,39.65
2024-11-19,AmazonCloudFront,eu-west-1,GB-Transfer,32.0077,27.89
2024-11-19,AmazonCloudFront,ap-south-1,GB-Transfer,21.1503,23.07
2024-11-19,AmazonEBS,us-east-1,GB-Month,86.6107,73.7
2024-11-19,AmazonEBS,us-west-2,GB-Month,49.1819,59.87
2024-11-19,AmazonEBS,eu-west-1,GB-Month,32.7193,31.15
2024-11-19,AmazonEBS,ap-south-1,GB-Month,24.2228,21.68
2024-11-19,AmazonDynamoDB,us-east-1,RCU/WCU,55.6671,51.38
2024-11-19,AmazonDynamoDB,us-west-2,RCU/WCU,27.8066,32.57
2024-11-19,AmazonDynamoDB,eu-west-1,RCU/WCU,27.7573,23.53
2024-11-19,AmazonDynamoDB,ap-south-1,RCU/WCU,17.6919,18.91
2024-11-20,AmazonEC2,us-east-1,InstanceHours,452.0914,541.87
2024-11-20,AmazonEC2,us-west-2,InstanceHours,249.511,210.06
2024-11-20,AmazonEC2,eu-west-1,InstanceHours,185.0104,223.89
2024-11-20,AmazonEC2,ap-south-1,InstanceHours,140.1204,133.59
2024-11-20,AmazonS3,us-east-1,GB-Month,84.2176,72.35
2024-11-20,AmazonS3,us-west-2,GB-Month,60.9745,66.16
2024-11-20,AmazonS3,eu-west-1,GB-Month,55.5889,66.17
2024-11-20,AmazonS3,ap-south-1,GB-Month,24.0526,20.51
2024-11-20,AmazonRDS,us-east-1,InstanceHours,263.8569,276.31
2024-11-20,AmazonRDS,us-west-2,InstanceHours,164.891,158.54
2024-11-20,AmazonRDS,eu-west-1,InstanceHours,161.3929,196.3
2024-11-20,AmazonRDS,ap-south-1,InstanceHours,84.7613,92.76
2024-11-20,AWSLambda,us-east-1,Requests(M),36.3118,34.75
2024-11-20,AWSLambda,us-west-2,Requests(M),24.4679,28.41
2024-11-20,AWSLambda,eu-west-1,Requests(M),18.2343,18.13
2024-11-20,AWSLambda,ap-south-1,Requests(M),10.5993,10.24
2024-11-20,AmazonCloudFront,us-east-1,GB-Transfer,67.6645,64.84
2024-11-20,AmazonCloudFront,us-west-2,GB-Transfer,42.2226,43.77
2024-11-20,AmazonCloudFront,eu-west-1,GB-Transfer,25.7769,22.67
2024-11-20,AmazonCloudFront,ap-south-1,GB-Transfer,18.1599,20.36
2024-11-20,AmazonEBS,us-east-1,GB-Month,82.0357,71.73
2024-11-20,AmazonEBS,us-west-2,GB-Month,47.7294,57.46
2024-11-20,AmazonEBS,eu-west-1,GB-Month,40.2738,38.59
2024-11-20,AmazonEBS,ap-south-1,GB-Month,22.295,24.5
2024-11-20,AmazonDynamoDB,us-east-1,RCU/WCU,56.7329,61.01
2024-11-20,AmazonDynamoDB,us-west-2,RCU/WCU,36.338,44.85
2024-11-20,AmazonDynamoDB,eu-west-1,RCU/WCU,25.1765,22.21
2024-11-20,AmazonDynamoDB,ap-south-1,RCU/WCU,17.0187,17.58
2024-11-21,AmazonEC2,us-east-1,InstanceHours,488.4133,426.39
2024-11-21,AmazonEC2,us-west-2,InstanceHours,275.4773,290.4
2024-11-21,AmazonEC2,eu-west-1,InstanceHours,237.4331,243.96
2024-11-21,AmazonEC2,ap-south-1,InstanceHours,128.0334,146.02
2024-11-21,AmazonS3,us-east-1,GB-Month,108.4793,117.35
2024-11-21,AmazonS3,us-west-2,GB-Month,63.3743,68.29
2024-11-21,AmazonS3,eu-west-1,GB-Month,53.308,64.75
2024-11-21,AmazonS3,ap-south-1,GB-Month,26.3881,22.52
2024-11-21,AmazonRDS,us-east-1,InstanceHours,290.8878,327.07
2024-11-21,AmazonRDS,us-west-2,InstanceHours,159.4348,191.55
2024-11-21,AmazonRDS,eu-west-1,InstanceHours,157.8286,154.31
2024-11-21,AmazonRDS,ap-south-1,InstanceHours,78.682,68.95
2024-11-21,AWSLambda,us-east-1,Requests(M),38.3841,38.61
2024-11-21,AWSLambda,us-west-2,Requests(M),19.0166,20.2
2024-11-21,AWSLambda,eu-west-1,Requests(M),19.1841,18.05
2024-11-21,AWSLambda,ap-south-1,Requests(M),10.2714,11.7
2024-11-21,AmazonCloudFront,us-east-1,GB-Transfer,67.4043,75.01
2024-11-21,AmazonCloudFront,us-west-2,GB-Transfer,38.2736,35.86
2024-11-21,AmazonCloudFront,eu-west-1,GB-Transfer,31.3317,26.67
2024-11-21,AmazonCloudFront,ap-south-1,GB-Transfer,21.9009,20.01
2024-11-21,AmazonEBS,us-east-1,GB-Month,95.4984,88.67
2024-11-21,AmazonEBS,us-west-2,GB-Month,42.9595,41.43
2024-11-21,AmazonEBS,eu-west-1,GB-Month,39.2648,42.68
2024-11-21,AmazonEBS,ap-south-1,GB-Month,25.8509,29.19
2024-11-21,AmazonDynamoDB,us-east-1,RCU/WCU,55.4054,52.06
2024-11-21,AmazonDynamoDB,us-west-2,RCU/WCU,34.3103,32.81
2024-11-21,AmazonDynamoDB,eu-west-1,RCU/WCU,26.73,23.28
2024-11-21,AmazonDynamoDB,ap-south-1,RCU/WCU,17.6648,18.72
2024-11-22,AmazonEC2,us-east-1,InstanceHours,458.9945,508.37
2024-11-22,AmazonEC2,us-west-2,InstanceHours,280.5587,273.55
2024-11-22,AmazonEC2,eu-west-1,InstanceHours,205.4484,198.21
2024-11-22,AmazonEC2,ap-south-1,InstanceHours,136.5611,147.49
2024-11-22,AmazonS3,us-east-1,GB-Month,103.4958,96.69
2024-11-22,AmazonS3,us-west-2,GB-Month,59.5694,63.18
2024-11-22,AmazonS3,eu-west-1,GB-Month,56.259,47.51
2024-11-22,AmazonS3,ap-south-1,GB-Month,29.3665,32.58
2024-11-22,AmazonRDS,us-east-1,InstanceHours,290.9156,303.31
2024-11-22,AmazonRDS,us-west-2,InstanceHours,170.4065,144.26
2024-11-22,AmazonRDS,eu-west-1,InstanceHours,139.3636,141.61
2024-11-22,AmazonRDS,ap-south-1,InstanceHours,89.9256,87.6
2024-11-22,AWSLambda,us-east-1,Requests(M),37.3125,32.95
2024-11-22,AWSLambda,us-west-2,Requests(M),20.4431,25.36
2024-11-22,AWSLambda,eu-west-1,Requests(M),21.2085,18.94
2024-11-22,AWSLambda,ap-south-1,Requests(M),10.7568,9.13
2024-11-22,AmazonCloudFront,us-east-1,GB-Transfer,57.0531,48.78
2024-11-22,AmazonCloudFront,us-west-2,GB-Transfer,40.6758,36.64
2024-11-22,AmazonCloudFront,eu-west-1,GB-Transfer,36.7503,31.42
2024-11-22,AmazonCloudFront,ap-south-1,GB-Transfer,20.3772,18.78
2024-11-22,AmazonEBS,us-east-1,GB-Month,89.7507,109.97
2024-11-22,AmazonEBS,us-west-2,GB-Month,44.9918,47.13
2024-11-22,AmazonEBS,eu-west-1,GB-Month,36.5461,45.16
2024-11-22,AmazonEBS,ap-south-1,GB-Month,23.5521,27.6
2024-11-22,AmazonDynamoDB,us-east-1,RCU/WCU,58.5132,48.95
2024-11-22,AmazonDynamoDB,us-west-2,RCU/WCU,33.7118,35.92
2024-11-22,AmazonDynamoDB,eu-west-1,RCU/WCU,28.2603,32.6
2024-11-22,AmazonDynamoDB,ap-south-1,RCU/WCU,16.314,15.01
2024-11-23,AmazonEC2,us-east-1,InstanceHours,374.2724,327.02
2024-11-23,AmazonEC2,us-west-2,InstanceHours,233.8019,207.78
2024-11-23,AmazonEC2,eu-west-1,InstanceHours,189.7639,189.06
2024-11-23,AmazonEC2,ap-south-1,InstanceHours,111.6562,110.23
2024-11-23,AmazonS3,us-east-1,GB-Month,84.9556,89.68
2024-11-23,AmazonS3,us-west-2,GB-Month,48.4219,59.18
2024-11-23,AmazonS3,eu-west-1,GB-Month,42.082,43.69
2024-11-23,AmazonS3,ap-south-1,GB-Month,20.9598,23.04
2024-11-23,AmazonRDS,us-east-1,InstanceHours,241.5119,201.52
2024-11-23,AmazonRDS,us-west-2,InstanceHours,139.8164,150.05
2024-11-23,AmazonRDS,eu-west-1,InstanceHours,132.8341,122.16
2024-11-23,AmazonRDS,ap-south-1,InstanceHours,62.8202,65.66
2024-11-23,AWSLambda,us-east-1,Requests(M),32.3167,32.97
2024-11-23,AWSLambda,us-west-2,Requests(M),20.5471,19.41
2024-11-23,AWSLambda,eu-west-1,Requests(M),15.8636,16.05
2024-11-23,AWSLambda,ap-south-1,Requests(M),9.3853,10.14
2024-11-23,AmazonCloudFront,us-east-1,GB-Transfer,58.6893,53.72
2024-11-23,AmazonCloudFront,us-west-2,GB-Transfer,34.3176,28.7
2024-11-23,AmazonCloudFront,eu-west-1,GB-Transfer,28.7701,26.0
2024-11-23,AmazonCloudFront,ap-south-1,GB-Transfer,15.9534,16.88
2024-11-23,AmazonEBS,us-east-1,GB-Month,65.8047,58.98
2024-11-23,AmazonEBS,us-west-2,GB-Month,42.0861,41.55
2024-11-23,AmazonEBS,eu-west-1,GB-Month,36.9285,34.95
2024-11-23,AmazonEBS,ap-south-1,GB-Month,18.429,20.85
2024-11-23,AmazonDynamoDB,us-east-1,RCU/WCU,45.4523,44.22
2024-11-23,AmazonDynamoDB,us-west-2,RCU/WCU,26.4143,22.96
2024-11-23,AmazonDynamoDB,eu-west-1,RCU/WCU,22.9396,20.83
2024-11-23,AmazonDynamoDB,ap-south-1,RCU/WCU,14.5613,14.92
2024-11-24,AmazonEC2,us-east-1,InstanceHours,359.5804,379.13
2024-11-24,AmazonEC2,us-west-2,InstanceHours,242.3664,230.02
2024-11-24,AmazonEC2,eu-west-1,InstanceHours,186.617,190.59
2024-11-24,AmazonEC2,ap-south-1,InstanceHours,125.6529,110.17
2024-11-24,AmazonS3,us-east-1,GB-Month,77.4041,83.27
2024-11-24,AmazonS3,us-west-2,GB-Month,53.116,49.57
2024-11-24,AmazonS3,eu-west-1,GB-Month,37.1585,40.22
2024-11-24,AmazonS3,ap-south-1,GB-Month,25.1158,21.65
2024-11-24,AmazonRDS,us-east-1,InstanceHours,250.4857,309.97
2024-11-24,AmazonRDS,us-west-2,InstanceHours,134.4469,125.85
2024-11-24,AmazonRDS,eu-west-1,InstanceHours,98.6916,86.2
2024-11-24,AmazonRDS,ap-south-1,InstanceHours,68.8555,60.31
2024-11-24,AWSLambda,us-east-1,Requests(M),32.143,33.94
2024-11-24,AWSLambda,us-west-2,Requests(M),18.7653,19.42
2024-11-24,AWSLambda,eu-west-1,Requests(M),15.333,13.02
2024-11-24,AWSLambda,ap-south-1,Requests(M),10.2834,11.79
2024-11-24,AmazonCloudFront,us-east-1,GB-Transfer,60.3347,66.97
2024-11-24,AmazonCloudFront,us-west-2,GB-Transfer,36.0206,38.74
2024-11-24,AmazonCloudFront,eu-west-1,GB-Transfer,28.5016,30.59
2024-11-24,AmazonCloudFront,ap-south-1,GB-Transfer,17.2832,17.05
2024-11-24,AmazonEBS,us-east-1,GB-Month,63.7786,56.08
2024-11-24,AmazonEBS,us-west-2,GB-Month,41.0211,37.73
2024-11-24,AmazonEBS,eu-west-1,GB-Month,34.6611,29.47
2024-11-24,AmazonEBS,ap-south-1,GB-Month,21.1034,20.65
2024-11-24,AmazonDynamoDB,us-east-1,RCU/WCU,46.831,44.31
2024-11-24,AmazonDynamoDB,us-west-2,RCU/WCU,27.5567,33.92
2024-11-24,AmazonDynamoDB,eu-west-1,RCU/WCU,23.7293,21.22
2024-11-24,AmazonDynamoDB,ap-south-1,RCU/WCU,13.9995,13.55
2024-11-25,AmazonEC2,us-east-1,InstanceHours,461.0777,504.82
2024-11-25,AmazonEC2,us-west-2,InstanceHours,256.8349,243.21
2024-11-25,AmazonEC2,eu-west-1,InstanceHours,206.2197,233.62
2024-11-25,AmazonEC2,ap-south-1,InstanceHours,139.0892,132.64
2024-11-25,AmazonS3,us-east-1,GB-Month,93.787,82.7
2024-11-25,AmazonS3,us-west-2,GB-Month,55.2353,59.34
2024-11-25,AmazonS3,eu-west-1,GB-Month,51.1092,57.37
2024-11-25,AmazonS3,ap-south-1,GB-Month,28.9806,30.32
2024-11-25,AmazonRDS,us-east-1,InstanceHours,311.2553,268.17
2024-11-25,AmazonRDS,us-west-2,InstanceHours,175.6438,150.61
2024-11-25,AmazonRDS,eu-west-1,InstanceHours,131.8494,162.79
2024-11-25,AmazonRDS,ap-south-1,InstanceHours,88.6771,93.0
2024-11-25,AWSLambda,us-east-1,Requests(M),38.935,36.58
2024-11-25,AWSLambda,us-west-2,Requests(M),21.2359,25.97
2024-11-25,AWSLambda,eu-west-1,Requests(M),18.0608,18.56
2024-11-25,AWSLambda,ap-south-1,Requests(M),11.8917,11.14
2024-11-25,AmazonCloudFront,us-east-1,GB-Transfer,55.908,67.66
2024-11-25,AmazonCloudFront,us-west-2,GB-Transfer,32.5026,33.84
2024-11-25,AmazonCloudFront,eu-west-1,GB-Transfer,32.7863,33.96
2024-11-25,AmazonCloudFront,ap-south-1,GB-Transfer,19.5553,20.17
2024-11-25,AmazonEBS,us-east-1,GB-Month,82.5338,91.01
2024-11-25,AmazonEBS,us-west-2,GB-Month,48.8991,50.1
2024-11-25,AmazonEBS,eu-west-1,GB-Month,41.8327,49.55
2024-11-25,AmazonEBS,ap-south-1,GB-Month,26.6486,25.35
2024-11-25,AmazonDynamoDB,us-east-1,RCU/WCU,53.9416,53.32
2024-11-25,AmazonDynamoDB,us-west-2,RCU/WCU,28.7254,24.97
2024-11-25,AmazonDynamoDB,eu-west-1,RCU/WCU,23.0735,25.86
2024-11-25,AmazonDynamoDB,ap-south-1,RCU/WCU,15.7371,13.69
2024-11-26,AmazonEC2,us-east-1,InstanceHours,441.5346,504.69
2024-11-26,AmazonEC2,us-west-2,InstanceHours,244.3648,220.28
2024-11-26,AmazonEC2,eu-west-1,InstanceHours,186.8046,197.79
2024-11-26,AmazonEC2,ap-south-1,InstanceHours,131.4271,115.2
2024-11-26,AmazonS3,us-east-1,GB-Month,110.202,95.1
2024-11-26,AmazonS3,us-west-2,GB-Month,60.0421,51.73
2024-11-26,AmazonS3,eu-west-1,GB-Month,49.686,61.34
2024-11-26,AmazonS3,ap-south-1,GB-Month,28.7269,30.22
2024-11-26,AmazonRDS,us-east-1,InstanceHours,272.7413,299.97
2024-11-26,AmazonRDS,us-west-2,InstanceHours,174.8221,189.81
2024-11-26,AmazonRDS,eu-west-1,InstanceHours,127.1927,116.62
2024-11-26,AmazonRDS,ap-south-1,InstanceHours,97.5723,84.26
2024-11-26,AWSLambda,us-east-1,Requests(M),34.4419,29.36
2024-11-26,AWSLambda,us-west-2,Requests(M),23.7008,26.17
2024-11-26,AWSLambda,eu-west-1,Requests(M),17.3427,20.27
2024-11-26,AWSLambda,ap-south-1,Requests(M),11.4322,12.43
2024-11-26,AmazonCloudFront,us-east-1,GB-Transfer,68.288,60.61
2024-11-26,AmazonCloudFront,us-west-2,GB-Transfer,33.9393,30.73
2024-11-26,AmazonCloudFront,eu-west-1,GB-Transfer,29.9805,25.27
2024-11-26,AmazonCloudFront,ap-south-1,GB-Transfer,18.0801,22.51
2024-11-26,AmazonEBS,us-east-1,GB-Month,79.1865,67.17
2024-11-26,AmazonEBS,us-west-2,GB-Month,49.4665,52.8
2024-11-26,AmazonEBS,eu-west-1,GB-Month,45.9981,44.44
2024-11-26,AmazonEBS,ap-south-1,GB-Month,23.2051,25.03
2024-11-26,AmazonDynamoDB,us-east-1,RCU/WCU,60.9883,74.66
2024-11-26,AmazonDynamoDB,us-west-2,RCU/WCU,33.2633,41.35
2024-11-26,AmazonDynamoDB,eu-west-1,RCU/WCU,24.5363,23.02
2024-11-26,AmazonDynamoDB,ap-south-1,RCU/WCU,15.9652,18.03
2024-11-27,AmazonEC2,us-east-1,InstanceHours,402.6914,395.03
2024-11-27,AmazonEC2,us-west-2,InstanceHours,264.3956,312.37
2024-11-27,AmazonEC2,eu-west-1,InstanceHours,219.1339,259.86
2024-11-27,AmazonEC2,ap-south-1,InstanceHours,137.3654,136.88
2024-11-27,AmazonS3,us-east-1,GB-Month,101.602,86.25
2024-11-27,AmazonS3,us-west-2,GB-Month,57.8235,52.01
2024-11-27,AmazonS3,eu-west-1,GB-Month,44.5494,47.27
2024-11-27,AmazonS3,ap-south-1,GB-Month,34.2284,29.04
2024-11-27,AmazonRDS,us-east-1,InstanceHours,311.144,348.52
2024-11-27,AmazonRDS,us-west-2,InstanceHours,192.4098,235.02
2024-11-27,AmazonRDS,eu-west-1,InstanceHours,138.125,141.37
2024-11-27,AmazonRDS,ap-south-1,InstanceHours,86.1803,101.89
2024-11-27,AWSLambda,us-east-1,Requests(M),37.0258,32.07
2024-11-27,AWSLambda,us-west-2,Requests(M),22.9088,20.98
2024-11-27,AWSLambda,eu-west-1,Requests(M),19.1702,20.72
2024-11-27,AWSLambda,ap-south-1,Requests(M),10.1942,11.7
2024-11-27,AmazonCloudFront,us-east-1,GB-Transfer,63.0436,65.71
2024-11-27,AmazonCloudFront,us-west-2,GB-Transfer,41.9532,48.34
2024-11-27,AmazonCloudFront,eu-west-1,GB-Transfer,34.7088,36.72
2024-11-27,AmazonCloudFront,ap-south-1,GB-Transfer,18.8858,16.0
2024-11-27,AmazonEBS,us-east-1,GB-Month,82.2813,85.97
2024-11-27,AmazonEBS,us-west-2,GB-Month,47.4908,59.23
2024-11-27,AmazonEBS,eu-west-1,GB-Month,42.4638,37.92
2024-11-27,AmazonEBS,ap-south-1,GB-Month,21.1978,24.84
2024-11-27,AmazonDynamoDB,us-east-1,RCU/WCU,56.0449,50.6
2024-11-27,AmazonDynamoDB,us-west-2,RCU/WCU,36.1018,37.16
2024-11-27,AmazonDynamoDB,eu-west-1,RCU/WCU,25.4581,28.36
2024-11-27,AmazonDynamoDB,ap-south-1,RCU/WCU,17.839,16.34
2024-11-28,AmazonEC2,us-east-1,InstanceHours,462.5903,492.23
2024-11-28,AmazonEC2,us-west-2,InstanceHours,269.7896,230.85
2024-11-28,AmazonEC2,eu-west-1,InstanceHours,220.2011,188.69
2024-11-28,AmazonEC2,ap-south-1,InstanceHours,150.2855,153.34
2024-11-28,AmazonS3,us-east-1,GB-Month,95.0058,106.61
2024-11-28,AmazonS3,us-west-2,GB-Month,65.79,74.78
2024-11-28,AmazonS3,eu-west-1,GB-Month,54.2749,52.09
2024-11-28,AmazonS3,ap-south-1,GB-Month,27.9918,26.03
2024-11-28,AmazonRDS,us-east-1,InstanceHours,276.042,337.56
2024-11-28,AmazonRDS,us-west-2,InstanceHours,143.3729,127.21
2024-11-28,AmazonRDS,eu-west-1,InstanceHours,139.534,173.47
2024-11-28,AmazonRDS,ap-south-1,InstanceHours,84.5317,97.4
2024-11-28,AWSLambda,us-east-1,Requests(M),41.1383,36.89
2024-11-28,AWSLambda,us-west-2,Requests(M),25.4437,28.22
2024-11-28,AWSLambda,eu-west-1,Requests(M),19.9644,21.49
2024-11-28,AWSLambda,ap-south-1,Requests(M),12.2568,12.04
2024-11-28,AmazonCloudFront,us-east-1,GB-Transfer,63.698,55.27
2024-11-28,AmazonCloudFront,us-west-2,GB-Transfer,35.1219,36.27
2024-11-28,AmazonCloudFront,eu-west-1,GB-Transfer,33.0373,37.68
2024-11-28,AmazonCloudFront,ap-south-1,GB-Transfer,21.1272,20.46
2024-11-28,AmazonEBS,us-east-1,GB-Month,64.3655,75.92
2024-11-28,AmazonEBS,us-west-2,GB-Month,48.9509,50.64
2024-11-28,AmazonEBS,eu-west-1,GB-Month,34.828,29.76
2024-11-28,AmazonEBS,ap-south-1,GB-Month,22.7658,23.96
2024-11-28,AmazonDynamoDB,us-east-1,RCU/WCU,54.5611,50.44
2024-11-28,AmazonDynamoDB,us-west-2,RCU/WCU,36.3988,40.26
2024-11-28,AmazonDynamoDB,eu-west-1,RCU/WCU,26.9767,23.82
2024-11-28,AmazonDynamoDB,ap-south-1,RCU/WCU,17.0211,17.99
2024-11-29,AmazonEC2,us-east-1,InstanceHours,462.1635,575.47
2024-11-29,AmazonEC2,us-west-2,InstanceHours,256.1751,258.73
2024-11-29,AmazonEC2,eu-west-1,InstanceHours,234.5846,196.84
2024-11-29,AmazonEC2,ap-south-1,InstanceHours,122.6659,124.44
2024-11-29,AmazonS3,us-east-1,GB-Month,97.0056,97.17
2024-11-29,AmazonS3,us-west-2,GB-Month,64.3052,54.86
2024-11-29,AmazonS3,eu-west-1,GB-Month,49.2136,53.58
2024-11-29,AmazonS3,ap-south-1,GB-Month,29.7115,29.19
2024-11-29,AmazonRDS,us-east-1,InstanceHours,272.7579,274.49
2024-11-29,AmazonRDS,us-west-2,InstanceHours,147.7848,130.48
2024-11-29,AmazonRDS,eu-west-1,InstanceHours,137.5884,170.48
2024-11-29,AmazonRDS,ap-south-1,InstanceHours,89.8657,78.51
2024-11-29,AWSLambda,us-east-1,Requests(M),38.8962,48.02
2024-11-29,AWSLambda,us-west-2,Requests(M),20.5367,21.4
2024-11-29,AWSLambda,eu-west-1,Requests(M),16.187,13.93
2024-11-29,AWSLambda,ap-south-1,Requests(M),10.6642,9.29
2024-11-29,AmazonCloudFront,us-east-1,GB-Transfer,63.5529,60.48
2024-11-29,AmazonCloudFront,us-west-2,GB-Transfer,38.3441,41.03
2024-11-29,AmazonCloudFront,eu-west-1,GB-Transfer,31.9866,37.48
2024-11-29,AmazonCloudFront,ap-south-1,GB-Transfer,19.4081,18.06
2024-11-29,AmazonEBS,us-east-1,GB-Month,83.5685,101.49
2024-11-29,AmazonEBS,us-west-2,GB-Month,46.9544,52.98
2024-11-29,AmazonEBS,eu-west-1,GB-Month,37.421,35.85
2024-11-29,AmazonEBS,ap-south-1,GB-Month,25.2971,23.2
2024-11-29,AmazonDynamoDB,us-east-1,RCU/WCU,57.7188,55.43
2024-11-29,AmazonDynamoDB,us-west-2,RCU/WCU,30.9068,32.34
2024-11-29,AmazonDynamoDB,eu-west-1,RCU/WCU,31.2922,36.13
2024-11-29,AmazonDynamoDB,ap-south-1,RCU/WCU,18.1152,18.85
2024-11-30,AmazonEC2,us-east-1,InstanceHours,351.0564,317.86
2024-11-30,AmazonEC2,us-west-2,InstanceHours,199.2486,200.65
2024-11-30,AmazonEC2,eu-west-1,InstanceHours,189.7128,196.33
2024-11-30,AmazonEC2,ap-south-1,InstanceHours,117.9171,105.78
2024-11-30,AmazonS3,us-east-1,GB-Month,95.6293,116.43
2024-11-30,AmazonS3,us-west-2,GB-Month,57.2061,59.62
2024-11-30,AmazonS3,eu-west-1,GB-Month,43.4123,40.55
2024-11-30,AmazonS3,ap-south-1,GB-Month,23.9853,25.62
2024-11-30,AmazonRDS,us-east-1,InstanceHours,260.6948,226.03
2024-11-30,AmazonRDS,us-west-2,InstanceHours,144.3184,167.0
2024-11-30,AmazonRDS,eu-west-1,InstanceHours,106.7865,130.73
2024-11-30,AmazonRDS,ap-south-1,InstanceHours,64.262,61.83
2024-11-30,AWSLambda,us-east-1,Requests(M),31.1086,28.38
2024-11-30,AWSLambda,us-west-2,Requests(M),20.7576,19.75
2024-11-30,AWSLambda,eu-west-1,Requests(M),14.7234,13.59
2024-11-30,AWSLambda,ap-south-1,Requests(M),9.331,8.17
2024-11-30,AmazonCloudFront,us-east-1,GB-Transfer,61.546,72.9
2024-11-30,AmazonCloudFront,us-west-2,GB-Transfer,34.0017,29.95
2024-11-30,AmazonCloudFront,eu-west-1,GB-Transfer,31.4654,26.47
2024-11-30,AmazonCloudFront,ap-south-1,GB-Transfer,17.1581,20.59
2024-11-30,AmazonEBS,us-east-1,GB-Month,74.3546,63.96
2024-11-30,AmazonEBS,us-west-2,GB-Month,40.0545,39.95
2024-11-30,AmazonEBS,eu-west-1,GB-Month,38.6872,34.14
2024-11-30,AmazonEBS,ap-south-1,GB-Month,21.7588,25.64
2024-11-30,AmazonDynamoDB,us-east-1,RCU/WCU,45.3835,46.3
2024-11-30,AmazonDynamoDB,us-west-2,RCU/WCU,30.433,31.39
2024-11-30,AmazonDynamoDB,eu-west-1,RCU/WCU,24.0894,23.63
2024-11-30,AmazonDynamoDB,ap-south-1,RCU/WCU,13.7217,11.62
2024-12-01,AmazonEC2,us-east-1,InstanceHours,406.9038,361.73
2024-12-01,AmazonEC2,us-west-2,InstanceHours,218.2664,203.67
2024-12-01,AmazonEC2,eu-west-1,InstanceHours,213.5631,186.62
2024-12-01,AmazonEC2,ap-south-1,InstanceHours,135.5438,120.09
2024-12-01,AmazonS3,us-east-1,GB-Month,73.2242,63.79
2024-12-01,AmazonS3,us-west-2,GB-Month,47.904,49.24
2024-12-01,AmazonS3,eu-west-1,GB-Month,39.6546,49.47
2024-12-01,AmazonS3,ap-south-1,GB-Month,26.6092,26.66
2024-12-01,AmazonRDS,us-east-1,InstanceHours,245.6865,269.86
2024-12-01,AmazonRDS,us-west-2,InstanceHours,140.0112,143.24
2024-12-01,AmazonRDS,eu-west-1,InstanceHours,118.0558,106.11
2024-12-01,AmazonRDS,ap-south-1,InstanceHours,69.4921,80.75
2024-12-01,AWSLambda,us-east-1,Requests(M),34.1361,31.85
2024-12-01,AWSLambda,us-west-2,Requests(M),19.8179,17.63
2024-12-01,AWSLambda,eu-west-1,Requests(M),15.831,13.67
2024-12-01,AWSLambda,ap-south-1,Requests(M),9.368,8.63
2024-12-01,AmazonCloudFront,us-east-1,GB-Transfer,61.8065,64.0
2024-12-01,AmazonCloudFront,us-west-2,GB-Transfer,36.5324,44.67
2024-12-01,AmazonCloudFront,eu-west-1,GB-Transfer,29.2871,29.61
2024-12-01,AmazonCloudFront,ap-south-1,GB-Transfer,18.1019,15.61
2024-12-01,AmazonEBS,us-east-1,GB-Month,62.5164,54.4
2024-12-01,AmazonEBS,us-west-2,GB-Month,38.3606,34.29
2024-12-01,AmazonEBS,eu-west-1,GB-Month,31.69,35.77
2024-12-01,AmazonEBS,ap-south-1,GB-Month,20.9206,19.69
2024-12-01,AmazonDynamoDB,us-east-1,RCU/WCU,50.4201,42.73
2024-12-01,AmazonDynamoDB,us-west-2,RCU/WCU,26.9555,24.02
2024-12-01,AmazonDynamoDB,eu-west-1,RCU/WCU,25.4929,27.1
2024-12-01,AmazonDynamoDB,ap-south-1,RCU/WCU,13.3044,15.35
2024-12-02,AmazonEC2,us-east-1,InstanceHours,454.3153,391.17
2024-12-02,AmazonEC2,us-west-2,InstanceHours,266.1434,297.17
2024-12-02,AmazonEC2,eu-west-1,InstanceHours,225.7654,193.44
2024-12-02,AmazonEC2,ap-south-1,InstanceHours,136.6136,159.62
2024-12-02,AmazonS3,us-east-1,GB-Month,84.686,102.52
2024-12-02,AmazonS3,us-west-2,GB-Month,60.7044,74.03
2024-12-02,AmazonS3,eu-west-1,GB-Month,48.7,51.97
2024-12-02,AmazonS3,ap-south-1,GB-Month,33.2213,34.34
2024-12-02,AmazonRDS,us-east-1,InstanceHours,297.4128,320.54
2024-12-02,AmazonRDS,us-west-2,InstanceHours,174.7539,183.48
2024-12-02,AmazonRDS,eu-west-1,InstanceHours,159.1279,160.3
2024-12-02,AmazonRDS,ap-south-1,InstanceHours,94.6382,98.55
2024-12-02,AWSLambda,us-east-1,Requests(M),43.2291,47.62
2024-12-02,AWSLambda,us-west-2,Requests(M),22.0182,26.21
2024-12-02,AWSLambda,eu-west-1,Requests(M),17.3645,21.53
2024-12-02,AWSLambda,ap-south-1,Requests(M),9.8841,8.78
2024-12-02,AmazonCloudFront,us-east-1,GB-Transfer,70.9069,85.47
2024-12-02,AmazonCloudFront,us-west-2,GB-Transfer,33.4547,38.45
2024-12-02,AmazonCloudFront,eu-west-1,GB-Transfer,33.3469,28.26
2024-12-02,AmazonCloudFront,ap-south-1,GB-Transfer,21.0116,17.52
2024-12-02,AmazonEBS,us-east-1,GB-Month,72.259,63.2
2024-12-02,AmazonEBS,us-west-2,GB-Month,45.4232,37.87
2024-12-02,AmazonEBS,eu-west-1,GB-Month,44.8421,40.3
2024-12-02,AmazonEBS,ap-south-1,GB-Month,25.5705,27.14
2024-12-02,AmazonDynamoDB,us-east-1,RCU/WCU,59.7605,55.58
2024-12-02,AmazonDynamoDB,us-west-2,RCU/WCU,33.4038,41.32
2024-12-02,AmazonDynamoDB,eu-west-1,RCU/WCU,25.2877,28.31
2024-12-02,AmazonDynamoDB,ap-south-1,RCU/WCU,15.8092,13.6
2024-12-03,AmazonEC2,us-east-1,InstanceHours,492.1884,485.56
2024-12-03,AmazonEC2,us-west-2,InstanceHours,241.0641,271.68
2024-12-03,AmazonEC2,eu-west-1,InstanceHours,219.8988,219.68
2024-12-03,AmazonEC2,ap-south-1,InstanceHours,130.4505,143.59
2024-12-03,AmazonS3,us-east-1,GB-Month,97.686,118.62
2024-12-03,AmazonS3,us-west-2,GB-Month,61.9371,56.73
2024-12-03,AmazonS3,eu-west-1,GB-Month,53.6686,58.86
2024-12-03,AmazonS3,ap-south-1,GB-Month,26.3399,25.62
2024-12-03,AmazonRDS,us-east-1,InstanceHours,264.3927,268.23
2024-12-03,AmazonRDS,us-west-2,InstanceHours,153.544,131.14
2024-12-03,AmazonRDS,eu-west-1,InstanceHours,141.5469,167.98
2024-12-03,AmazonRDS,ap-south-1,InstanceHours,77.4924,82.59
2024-12-03,AWSLambda,us-east-1,Requests(M),39.3203,33.33
2024-12-03,AWSLambda,us-west-2,Requests(M),21.0751,17.58
2024-12-03,AWSLambda,eu-west-1,Requests(M),21.1043,18.47
2024-12-03,AWSLambda,ap-south-1,Requests(M),9.9108,11.7
2024-12-03,AmazonCloudFront,us-east-1,GB-Transfer,61.1803,69.33
2024-12-03,AmazonCloudFront,us-west-2,GB-Transfer,44.5051,46.31
2024-12-03,AmazonCloudFront,eu-west-1,GB-Transfer,33.2731,36.93
2024-12-03,AmazonCloudFront,ap-south-1,GB-Transfer,18.8738,20.41
2024-12-03,AmazonEBS,us-east-1,GB-Month,99.8552,97.16
2024-12-03,AmazonEBS,us-west-2,GB-Month,48.0629,49.85
2024-12-03,AmazonEBS,eu-west-1,GB-Month,42.8732,50.39
2024-12-03,AmazonEBS,ap-south-1,GB-Month,23.0212,27.36
2024-12-03,AmazonDynamoDB,us-east-1,RCU/WCU,50.4316,54.66
2024-12-03,AmazonDynamoDB,us-west-2,RCU/WCU,34.4618,34.81
2024-12-03,AmazonDynamoDB,eu-west-1,RCU/WCU,31.1462,29.68
2024-12-03,AmazonDynamoDB,ap-south-1,RCU/WCU,15.7823,14.92
2024-12-04,AmazonEC2,us-east-1,InstanceHours,421.139,453.36
2024-12-04,AmazonEC2,us-west-2,InstanceHours,297.3837,304.95
2024-12-04,AmazonEC2,eu-west-1,InstanceHours,221.1248,275.63
2024-12-04,AmazonEC2,ap-south-1,InstanceHours,141.7089,173.43
2024-12-04,AmazonS3,us-east-1,GB-Month,94.4684,93.23
2024-12-04,AmazonS3,us-west-2,GB-Month,57.4142,50.22
2024-12-04,AmazonS3,eu-west-1,GB-Month,45.7409,47.66
2024-12-04,AmazonS3,ap-south-1,GB-Month,31.0829,30.99
2024-12-04,AmazonRDS,us-east-1,InstanceHours,293.1116,251.84
2024-12-04,AmazonRDS,us-west-2,InstanceHours,175.3701,174.72
2024-12-04,AmazonRDS,eu-west-1,InstanceHours,134.0777,130.67
2024-12-04,AmazonRDS,ap-south-1,InstanceHours,87.3087,97.07
2024-12-04,AWSLambda,us-east-1,Requests(M),44.1107,48.86
2024-12-04,AWSLambda,us-west-2,Requests(M),21.0682,25.67
2024-12-04,AWSLambda,eu-west-1,Requests(M),17.9155,15.0
2024-12-04,AWSLambda,ap-south-1,Requests(M),10.7949,11.7
2024-12-04,AmazonCloudFront,us-east-1,GB-Transfer,66.0802,57.8
2024-12-04,AmazonCloudFront,us-west-2,GB-Transfer,35.9029,33.52
2024-12-04,AmazonCloudFront,eu-west-1,GB-Transfer,34.0979,31.4
2024-12-04,AmazonCloudFront,ap-south-1,GB-Transfer,16.8443,15.44
2024-12-04,AmazonEBS,us-east-1,GB-Month,87.1793,75.94
2024-12-04,AmazonEBS,us-west-2,GB-Month,50.513,48.97
2024-12-04,AmazonEBS,eu-west-1,GB-Month,47.1649,41.84
2024-12-04,AmazonEBS,ap-south-1,GB-Month,22.6551,28.24
2024-12-04,AmazonDynamoDB,us-east-1,RCU/WCU,59.2006,66.52
2024-12-04,AmazonDynamoDB,us-west-2,RCU/WCU,32.4745,32.78
2024-12-04,AmazonDynamoDB,eu-west-1,RCU/WCU,26.6292,30.58
2024-12-04,AmazonDynamoDB,ap-south-1,RCU/WCU,15.0456,15.91
2024-12-05,AmazonEC2,us-east-1,InstanceHours,441.3592,492.47
2024-12-05,AmazonEC2,us-west-2,InstanceHours,265.756,264.11
2024-12-05,AmazonEC2,eu-west-1,InstanceHours,202.4297,183.58
2024-12-05,AmazonEC2,ap-south-1,InstanceHours,141.3164,152.97
2024-12-05,AmazonS3,us-east-1,GB-Month,99.8679,102.48
2024-12-05,AmazonS3,us-west-2,GB-Month,61.7171,55.3
2024-12-05,AmazonS3,eu-west-1,GB-Month,46.7957,50.0
2024-12-05,AmazonS3,ap-south-1,GB-Month,31.4823,26.81
2024-12-05,AmazonRDS,us-east-1,InstanceHours,314.9471,284.08
2024-12-05,AmazonRDS,us-west-2,InstanceHours,167.1528,143.13
2024-12-05,AmazonRDS,eu-west-1,InstanceHours,131.1054,126.61
2024-12-05,AmazonRDS,ap-south-1,InstanceHours,85.5477,76.98
2024-12-05,AWSLambda,us-east-1,Requests(M),38.2448,33.12
2024-12-05,AWSLambda,us-west-2,Requests(M),22.5938,21.15
2024-12-05,AWSLambda,eu-west-1,Requests(M),20.0047,17.36
2024-12-05,AWSLambda,ap-south-1,Requests(M),11.1411,10.1
2024-12-05,AmazonCloudFront,us-east-1,GB-Transfer,60.1304,59.37
2024-12-05,AmazonCloudFront,us-west-2,GB-Transfer,39.7681,42.18
2024-12-05,AmazonCloudFront,eu-west-1,GB-Transfer,34.4275,29.57
2024-12-05,AmazonCloudFront,ap-south-1,GB-Transfer,20.7933,25.8
2024-12-05,AmazonEBS,us-east-1,GB-Month,79.1664,95.09
2024-12-05,AmazonEBS,us-west-2,GB-Month,50.2627,62.18
2024-12-05,AmazonEBS,eu-west-1,GB-Month,45.5313,38.11
2024-12-05,AmazonEBS,ap-south-1,GB-Month,27.2988,28.46
2024-12-05,AmazonDynamoDB,us-east-1,RCU/WCU,59.3436,52.51
2024-12-05,AmazonDynamoDB,us-west-2,RCU/WCU,28.7739,24.49
2024-12-05,AmazonDynamoDB,eu-west-1,RCU/WCU,26.5457,25.19
2024-12-05,AmazonDynamoDB,ap-south-1,RCU/WCU,18.0969,15.84
2024-12-06,AmazonEC2,us-east-1,InstanceHours,402.6504,463.94
2024-12-06,AmazonEC2,us-west-2,InstanceHours,273.5833,341.95
2024-12-06,AmazonEC2,eu-west-1,InstanceHours,218.0975,243.0
2024-12-06,AmazonEC2,ap-south-1,InstanceHours,140.9772,153.38
2024-12-06,AmazonS3,us-east-1,GB-Month,81.8949,76.55
2024-12-06,AmazonS3,us-west-2,GB-Month,64.6132,78.58
2024-12-06,AmazonS3,eu-west-1,GB-Month,49.0412,52.46
2024-12-06,AmazonS3,ap-south-1,GB-Month,26.9168,29.31
2024-12-06,AmazonRDS,us-east-1,InstanceHours,267.0043,323.24
2024-12-06,AmazonRDS,us-west-2,InstanceHours,175.027,147.09
2024-12-06,AmazonRDS,eu-west-1,InstanceHours,132.6797,122.77
2024-12-06,AmazonRDS,ap-south-1,InstanceHours,96.8989,87.89
2024-12-06,AWSLambda,us-east-1,Requests(M),37.7848,38.88
2024-12-06,AWSLambda,us-west-2,Requests(M),25.663,31.9
2024-12-06,AWSLambda,eu-west-1,Requests(M),19.3344,21.94
2024-12-06,AWSLambda,ap-south-1,Requests(M),12.0876,10.35
2024-12-06,AmazonCloudFront,us-east-1,GB-Transfer,68.7323,60.87
2024-12-06,AmazonCloudFront,us-west-2,GB-Transfer,37.7485,42.3
2024-12-06,AmazonCloudFront,eu-west-1,GB-Transfer,34.5711,43.12
2024-12-06,AmazonCloudFront,ap-south-1,GB-Transfer,19.0026,23.51
2024-12-06,AmazonEBS,us-east-1,GB-Month,71.3698,66.33
2024-12-06,AmazonEBS,us-west-2,GB-Month,48.2365,47.0
2024-12-06,AmazonEBS,eu-west-1,GB-Month,36.9577,33.09
2024-12-06,AmazonEBS,ap-south-1,GB-Month,23.6881,24.51
2024-12-06,AmazonDynamoDB,us-east-1,RCU/WCU,54.3477,64.98
2024-12-06,AmazonDynamoDB,us-west-2,RCU/WCU,30.3264,35.61
2024-12-06,AmazonDynamoDB,eu-west-1,RCU/WCU,28.468,24.33
2024-12-06,AmazonDynamoDB,ap-south-1,RCU/WCU,15.8207,13.99
2024-12-07,AmazonEC2,us-east-1,InstanceHours,351.0143,344.25
2024-12-07,AmazonEC2,us-west-2,InstanceHours,216.8026,199.13
2024-12-07,AmazonEC2,eu-west-1,InstanceHours,196.2423,173.22
2024-12-07,AmazonEC2,ap-south-1,InstanceHours,114.4052,100.48
2024-12-07,AmazonS3,us-east-1,GB-Month,85.334,84.96
2024-12-07,AmazonS3,us-west-2,GB-Month,50.4907,43.32
2024-12-07,AmazonS3,eu-west-1,GB-Month,38.4307,37.7
2024-12-07,AmazonS3,ap-south-1,GB-Month,23.7899,24.25
2024-12-07,AmazonRDS,us-east-1,InstanceHours,257.5163,307.3
2024-12-07,AmazonRDS,us-west-2,InstanceHours,134.9361,145.36
2024-12-07,AmazonRDS,eu-west-1,InstanceHours,135.3084,156.74
2024-12-07,AmazonRDS,ap-south-1,InstanceHours,64.0582,55.98
2024-12-07,AWSLambda,us-east-1,Requests(M),34.5725,35.02
2024-12-07,AWSLambda,us-west-2,Requests(M),19.2946,21.2
2024-12-07,AWSLambda,eu-west-1,Requests(M),14.9528,15.63
2024-12-07,AWSLambda,ap-south-1,Requests(M),9.7902,9.45
2024-12-07,AmazonCloudFront,us-east-1,GB-Transfer,52.0312,46.88
2024-12-07,AmazonCloudFront,us-west-2,GB-Transfer,31.8792,27.05
2024-12-07,AmazonCloudFront,eu-west-1,GB-Transfer,26.9464,22.92
2024-12-07,AmazonCloudFront,ap-south-1,GB-Transfer,17.6644,19.06
2024-12-07,AmazonEBS,us-east-1,GB-Month,66.0088,73.59
2024-12-07,AmazonEBS,us-west-2,GB-Month,42.4594,38.27
2024-12-07,AmazonEBS,eu-west-1,GB-Month,36.9155,38.0
2024-12-07,AmazonEBS,ap-south-1,GB-Month,20.9336,18.24
2024-12-07,AmazonDynamoDB,us-east-1,RCU/WCU,47.7379,40.32
2024-12-07,AmazonDynamoDB,us-west-2,RCU/WCU,27.7047,29.74
2024-12-07,AmazonDynamoDB,eu-west-1,RCU/WCU,24.1572,29.14
2024-12-07,AmazonDynamoDB,ap-south-1,RCU/WCU,12.5082,11.02
2024-12-08,AmazonEC2,us-east-1,InstanceHours,433.7596,379.84
2024-12-08,AmazonEC2,us-west-2,InstanceHours,198.7428,167.05
2024-12-08,AmazonEC2,eu-west-1,InstanceHours,183.9058,167.24
2024-12-08,AmazonEC2,ap-south-1,InstanceHours,115.8586,112.91
2024-12-08,AmazonS3,us-east-1,GB-Month,70.9887,70.92
2024-12-08,AmazonS3,us-west-2,GB-Month,47.999,51.31
2024-12-08,AmazonS3,eu-west-1,GB-Month,42.5987,37.02
2024-12-08,AmazonS3,ap-south-1,GB-Month,28.1991,27.72
2024-12-08,AmazonRDS,us-east-1,InstanceHours,252.1412,246.5
2024-12-08,AmazonRDS,us-west-2,InstanceHours,139.5013,158.03
2024-12-08,AmazonRDS,eu-west-1,InstanceHours,106.0677,93.22
2024-12-08,AmazonRDS,ap-south-1,InstanceHours,79.7551,81.27
2024-12-08,AWSLambda,us-east-1,Requests(M),31.1817,32.53
2024-12-08,AWSLambda,us-west-2,Requests(M),19.875,16.66
2024-12-08,AWSLambda,eu-west-1,Requests(M),15.6525,17.18
2024-12-08,AWSLambda,ap-south-1,Requests(M),10.0337,10.77
2024-12-08,AmazonCloudFront,us-east-1,GB-Transfer,61.1171,55.57
2024-12-08,AmazonCloudFront,us-west-2,GB-Transfer,35.2943,35.16
2024-12-08,AmazonCloudFront,eu-west-1,GB-Transfer,27.1996,32.02
2024-12-08,AmazonCloudFront,ap-south-1,GB-Transfer,18.4417,17.98
2024-12-08,AmazonEBS,us-east-1,GB-Month,79.7608,68.04
2024-12-08,AmazonEBS,us-west-2,GB-Month,44.9969,46.32
2024-12-08,AmazonEBS,eu-west-1,GB-Month,33.6217,34.12
2024-12-08,AmazonEBS,ap-south-1,GB-Month,22.229,23.01
2024-12-08,AmazonDynamoDB,us-east-1,RCU/WCU,49.9541,57.04
2024-12-08,AmazonDynamoDB,us-west-2,RCU/WCU,27.2399,26.73
2024-12-08,AmazonDynamoDB,eu-west-1,RCU/WCU,26.5866,32.4
2024-12-08,AmazonDynamoDB,ap-south-1,RCU/WCU,15.2211,17.21
2024-12-09,AmazonEC2,us-east-1,InstanceHours,450.4501,428.6
2024-12-09,AmazonEC2,us-west-2,InstanceHours,265.7871,258.93
2024-12-09,AmazonEC2,eu-west-1,InstanceHours,246.3653,270.97
2024-12-09,AmazonEC2,ap-south-1,InstanceHours,161.202,179.55
2024-12-09,AmazonS3,us-east-1,GB-Month,88.7692,101.93
2024-12-09,AmazonS3,us-west-2,GB-Month,60.9402,53.03
2024-12-09,AmazonS3,eu-west-1,GB-Month,52.2255,54.25
2024-12-09,AmazonS3,ap-south-1,GB-Month,32.3314,35.73
2024-12-09,AmazonRDS,us-east-1,InstanceHours,301.9943,273.65
2024-12-09,AmazonRDS,us-west-2,InstanceHours,163.6773,178.14
2024-12-09,AmazonRDS,eu-west-1,InstanceHours,127.0822,150.5
2024-12-09,AmazonRDS,ap-south-1,InstanceHours,82.9688,76.18
2024-12-09,AWSLambda,us-east-1,Requests(M),40.5402,33.83
2024-12-09,AWSLambda,us-west-2,Requests(M),21.8483,26.3
2024-12-09,AWSLambda,eu-west-1,Requests(M),21.2246,19.03
2024-12-09,AWSLambda,ap-south-1,Requests(M),11.3299,10.26
2024-12-09,AmazonCloudFront,us-east-1,GB-Transfer,62.1167,59.84
2024-12-09,AmazonCloudFront,us-west-2,GB-Transfer,32.7937,27.57
2024-12-09,AmazonCloudFront,eu-west-1,GB-Transfer,34.154,37.63
2024-12-09,AmazonCloudFront,ap-south-1,GB-Transfer,19.2644,16.11
2024-12-09,AmazonEBS,us-east-1,GB-Month,78.935,75.51
2024-12-09,AmazonEBS,us-west-2,GB-Month,56.9312,62.63
2024-12-09,AmazonEBS,eu-west-1,GB-Month,38.9961,46.12
2024-12-09,AmazonEBS,ap-south-1,GB-Month,23.8662,25.41
2024-12-09,AmazonDynamoDB,us-east-1,RCU/WCU,56.9905,67.76
2024-12-09,AmazonDynamoDB,us-west-2,RCU/WCU,36.3379,31.85
2024-12-09,AmazonDynamoDB,eu-west-1,RCU/WCU,28.2746,26.47
2024-12-09,AmazonDynamoDB,ap-south-1,RCU/WCU,16.4852,18.95
2024-12-10,AmazonEC2,us-east-1,InstanceHours,536.7741,661.62
2024-12-10,AmazonEC2,us-west-2,InstanceHours,266.3145,330.43
2024-12-10,AmazonEC2,eu-west-1,InstanceHours,222.015,228.45
2024-12-10,AmazonEC2,ap-south-1,InstanceHours,131.1752,131.84
2024-12-10,AmazonS3,us-east-1,GB-Month,101.2787,97.53
2024-12-10,AmazonS3,us-west-2,GB-Month,54.8785,59.79
2024-12-10,AmazonS3,eu-west-1,GB-Month,44.8042,47.13
2024-12-10,AmazonS3,ap-south-1,GB-Month,28.6326,27.24
2024-12-10,AmazonRDS,us-east-1,InstanceHours,248.6529,265.22
2024-12-10,AmazonRDS,us-west-2,InstanceHours,173.7034,166.13
2024-12-10,AmazonRDS,eu-west-1,InstanceHours,146.3216,143.26
2024-12-10,AmazonRDS,ap-south-1,InstanceHours,88.9717,94.16
2024-12-10,AWSLambda,us-east-1,Requests(M),40.8254,50.05
2024-12-10,AWSLambda,us-west-2,Requests(M),22.3191,18.67
2024-12-10,AWSLambda,eu-west-1,Requests(M),20.9861,25.74
2024-12-10,AWSLambda,ap-south-1,Requests(M),12.4855,11.98
2024-12-10,AmazonCloudFront,us-east-1,GB-Transfer,60.3102,66.19
2024-12-10,AmazonCloudFront,us-west-2,GB-Transfer,39.1221,33.84
2024-12-10,AmazonCloudFront,eu-west-1,GB-Transfer,26.9513,32.51
2024-12-10,AmazonCloudFront,ap-south-1,GB-Transfer,21.6114,19.91
2024-12-10,AmazonEBS,us-east-1,GB-Month,87.3558,87.0
2024-12-10,AmazonEBS,us-west-2,GB-Month,55.0327,56.53
2024-12-10,AmazonEBS,eu-west-1,GB-Month,36.2099,30.78
2024-12-10,AmazonEBS,ap-south-1,GB-Month,25.5043,24.63
2024-12-10,AmazonDynamoDB,us-east-1,RCU/WCU,52.3233,46.62
2024-12-10,AmazonDynamoDB,us-west-2,RCU/WCU,27.7996,32.15
2024-12-10,AmazonDynamoDB,eu-west-1,RCU/WCU,29.4636,31.81
2024-12-10,AmazonDynamoDB,ap-south-1,RCU/WCU,14.8172,13.27
2024-12-11,AmazonEC2,us-east-1,InstanceHours,471.0744,569.38
2024-12-11,AmazonEC2,us-west-2,InstanceHours,263.4754,327.28
2024-12-11,AmazonEC2,eu-west-1,InstanceHours,232.2359,246.87
2024-12-11,AmazonEC2,ap-south-1,InstanceHours,147.1392,164.76
2024-12-11,AmazonS3,us-east-1,GB-Month,99.5516,83.19
2024-12-11,AmazonS3,us-west-2,GB-Month,70.1686,58.8
2024-12-11,AmazonS3,eu-west-1,GB-Month,45.6628,45.83
2024-12-11,AmazonS3,ap-south-1,GB-Month,34.2333,31.9
2024-12-11,AmazonRDS,us-east-1,InstanceHours,276.6403,333.26
2024-12-11,AmazonRDS,us-west-2,InstanceHours,160.6257,193.68
2024-12-11,AmazonRDS,eu-west-1,InstanceHours,140.9269,126.52
2024-12-11,AmazonRDS,ap-south-1,InstanceHours,75.4521,75.89
2024-12-11,AWSLambda,us-east-1,Requests(M),36.285,35.57
2024-12-11,AWSLambda,us-west-2,Requests(M),22.4492,24.71
2024-12-11,AWSLambda,eu-west-1,Requests(M),19.4786,23.06
2024-12-11,AWSLambda,ap-south-1,Requests(M),11.5033,13.0
2024-12-11,AmazonCloudFront,us-east-1,GB-Transfer,68.0259,61.36
2024-12-11,AmazonCloudFront,us-west-2,GB-Transfer,39.1495,33.77
2024-12-11,AmazonCloudFront,eu-west-1,GB-Transfer,35.6389,32.09
2024-12-11,AmazonCloudFront,ap-south-1,GB-Transfer,20.6826,20.4
2024-12-11,AmazonEBS,us-east-1,GB-Month,84.4986,91.27
2024-12-11,AmazonEBS,us-west-2,GB-Month,54.1707,52.88
2024-12-11,AmazonEBS,eu-west-1,GB-Month,45.1418,37.85
2024-12-11,AmazonEBS,ap-south-1,GB-Month,24.7902,25.7
2024-12-11,AmazonDynamoDB,us-east-1,RCU/WCU,52.9959,47.71
2024-12-11,AmazonDynamoDB,us-west-2,RCU/WCU,33.2939,35.1
2024-12-11,AmazonDynamoDB,eu-west-1,RCU/WCU,27.0024,25.86
2024-12-11,AmazonDynamoDB,ap-south-1,RCU/WCU,15.8496,18.7
2024-12-12,AmazonEC2,us-east-1,InstanceHours,464.6526,498.62
2024-12-12,AmazonEC2,us-west-2,InstanceHours,283.2154,296.16
2024-12-12,AmazonEC2,eu-west-1,InstanceHours,240.3558,224.91
2024-12-12,AmazonEC2,ap-south-1,InstanceHours,153.6521,160.78
2024-12-12,AmazonS3,us-east-1,GB-Month,100.3281,113.29
2024-12-12,AmazonS3,us-west-2,GB-Month,58.8267,60.83
2024-12-12,AmazonS3,eu-west-1,GB-Month,52.9258,47.87
2024-12-12,AmazonS3,ap-south-1,GB-Month,27.6039,30.1
2024-12-12,AmazonRDS,us-east-1,InstanceHours,240.709,201.37
2024-12-12,AmazonRDS,us-west-2,InstanceHours,149.3142,151.14
2024-12-12,AmazonRDS,eu-west-1,InstanceHours,147.195,147.72
2024-12-12,AmazonRDS,ap-south-1,InstanceHours,82.9673,79.8
2024-12-12,AWSLambda,us-east-1,Requests(M),37.4456,31.8
2024-12-12,AWSLambda,us-west-2,Requests(M),21.4306,20.69
2024-12-12,AWSLambda,eu-west-1,Requests(M),20.9117,17.96
2024-12-12,AWSLambda,ap-south-1,Requests(M),10.0814,11.08
2024-12-12,AmazonCloudFront,us-east-1,GB-Transfer,68.4715,78.8
2024-12-12,AmazonCloudFront,us-west-2,GB-Transfer,39.2606,36.09
2024-12-12,AmazonCloudFront,eu-west-1,GB-Transfer,36.7755,39.1
2024-12-12,AmazonCloudFront,ap-south-1,GB-Transfer,21.178,22.88
2024-12-12,AmazonEBS,us-east-1,GB-Month,74.9031,77.39
2024-12-12,AmazonEBS,us-west-2,GB-Month,51.7104,59.08
2024-12-12,AmazonEBS,eu-west-1,GB-Month,42.3619,49.48
2024-12-12,AmazonEBS,ap-south-1,GB-Month,24.3952,23.57
2024-12-12,AmazonDynamoDB,us-east-1,RCU/WCU,57.0936,51.27
2024-12-12,AmazonDynamoDB,us-west-2,RCU/WCU,31.0958,36.8
2024-12-12,AmazonDynamoDB,eu-west-1,RCU/WCU,27.4747,23.83
2024-12-12,AmazonDynamoDB,ap-south-1,RCU/WCU,16.3814,13.85
2024-12-13,AmazonEC2,us-east-1,InstanceHours,430.309,491.59
2024-12-13,AmazonEC2,us-west-2,InstanceHours,268.0976,268.04
2024-12-13,AmazonEC2,eu-west-1,InstanceHours,220.4301,207.19
2024-12-13,AmazonEC2,ap-south-1,InstanceHours,141.5995,152.35
2024-12-13,AmazonS3,us-east-1,GB-Month,108.0639,109.51
2024-12-13,AmazonS3,us-west-2,GB-Month,52.9968,47.12
2024-12-13,AmazonS3,eu-west-1,GB-Month,50.6923,61.39
2024-12-13,AmazonS3,ap-south-1,GB-Month,28.2607,32.2
2024-12-13,AmazonRDS,us-east-1,InstanceHours,304.3273,337.74
2024-12-13,AmazonRDS,us-west-2,InstanceHours,175.5642,188.6
2024-12-13,AmazonRDS,eu-west-1,InstanceHours,125.146,111.29
2024-12-13,AmazonRDS,ap-south-1,InstanceHours,86.2983,77.78
2024-12-13,AWSLambda,us-east-1,Requests(M),37.7899,34.05
2024-12-13,AWSLambda,us-west-2,Requests(M),20.7713,22.22
2024-12-13,AWSLambda,eu-west-1,Requests(M),18.3355,17.57
2024-12-13,AWSLambda,ap-south-1,Requests(M),11.5763,13.44
2024-12-13,AmazonCloudFront,us-east-1,GB-Transfer,63.0054,69.04
2024-12-13,AmazonCloudFront,us-west-2,GB-Transfer,42.5258,37.42
2024-12-13,AmazonCloudFront,eu-west-1,GB-Transfer,32.3686,34.14
2024-12-13,AmazonCloudFront,ap-south-1,GB-Transfer,18.755,20.52
2024-12-13,AmazonEBS,us-east-1,GB-Month,83.0463,100.59
2024-12-13,AmazonEBS,us-west-2,GB-Month,50.3263,46.35
2024-12-13,AmazonEBS,eu-west-1,GB-Month,43.9261,47.48
2024-12-13,AmazonEBS,ap-south-1,GB-Month,24.6497,23.94
2024-12-13,AmazonDynamoDB,us-east-1,RCU/WCU,37.3983,38.07
2024-12-13,AmazonDynamoDB,us-west-2,RCU/WCU,33.4424,37.91
2024-12-13,AmazonDynamoDB,eu-west-1,RCU/WCU,26.5914,22.47
2024-12-13,AmazonDynamoDB,ap-south-1,RCU/WCU,18.4263,20.38
2024-12-14,AmazonEC2,us-east-1,InstanceHours,401.5821,376.94
2024-12-14,AmazonEC2,us-west-2,InstanceHours,236.576,205.99
2024-12-14,AmazonEC2,eu-west-1,InstanceHours,187.4412,180.22
2024-12-14,AmazonEC2,ap-south-1,InstanceHours,126.7456,146.95
2024-12-14,AmazonS3,us-east-1,GB-Month,73.0615,66.57
2024-12-14,AmazonS3,us-west-2,GB-Month,50.8473,50.28
2024-12-14,AmazonS3,eu-west-1,GB-Month,36.4727,30.41
2024-12-14,AmazonS3,ap-south-1,GB-Month,23.813,28.74
2024-12-14,AmazonRDS,us-east-1,InstanceHours,256.7441,289.91
2024-12-14,AmazonRDS,us-west-2,InstanceHours,148.4112,124.84
2024-12-14,AmazonRDS,eu-west-1,InstanceHours,122.1823,109.84
2024-12-14,AmazonRDS,ap-south-1,InstanceHours,66.7392,70.5
2024-12-14,AWSLambda,us-east-1,Requests(M),32.2939,37.54
2024-12-14,AWSLambda,us-west-2,Requests(M),20.0408,20.32
2024-12-14,AWSLambda,eu-west-1,Requests(M),17.425,17.72
2024-12-14,AWSLambda,ap-south-1,Requests(M),10.1199,9.75
2024-12-14,AmazonCloudFront,us-east-1,GB-Transfer,59.2481,49.61
2024-12-14,AmazonCloudFront,us-west-2,GB-Transfer,29.8544,36.42
2024-12-14,AmazonCloudFront,eu-west-1,GB-Transfer,28.1449,31.24
2024-12-14,AmazonCloudFront,ap-south-1,GB-Transfer,17.9798,15.21
2024-12-14,AmazonEBS,us-east-1,GB-Month,57.9685,66.43
2024-12-14,AmazonEBS,us-west-2,GB-Month,41.009,45.68
2024-12-14,AmazonEBS,eu-west-1,GB-Month,35.8144,30.73
2024-12-14,AmazonEBS,ap-south-1,GB-Month,22.7152,25.44
2024-12-14,AmazonDynamoDB,us-east-1,RCU/WCU,46.7486,43.37
2024-12-14,AmazonDynamoDB,us-west-2,RCU/WCU,27.799,30.11
2024-12-14,AmazonDynamoDB,eu-west-1,RCU/WCU,23.7095,29.41
2024-12-14,AmazonDynamoDB,ap-south-1,RCU/WCU,14.3365,12.72
2024-12-15,AmazonEC2,us-east-1,InstanceHours,364.023,408.77
2024-12-15,AmazonEC2,us-west-2,InstanceHours,224.9006,227.76
2024-12-15,AmazonEC2,eu-west-1,InstanceHours,168.2904,193.68
2024-12-15,AmazonEC2,ap-south-1,InstanceHours,111.1285,100.58
2024-12-15,AmazonS3,us-east-1,GB-Month,76.5888,86.34
2024-12-15,AmazonS3,us-west-2,GB-Month,46.7702,54.72
2024-12-15,AmazonS3,eu-west-1,GB-Month,48.9154,45.2
2024-12-15,AmazonS3,ap-south-1,GB-Month,27.126,25.3
2024-12-15,AmazonRDS,us-east-1,InstanceHours,221.6415,206.64
2024-12-15,AmazonRDS,us-west-2,InstanceHours,130.4001,138.76
2024-12-15,AmazonRDS,eu-west-1,InstanceHours,115.1725,126.73
2024-12-15,AmazonRDS,ap-south-1,InstanceHours,65.0325,77.85
2024-12-15,AWSLambda,us-east-1,Requests(M),33.1238,37.31
2024-12-15,AWSLambda,us-west-2,Requests(M),19.8471,24.03
2024-12-15,AWSLambda,eu-west-1,Requests(M),15.1395,15.81
2024-12-15,AWSLambda,ap-south-1,Requests(M),10.2619,12.43
2024-12-15,AmazonCloudFront,us-east-1,GB-Transfer,58.6442,52.28
2024-12-15,AmazonCloudFront,us-west-2,GB-Transfer,31.6414,35.84
2024-12-15,AmazonCloudFront,eu-west-1,GB-Transfer,25.8877,31.2
2024-12-15,AmazonCloudFront,ap-south-1,GB-Transfer,16.1636,13.5
2024-12-15,AmazonEBS,us-east-1,GB-Month,72.5769,65.61
2024-12-15,AmazonEBS,us-west-2,GB-Month,48.5437,42.73
2024-12-15,AmazonEBS,eu-west-1,GB-Month,36.2191,38.11
2024-12-15,AmazonEBS,ap-south-1,GB-Month,19.0565,15.97
2024-12-15,AmazonDynamoDB,us-east-1,RCU/WCU,47.5168,53.96
2024-12-15,AmazonDynamoDB,us-west-2,RCU/WCU,28.0541,24.49
2024-12-15,AmazonDynamoDB,eu-west-1,RCU/WCU,23.2711,20.83
2024-12-15,AmazonDynamoDB,ap-south-1,RCU/WCU,12.5324,12.88
2024-12-16,AmazonEC2,us-east-1,InstanceHours,469.476,483.93
2024-12-16,AmazonEC2,us-west-2,InstanceHours,274.2203,263.26
2024-12-16,AmazonEC2,eu-west-1,InstanceHours,208.5836,258.64
2024-12-16,AmazonEC2,ap-south-1,InstanceHours,156.1579,150.63
2024-12-16,AmazonS3,us-east-1,GB-Month,88.6886,101.16
2024-12-16,AmazonS3,us-west-2,GB-Month,60.9681,57.45
2024-12-16,AmazonS3,eu-west-1,GB-Month,48.4996,56.41
2024-12-16,AmazonS3,ap-south-1,GB-Month,28.6401,27.75
2024-12-16,AmazonRDS,us-east-1,InstanceHours,311.7842,345.62
2024-12-16,AmazonRDS,us-west-2,InstanceHours,182.4981,218.38
2024-12-16,AmazonRDS,eu-west-1,InstanceHours,140.1535,118.94
2024-12-16,AmazonRDS,ap-south-1,InstanceHours,79.7263,89.87
2024-12-16,AWSLambda,us-east-1,Requests(M),36.7967,35.31
2024-12-16,AWSLambda,us-west-2,Requests(M),22.3951,20.89
2024-12-16,AWSLambda,eu-west-1,Requests(M),20.5013,20.61
2024-12-16,AWSLambda,ap-south-1,Requests(M),11.7837,13.8
2024-12-16,AmazonCloudFront,us-east-1,GB-Transfer,70.4776,67.43
2024-12-16,AmazonCloudFront,us-west-2,GB-Transfer,35.2901,34.86
2024-12-16,AmazonCloudFront,eu-west-1,GB-Transfer,35.4777,30.78
2024-12-16,AmazonCloudFront,ap-south-1,GB-Transfer,21.8395,21.11
2024-12-16,AmazonEBS,us-east-1,GB-Month,77.0552,71.93
2024-12-16,AmazonEBS,us-west-2,GB-Month,52.173,44.94
2024-12-16,AmazonEBS,eu-west-1,GB-Month,45.1783,41.45
2024-12-16,AmazonEBS,ap-south-1,GB-Month,23.4679,28.49
2024-12-16,AmazonDynamoDB,us-east-1,RCU/WCU,50.0109,42.13
2024-12-16,AmazonDynamoDB,us-west-2,RCU/WCU,33.2937,29.61
2024-12-16,AmazonDynamoDB,eu-west-1,RCU/WCU,23.5027,28.87
2024-12-16,AmazonDynamoDB,ap-south-1,RCU/WCU,17.7194,17.43
2024-12-17,AmazonEC2,us-east-1,InstanceHours,427.2419,381.2
2024-12-17,AmazonEC2,us-west-2,InstanceHours,269.5253,231.15
2024-12-17,AmazonEC2,eu-west-1,InstanceHours,241.5034,272.39
2024-12-17,AmazonEC2,ap-south-1,InstanceHours,143.3581,158.33
2024-12-17,AmazonS3,us-east-1,GB-Month,103.2553,87.57
2024-12-17,AmazonS3,us-west-2,GB-Month,55.4586,51.03
2024-12-17,AmazonS3,eu-west-1,GB-Month,50.2745,52.64
2024-12-17,AmazonS3,ap-south-1,GB-Month,31.4507,32.41
2024-12-17,AmazonRDS,us-east-1,InstanceHours,270.5348,265.0
2024-12-17,AmazonRDS,us-west-2,InstanceHours,194.5466,190.16
2024-12-17,AmazonRDS,eu-west-1,InstanceHours,139.5124,141.16
2024-12-17,AmazonRDS,ap-south-1,InstanceHours,72.8988,76.3
2024-12-17,AWSLambda,us-east-1,Requests(M),37.5455,36.05
2024-12-17,AWSLambda,us-west-2,Requests(M),25.2717,21.82
2024-12-17,AWSLambda,eu-west-1,Requests(M),17.7171,15.22
2024-12-17,AWSLambda,ap-south-1,Requests(M),10.5653,9.97
2024-12-17,AmazonCloudFront,us-east-1,GB-Transfer,67.4503,61.65
2024-12-17,AmazonCloudFront,us-west-2,GB-Transfer,35.9922,31.47
2024-12-17,AmazonCloudFront,eu-west-1,GB-Transfer,29.8991,31.69
2024-12-17,AmazonCloudFront,ap-south-1,GB-Transfer,18.3889,15.77
2024-12-17,AmazonEBS,us-east-1,GB-Month,92.143,92.51
2024-12-17,AmazonEBS,us-west-2,GB-Month,51.0164,62.86
2024-12-17,AmazonEBS,eu-west-1,GB-Month,41.0823,37.78
2024-12-17,AmazonEBS,ap-south-1,GB-Month,23.0959,26.06
2024-12-17,AmazonDynamoDB,us-east-1,RCU/WCU,58.1854,60.31
2024-12-17,AmazonDynamoDB,us-west-2,RCU/WCU,34.2795,31.2
2024-12-17,AmazonDynamoDB,eu-west-1,RCU/WCU,30.8999,27.95
2024-12-17,AmazonDynamoDB,ap-south-1,RCU/WCU,15.1716,12.68
2024-12-18,AmazonEC2,us-east-1,InstanceHours,420.7114,485.67
2024-12-18,AmazonEC2,us-west-2,InstanceHours,236.006,267.69
2024-12-18,AmazonEC2,eu-west-1,InstanceHours,238.531,249.03
2024-12-18,AmazonEC2,ap-south-1,InstanceHours,140.0197,160.58
2024-12-18,AmazonS3,us-east-1,GB-Month,95.1848,103.88
2024-12-18,AmazonS3,us-west-2,GB-Month,50.4973,56.52
2024-12-18,AmazonS3,eu-west-1,GB-Month,54.6755,60.32
2024-12-18,AmazonS3,ap-south-1,GB-Month,29.8808,28.7
2024-12-18,AmazonRDS,us-east-1,InstanceHours,310.4752,317.35
2024-12-18,AmazonRDS,us-west-2,InstanceHours,187.7392,200.01
2024-12-18,AmazonRDS,eu-west-1,InstanceHours,147.32,158.66
2024-12-18,AmazonRDS,ap-south-1,InstanceHours,89.4029,106.28
2024-12-18,AWSLambda,us-east-1,Requests(M),36.3268,38.86
2024-12-18,AWSLambda,us-west-2,Requests(M),23.0922,20.97
2024-12-18,AWSLambda,eu-west-1,Requests(M),20.6023,18.76
2024-12-18,AWSLambda,ap-south-1,Requests(M),10.7293,11.94
2024-12-18,AmazonCloudFront,us-east-1,GB-Transfer,70.2236,73.23
2024-12-18,AmazonCloudFront,us-west-2,GB-Transfer,41.9127,47.4
2024-12-18,AmazonCloudFront,eu-west-1,GB-Transfer,34.8529,33.01
2024-12-18,AmazonCloudFront,ap-south-1,GB-Transfer,19.6852,22.65
2024-12-18,AmazonEBS,us-east-1,GB-Month,77.0752,74.35
2024-12-18,AmazonEBS,us-west-2,GB-Month,56.0917,51.29
2024-12-18,AmazonEBS,eu-west-1,GB-Month,45.3255,41.63
2024-12-18,AmazonEBS,ap-south-1,GB-Month,24.6521,23.57
2024-12-18,AmazonDynamoDB,us-east-1,RCU/WCU,55.5704,47.32
2024-12-18,AmazonDynamoDB,us-west-2,RCU/WCU,32.0324,37.47
2024-12-18,AmazonDynamoDB,eu-west-1,RCU/WCU,23.5339,21.36
2024-12-18,AmazonDynamoDB,ap-south-1,RCU/WCU,16.2413,14.92
2024-12-19,AmazonEC2,us-east-1,InstanceHours,476.2719,484.61
2024-12-19,AmazonEC2,us-west-2,InstanceHours,262.7853,282.17
2024-12-19,AmazonEC2,eu-west-1,InstanceHours,223.3268,209.74
2024-12-19,AmazonEC2,ap-south-1,InstanceHours,133.9018,131.25
2024-12-19,AmazonS3,us-east-1,GB-Month,99.0695,91.33
2024-12-19,AmazonS3,us-west-2,GB-Month,57.8395,70.25
2024-12-19,AmazonS3,eu-west-1,GB-Month,45.7998,39.43
2024-12-19,AmazonS3,ap-south-1,GB-Month,29.713,25.55
2024-12-19,AmazonRDS,us-east-1,InstanceHours,293.6208,261.09
2024-12-19,AmazonRDS,us-west-2,InstanceHours,172.8924,152.81
2024-12-19,AmazonRDS,eu-west-1,InstanceHours,121.6138,137.09
2024-12-19,AmazonRDS,ap-south-1,InstanceHours,89.3517,95.99
2024-12-19,AWSLambda,us-east-1,Requests(M),34.7792,38.5
2024-12-19,AWSLambda,us-west-2,Requests(M),23.6839,23.99
2024-12-19,AWSLambda,eu-west-1,Requests(M),19.8045,16.94
2024-12-19,AWSLambda,ap-south-1,Requests(M),10.1269,9.21
2024-12-19,AmazonCloudFront,us-east-1,GB-Transfer,70.0333,70.37
2024-12-19,AmazonCloudFront,us-west-2,GB-Transfer,44.8331,51.26
2024-12-19,AmazonCloudFront,eu-west-1,GB-Transfer,31.9771,38.23
2024-12-19,AmazonCloudFront,ap-south-1,GB-Transfer,20.3008,18.46
2024-12-19,AmazonEBS,us-east-1,GB-Month,78.8665,97.21
2024-12-19,AmazonEBS,us-west-2,GB-Month,44.669,52.26
2024-12-19,AmazonEBS,eu-west-1,GB-Month,44.1053,46.46
2024-12-19,AmazonEBS,ap-south-1,GB-Month,25.426,22.11
2024-12-19,AmazonDynamoDB,us-east-1,RCU/WCU,51.6362,60.02
2024-12-19,AmazonDynamoDB,us-west-2,RCU/WCU,29.8791,28.5
2024-12-19,AmazonDynamoDB,eu-west-1,RCU/WCU,31.2801,28.32
2024-12-19,AmazonDynamoDB,ap-south-1,RCU/WCU,14.6396,14.38
2024-12-20,AmazonEC2,us-east-1,InstanceHours,479.7411,521.67
2024-12-20,AmazonEC2,us-west-2,InstanceHours,278.5403,295.17
2024-12-20,AmazonEC2,eu-west-1,InstanceHours,243.0012,278.86
2024-12-20,AmazonEC2,ap-south-1,InstanceHours,153.8883,161.91
2024-12-20,AmazonS3,us-east-1,GB-Month,78.8083,90.45
2024-12-20,AmazonS3,us-west-2,GB-Month,54.2418,46.37
2024-12-20,AmazonS3,eu-west-1,GB-Month,48.604,45.34
2024-12-20,AmazonS3,ap-south-1,GB-Month,33.195,28.64
2024-12-20,AmazonRDS,us-east-1,InstanceHours,274.3285,269.72
2024-12-20,AmazonRDS,us-west-2,InstanceHours,162.1071,144.79
2024-12-20,AmazonRDS,eu-west-1,InstanceHours,117.8649,128.52
2024-12-20,AmazonRDS,ap-south-1,InstanceHours,80.4389,92.49
2024-12-20,AWSLambda,us-east-1,Requests(M),39.868,35.3
2024-12-20,AWSLambda,us-west-2,Requests(M),22.6932,22.87
2024-12-20,AWSLambda,eu-west-1,Requests(M),18.0122,17.6
2024-12-20,AWSLambda,ap-south-1,Requests(M),13.1519,15.98
2024-12-20,AmazonCloudFront,us-east-1,GB-Transfer,63.9287,56.73
2024-12-20,AmazonCloudFront,us-west-2,GB-Transfer,39.6274,35.07
2024-12-20,AmazonCloudFront,eu-west-1,GB-Transfer,30.7298,30.96
2024-12-20,AmazonCloudFront,ap-south-1,GB-Transfer,17.8575,17.19
2024-12-20,AmazonEBS,us-east-1,GB-Month,86.3228,93.92
2024-12-20,AmazonEBS,us-west-2,GB-Month,42.7416,51.98
2024-12-20,AmazonEBS,eu-west-1,GB-Month,42.4211,49.4
2024-12-20,AmazonEBS,ap-south-1,GB-Month,19.1835,18.8
2024-12-20,AmazonDynamoDB,us-east-1,RCU/WCU,55.9141,47.66
2024-12-20,AmazonDynamoDB,us-west-2,RCU/WCU,29.989,34.15
2024-12-20,AmazonDynamoDB,eu-west-1,RCU/WCU,25.385,26.98
2024-12-20,AmazonDynamoDB,ap-south-1,RCU/WCU,15.9921,18.39
2024-12-21,AmazonEC2,us-east-1,InstanceHours,351.9797,382.49
2024-12-21,AmazonEC2,us-west-2,InstanceHours,199.2376,187.49
2024-12-21,AmazonEC2,eu-west-1,InstanceHours,191.7838,218.7
2024-12-21,AmazonEC2,ap-south-1,InstanceHours,123.7703,136.27
2024-12-21,AmazonS3,us-east-1,GB-Month,84.8942,86.45
2024-12-21,AmazonS3,us-west-2,GB-Month,54.5055,63.39
2024-12-21,AmazonS3,eu-west-1,GB-Month,35.9139,30.51
2024-12-21,AmazonS3,ap-south-1,GB-Month,24.2286,21.0
2024-12-21,AmazonRDS,us-east-1,InstanceHours,241.5492,271.4
2024-12-21,AmazonRDS,us-west-2,InstanceHours,134.6522,139.64
2024-12-21,AmazonRDS,eu-west-1,InstanceHours,121.1877,129.79
2024-12-21,AmazonRDS,ap-south-1,InstanceHours,78.3703,88.74
2024-12-21,AWSLambda,us-east-1,Requests(M),33.7312,34.17
2024-12-21,AWSLambda,us-west-2,Requests(M),21.3431,24.06
2024-12-21,AWSLambda,eu-west-1,Requests(M),16.581,16.45
2024-12-21,AWSLambda,ap-south-1,Requests(M),9.6488,10.05
2024-12-21,AmazonCloudFront,us-east-1,GB-Transfer,62.3468,66.61
2024-12-21,AmazonCloudFront,us-west-2,GB-Transfer,33.6653,38.63
2024-12-21,AmazonCloudFront,eu-west-1,GB-Transfer,31.7306,29.24
2024-12-21,AmazonCloudFront,ap-south-1,GB-Transfer,17.891,15.52
2024-12-21,AmazonEBS,us-east-1,GB-Month,65.8122,55.62
2024-12-21,AmazonEBS,us-west-2,GB-Month,41.0235,42.12
2024-12-21,AmazonEBS,eu-west-1,GB-Month,38.9378,38.23
2024-12-21,AmazonEBS,ap-south-1,GB-Month,22.7113,25.75
2024-12-21,AmazonDynamoDB,us-east-1,RCU/WCU,49.0554,48.04
2024-12-21,AmazonDynamoDB,us-west-2,RCU/WCU,29.1711,29.31
2024-12-21,AmazonDynamoDB,eu-west-1,RCU/WCU,20.7961,17.6
2024-12-21,AmazonDynamoDB,ap-south-1,RCU/WCU,12.6932,11.4
2024-12-22,AmazonEC2,us-east-1,InstanceHours,396.4019,457.24
2024-12-22,AmazonEC2,us-west-2,InstanceHours,273.0162,229.16
2024-12-22,AmazonEC2,eu-west-1,InstanceHours,181.5495,182.0
2024-12-22,AmazonEC2,ap-south-1,InstanceHours,114.2564,99.39
2024-12-22,AmazonS3,us-east-1,GB-Month,81.1529,99.5
2024-12-22,AmazonS3,us-west-2,GB-Month,52.2949,45.91
2024-12-22,AmazonS3,eu-west-1,GB-Month,42.6015,41.37
2024-12-22,AmazonS3,ap-south-1,GB-Month,27.0777,24.06
2024-12-22,AmazonRDS,us-east-1,InstanceHours,246.512,241.42
2024-12-22,AmazonRDS,us-west-2,InstanceHours,147.0097,123.84
2024-12-22,AmazonRDS,eu-west-1,InstanceHours,120.4391,126.11
2024-12-22,AmazonRDS,ap-south-1,InstanceHours,79.1851,75.76
2024-12-22,AWSLambda,us-east-1,Requests(M),32.4535,28.26
2024-12-22,AWSLambda,us-west-2,Requests(M),18.3845,20.76
2024-12-22,AWSLambda,eu-west-1,Requests(M),17.0821,17.58
2024-12-22,AWSLambda,ap-south-1,Requests(M),9.641,10.22
2024-12-22,AmazonCloudFront,us-east-1,GB-Transfer,59.5769,56.59
2024-12-22,AmazonCloudFront,us-west-2,GB-Transfer,26.0417,23.25
2024-12-22,AmazonCloudFront,eu-west-1,GB-Transfer,30.7216,30.31
2024-12-22,AmazonCloudFront,ap-south-1,GB-Transfer,16.4121,17.55
2024-12-22,AmazonEBS,us-east-1,GB-Month,76.5733,74.84
2024-12-22,AmazonEBS,us-west-2,GB-Month,44.7768,54.43
2024-12-22,AmazonEBS,eu-west-1,GB-Month,33.2627,36.43
2024-12-22,AmazonEBS,ap-south-1,GB-Month,19.48,18.22
2024-12-22,AmazonDynamoDB,us-east-1,RCU/WCU,43.0125,42.54
2024-12-22,AmazonDynamoDB,us-west-2,RCU/WCU,25.3401,28.59
2024-12-22,AmazonDynamoDB,eu-west-1,RCU/WCU,25.3148,24.19
2024-12-22,AmazonDynamoDB,ap-south-1,RCU/WCU,13.692,14.93
2024-12-23,AmazonEC2,us-east-1,InstanceHours,519.5371,436.84
2024-12-23,AmazonEC2,us-west-2,InstanceHours,260.4792,225.08
2024-12-23,AmazonEC2,eu-west-1,InstanceHours,220.1367,267.06
2024-12-23,AmazonEC2,ap-south-1,InstanceHours,143.0057,159.81
2024-12-23,AmazonS3,us-east-1,GB-Month,110.8285,105.58
2024-12-23,AmazonS3,us-west-2,GB-Month,56.4122,63.03
2024-12-23,AmazonS3,eu-west-1,GB-Month,52.1855,46.35
2024-12-23,AmazonS3,ap-south-1,GB-Month,29.4444,31.69
2024-12-23,AmazonRDS,us-east-1,InstanceHours,295.3716,338.15
2024-12-23,AmazonRDS,us-west-2,InstanceHours,159.5868,158.86
2024-12-23,AmazonRDS,eu-west-1,InstanceHours,149.4753,126.89
2024-12-23,AmazonRDS,ap-south-1,InstanceHours,83.2364,103.73
2024-12-23,AWSLambda,us-east-1,Requests(M),36.8202,31.65
2024-12-23,AWSLambda,us-west-2,Requests(M),22.8298,22.66
2024-12-23,AWSLambda,eu-west-1,Requests(M),19.977,18.55
2024-12-23,AWSLambda,ap-south-1,Requests(M),11.3018,9.85
2024-12-23,AmazonCloudFront,us-east-1,GB-Transfer,63.168,53.09
2024-12-23,AmazonCloudFront,us-west-2,GB-Transfer,38.8485,48.15
2024-12-23,AmazonCloudFront,eu-west-1,GB-Transfer,32.3122,40.19
2024-12-23,AmazonCloudFront,ap-south-1,GB-Transfer,20.4131,18.98
2024-12-23,AmazonEBS,us-east-1,GB-Month,79.3497,77.32
2024-12-23,AmazonEBS,us-west-2,GB-Month,47.518,45.04
2024-12-23,AmazonEBS,eu-west-1,GB-Month,38.3878,32.43
2024-12-23,AmazonEBS,ap-south-1,GB-Month,25.6452,24.3
2024-12-23,AmazonDynamoDB,us-east-1,RCU/WCU,55.0988,57.06
2024-12-23,AmazonDynamoDB,us-west-2,RCU/WCU,35.8121,30.07
2024-12-23,AmazonDynamoDB,eu-west-1,RCU/WCU,29.522,24.99
2024-12-23,AmazonDynamoDB,ap-south-1,RCU/WCU,16.6551,15.56
2024-12-24,AmazonEC2,us-east-1,InstanceHours,454.3717,556.82
2024-12-24,AmazonEC2,us-west-2,InstanceHours,274.8828,312.25
2024-12-24,AmazonEC2,eu-west-1,InstanceHours,218.1564,236.62
2024-12-24,AmazonEC2,ap-south-1,InstanceHours,129.0868,136.74
2024-12-24,AmazonS3,us-east-1,GB-Month,91.196,111.63
2024-12-24,AmazonS3,us-west-2,GB-Month,58.0394,54.26
2024-12-24,AmazonS3,eu-west-1,GB-Month,39.8062,37.77
2024-12-24,AmazonS3,ap-south-1,GB-Month,33.1372,29.3
2024-12-24,AmazonRDS,us-east-1,InstanceHours,326.6466,276.48
2024-12-24,AmazonRDS,us-west-2,InstanceHours,156.7447,138.0
2024-12-24,AmazonRDS,eu-west-1,InstanceHours,163.0981,187.29
2024-12-24,AmazonRDS,ap-south-1,InstanceHours,78.455,76.6
2024-12-24,AWSLambda,us-east-1,Requests(M),38.1948,32.62
2024-12-24,AWSLambda,us-west-2,Requests(M),23.5971,24.51
2024-12-24,AWSLambda,eu-west-1,Requests(M),19.2261,21.13
2024-12-24,AWSLambda,ap-south-1,Requests(M),10.9667,13.49
2024-12-24,AmazonCloudFront,us-east-1,GB-Transfer,62.4344,55.81
2024-12-24,AmazonCloudFront,us-west-2,GB-Transfer,41.7856,45.65
2024-12-24,AmazonCloudFront,eu-west-1,GB-Transfer,35.8986,34.39
2024-12-24,AmazonCloudFront,ap-south-1,GB-Transfer,17.0008,16.6
2024-12-24,AmazonEBS,us-east-1,GB-Month,83.3981,86.74
2024-12-24,AmazonEBS,us-west-2,GB-Month,51.4008,44.89
2024-12-24,AmazonEBS,eu-west-1,GB-Month,41.4711,35.14
2024-12-24,AmazonEBS,ap-south-1,GB-Month,21.9465,20.9
2024-12-24,AmazonDynamoDB,us-east-1,RCU/WCU,56.7505,49.97
2024-12-24,AmazonDynamoDB,us-west-2,RCU/WCU,35.4872,30.13
2024-12-24,AmazonDynamoDB,eu-west-1,RCU/WCU,25.5609,25.73
2024-12-24,AmazonDynamoDB,ap-south-1,RCU/WCU,15.6534,14.48
2024-12-25,AmazonEC2,us-east-1,InstanceHours,465.126,431.48
2024-12-25,AmazonEC2,us-west-2,InstanceHours,273.2075,284.43
2024-12-25,AmazonEC2,eu-west-1,InstanceHours,219.2367,252.6
2024-12-25,AmazonEC2,ap-south-1,InstanceHours,124.9543,148.31
2024-12-25,AmazonS3,us-east-1,GB-Month,94.5626,107.22
2024-12-25,AmazonS3,us-west-2,GB-Month,49.4344,53.7
2024-12-25,AmazonS3,eu-west-1,GB-Month,51.4728,47.44
2024-12-25,AmazonS3,ap-south-1,GB-Month,27.8445,26.42
2024-12-25,AmazonRDS,us-east-1,InstanceHours,301.1108,253.5
2024-12-25,AmazonRDS,us-west-2,InstanceHours,167.11,192.2
2024-12-25,AmazonRDS,eu-west-1,InstanceHours,143.2997,171.31
2024-12-25,AmazonRDS,ap-south-1,InstanceHours,74.6477,76.59
2024-12-25,AWSLambda,us-east-1,Requests(M),40.2691,43.19
2024-12-25,AWSLambda,us-west-2,Requests(M),27.6012,27.14
2024-12-25,AWSLambda,eu-west-1,Requests(M),18.5238,22.41
2024-12-25,AWSLambda,ap-south-1,Requests(M),11.5572,11.32
2024-12-25,AmazonCloudFront,us-east-1,GB-Transfer,66.6834,61.67
2024-12-25,AmazonCloudFront,us-west-2,GB-Transfer,35.3395,40.11
2024-12-25,AmazonCloudFront,eu-west-1,GB-Transfer,30.043,28.74
2024-12-25,AmazonCloudFront,ap-south-1,GB-Transfer,20.4648,21.21
2024-12-25,AmazonEBS,us-east-1,GB-Month,76.6863,90.76
2024-12-25,AmazonEBS,us-west-2,GB-Month,48.1723,44.17
2024-12-25,AmazonEBS,eu-west-1,GB-Month,41.3439,38.06
2024-12-25,AmazonEBS,ap-south-1,GB-Month,25.6538,23.22
2024-12-25,AmazonDynamoDB,us-east-1,RCU/WCU,53.7509,46.1
2024-12-25,AmazonDynamoDB,us-west-2,RCU/WCU,32.3164,37.75
2024-12-25,AmazonDynamoDB,eu-west-1,RCU/WCU,32.3711,31.82
2024-12-25,AmazonDynamoDB,ap-south-1,RCU/WCU,17.5925,20.95
2024-12-26,AmazonEC2,us-east-1,InstanceHours,445.5257,464.93
2024-12-26,AmazonEC2,us-west-2,InstanceHours,271.7061,310.37
2024-12-26,AmazonEC2,eu-west-1,InstanceHours,262.0732,258.75
2024-12-26,AmazonEC2,ap-south-1,InstanceHours,143.7024,147.58
2024-12-26,AmazonS3,us-east-1,GB-Month,106.6514,120.14
2024-12-26,AmazonS3,us-west-2,GB-Month,57.1682,52.27
2024-12-26,AmazonS3,eu-west-1,GB-Month,47.2047,51.37
2024-12-26,AmazonS3,ap-south-1,GB-Month,32.9582,33.35
2024-12-26,AmazonRDS,us-east-1,InstanceHours,281.9648,281.49
2024-12-26,AmazonRDS,us-west-2,InstanceHours,168.9709,148.27
2024-12-26,AmazonRDS,eu-west-1,InstanceHours,136.9209,165.15
2024-12-26,AmazonRDS,ap-south-1,InstanceHours,92.1281,89.66
2024-12-26,AWSLambda,us-east-1,Requests(M),41.6751,34.78
2024-12-26,AWSLambda,us-west-2,Requests(M),23.2446,23.17
2024-12-26,AWSLambda,eu-west-1,Requests(M),17.4412,21.75
2024-12-26,AWSLambda,ap-south-1,Requests(M),10.9619,10.92
2024-12-26,AmazonCloudFront,us-east-1,GB-Transfer,72.0573,71.93
2024-12-26,AmazonCloudFront,us-west-2,GB-Transfer,39.9225,34.22
2024-12-26,AmazonCloudFront,eu-west-1,GB-Transfer,35.4633,41.27
2024-12-26,AmazonCloudFront,ap-south-1,GB-Transfer,20.244,17.72
2024-12-26,AmazonEBS,us-east-1,GB-Month,75.508,86.21
2024-12-26,AmazonEBS,us-west-2,GB-Month,51.0391,43.6
2024-12-26,AmazonEBS,eu-west-1,GB-Month,40.7435,44.03
2024-12-26,AmazonEBS,ap-south-1,GB-Month,23.5401,22.08
2024-12-26,AmazonDynamoDB,us-east-1,RCU/WCU,52.6579,54.24
2024-12-26,AmazonDynamoDB,us-west-2,RCU/WCU,35.3885,29.67
2024-12-26,AmazonDynamoDB,eu-west-1,RCU/WCU,27.7972,28.5
2024-12-26,AmazonDynamoDB,ap-south-1,RCU/WCU,16.5847,18.56
2024-12-27,AmazonEC2,us-east-1,InstanceHours,517.0035,612.73
2024-12-27,AmazonEC2,us-west-2,InstanceHours,260.1917,286.5
2024-12-27,AmazonEC2,eu-west-1,InstanceHours,227.3066,200.98
2024-12-27,AmazonEC2,ap-south-1,InstanceHours,130.9331,161.67
2024-12-27,AmazonS3,us-east-1,GB-Month,101.9199,113.91
2024-12-27,AmazonS3,us-west-2,GB-Month,59.7891,55.49
2024-12-27,AmazonS3,eu-west-1,GB-Month,47.7145,55.53
2024-12-27,AmazonS3,ap-south-1,GB-Month,28.8986,26.74
2024-12-27,AmazonRDS,us-east-1,InstanceHours,304.1597,325.5
2024-12-27,AmazonRDS,us-west-2,InstanceHours,186.179,214.51
2024-12-27,AmazonRDS,eu-west-1,InstanceHours,135.67,124.29
2024-12-27,AmazonRDS,ap-south-1,InstanceHours,102.9244,105.4
2024-12-27,AWSLambda,us-east-1,Requests(M),34.2842,38.76
2024-12-27,AWSLambda,us-west-2,Requests(M),21.0778,23.26
2024-12-27,AWSLambda,eu-west-1,Requests(M),18.6662,22.91
2024-12-27,AWSLambda,ap-south-1,Requests(M),10.796,12.34
2024-12-27,AmazonCloudFront,us-east-1,GB-Transfer,61.1132,57.26
2024-12-27,AmazonCloudFront,us-west-2,GB-Transfer,42.8767,39.45
2024-12-27,AmazonCloudFront,eu-west-1,GB-Transfer,34.0708,42.14
2024-12-27,AmazonCloudFront,ap-south-1,GB-Transfer,19.7656,18.04
2024-12-27,AmazonEBS,us-east-1,GB-Month,78.4994,90.34
2024-12-27,AmazonEBS,us-west-2,GB-Month,45.3098,43.55
2024-12-27,AmazonEBS,eu-west-1,GB-Month,37.6249,37.04
2024-12-27,AmazonEBS,ap-south-1,GB-Month,26.787,24.89
2024-12-27,AmazonDynamoDB,us-east-1,RCU/WCU,59.3242,53.51
2024-12-27,AmazonDynamoDB,us-west-2,RCU/WCU,32.0569,38.82
2024-12-27,AmazonDynamoDB,eu-west-1,RCU/WCU,24.3339,23.79
2024-12-27,AmazonDynamoDB,ap-south-1,RCU/WCU,17.1507,14.5
2024-12-28,AmazonEC2,us-east-1,InstanceHours,381.5848,416.3
2024-12-28,AmazonEC2,us-west-2,InstanceHours,251.4504,281.34
2024-12-28,AmazonEC2,eu-west-1,InstanceHours,178.8736,175.42
2024-12-28,AmazonEC2,ap-south-1,InstanceHours,117.5326,146.82
2024-12-28,AmazonS3,us-east-1,GB-Month,76.1279,64.05
2024-12-28,AmazonS3,us-west-2,GB-Month,47.2923,43.35
2024-12-28,AmazonS3,eu-west-1,GB-Month,39.3385,39.08
2024-12-28,AmazonS3,ap-south-1,GB-Month,24.494,27.66
2024-12-28,AmazonRDS,us-east-1,InstanceHours,264.927,253.2
2024-12-28,AmazonRDS,us-west-2,InstanceHours,146.1006,138.68
2024-12-28,AmazonRDS,eu-west-1,InstanceHours,127.9389,109.09
2024-12-28,AmazonRDS,ap-south-1,InstanceHours,72.6988,72.33
2024-12-28,AWSLambda,us-east-1,Requests(M),31.4114,35.91
2024-12-28,AWSLambda,us-west-2,Requests(M),16.5263,15.67
2024-12-28,AWSLambda,eu-west-1,Requests(M),14.9658,17.02
2024-12-28,AWSLambda,ap-south-1,Requests(M),9.7284,9.81
2024-12-28,AmazonCloudFront,us-east-1,GB-Transfer,56.326,52.51
2024-12-28,AmazonCloudFront,us-west-2,GB-Transfer,35.932,38.4
2024-12-28,AmazonCloudFront,eu-west-1,GB-Transfer,24.3258,22.87
2024-12-28,AmazonCloudFront,ap-south-1,GB-Transfer,19.5018,23.78
2024-12-28,AmazonEBS,us-east-1,GB-Month,58.9697,63.38
2024-12-28,AmazonEBS,us-west-2,GB-Month,41.4853,35.03
2024-12-28,AmazonEBS,eu-west-1,GB-Month,33.1787,33.05
2024-12-28,AmazonEBS,ap-south-1,GB-Month,19.2677,16.82
2024-12-28,AmazonDynamoDB,us-east-1,RCU/WCU,52.035,45.54
2024-12-28,AmazonDynamoDB,us-west-2,RCU/WCU,26.6243,28.81
2024-12-28,AmazonDynamoDB,eu-west-1,RCU/WCU,20.1551,17.79
2024-12-28,AmazonDynamoDB,ap-south-1,RCU/WCU,12.5484,15.35
2024-12-29,AmazonEC2,us-east-1,InstanceHours,423.2951,412.5
2024-12-29,AmazonEC2,us-west-2,InstanceHours,211.5883,217.12
2024-12-29,AmazonEC2,eu-west-1,InstanceHours,172.8699,177.8
2024-12-29,AmazonEC2,ap-south-1,InstanceHours,118.4585,118.38
2024-12-29,AmazonS3,us-east-1,GB-Month,81.6018,71.14
2024-12-29,AmazonS3,us-west-2,GB-Month,51.8258,49.0
2024-12-29,AmazonS3,eu-west-1,GB-Month,40.4001,44.74
2024-12-29,AmazonS3,ap-south-1,GB-Month,26.4414,27.76
2024-12-29,AmazonRDS,us-east-1,InstanceHours,215.8812,232.8
2024-12-29,AmazonRDS,us-west-2,InstanceHours,127.628,121.73
2024-12-29,AmazonRDS,eu-west-1,InstanceHours,123.0855,109.41
2024-12-29,AmazonRDS,ap-south-1,InstanceHours,70.7296,71.4
2024-12-29,AWSLambda,us-east-1,Requests(M),31.2901,38.77
2024-12-29,AWSLambda,us-west-2,Requests(M),20.4085,19.48
2024-12-29,AWSLambda,eu-west-1,Requests(M),19.197,16.55
2024-12-29,AWSLambda,ap-south-1,Requests(M),8.6065,7.24
2024-12-29,AmazonCloudFront,us-east-1,GB-Transfer,61.323,73.57
2024-12-29,AmazonCloudFront,us-west-2,GB-Transfer,35.1055,40.62
2024-12-29,AmazonCloudFront,eu-west-1,GB-Transfer,26.7287,27.32
2024-12-29,AmazonCloudFront,ap-south-1,GB-Transfer,18.8508,20.41
2024-12-29,AmazonEBS,us-east-1,GB-Month,62.7695,59.74
2024-12-29,AmazonEBS,us-west-2,GB-Month,43.067,49.53
2024-12-29,AmazonEBS,eu-west-1,GB-Month,34.2255,38.35
2024-12-29,AmazonEBS,ap-south-1,GB-Month,20.0468,17.35
2024-12-29,AmazonDynamoDB,us-east-1,RCU/WCU,42.2905,51.68
2024-12-29,AmazonDynamoDB,us-west-2,RCU/WCU,34.0241,42.38
2024-12-29,AmazonDynamoDB,eu-west-1,RCU/WCU,22.2598,24.55
2024-12-29,AmazonDynamoDB,ap-south-1,RCU/WCU,11.432,12.19
2024-12-30,AmazonEC2,us-east-1,InstanceHours,488.0568,558.64
2024-12-30,AmazonEC2,us-west-2,InstanceHours,281.7481,247.99
2024-12-30,AmazonEC2,eu-west-1,InstanceHours,223.7845,274.63
2024-12-30,AmazonEC2,ap-south-1,InstanceHours,133.2645,155.62
2024-12-30,AmazonS3,us-east-1,GB-Month,97.4628,117.27
2024-12-30,AmazonS3,us-west-2,GB-Month,62.7934,53.04
2024-12-30,AmazonS3,eu-west-1,GB-Month,50.3688,42.93
2024-12-30,AmazonS3,ap-south-1,GB-Month,30.6075,34.47
2024-12-30,AmazonRDS,us-east-1,InstanceHours,294.726,256.75
2024-12-30,AmazonRDS,us-west-2,InstanceHours,182.0712,162.74
2024-12-30,AmazonRDS,eu-west-1,InstanceHours,155.1763,171.47
2024-12-30,AmazonRDS,ap-south-1,InstanceHours,80.4966,86.42
2024-12-30,AWSLambda,us-east-1,Requests(M),38.7083,40.47
2024-12-30,AWSLambda,us-west-2,Requests(M),19.4954,16.47
2024-12-30,AWSLambda,eu-west-1,Requests(M),20.8065,18.22
2024-12-30,AWSLambda,ap-south-1,Requests(M),10.8298,11.12
2024-12-30,AmazonCloudFront,us-east-1,GB-Transfer,72.6366,62.34
2024-12-30,AmazonCloudFront,us-west-2,GB-Transfer,37.1049,33.67
2024-12-30,AmazonCloudFront,eu-west-1,GB-Transfer,33.6775,35.26
2024-12-30,AmazonCloudFront,ap-south-1,GB-Transfer,19.2079,18.64
2024-12-30,AmazonEBS,us-east-1,GB-Month,78.9958,70.92
2024-12-30,AmazonEBS,us-west-2,GB-Month,50.8077,48.93
2024-12-30,AmazonEBS,eu-west-1,GB-Month,44.7932,55.46
2024-12-30,AmazonEBS,ap-south-1,GB-Month,23.9648,28.36
2024-12-30,AmazonDynamoDB,us-east-1,RCU/WCU,60.1674,56.6
2024-12-30,AmazonDynamoDB,us-west-2,RCU/WCU,30.8321,29.86
2024-12-30,AmazonDynamoDB,eu-west-1,RCU/WCU,29.8986,33.44
2024-12-30,AmazonDynamoDB,ap-south-1,RCU/WCU,16.4883,16.88
2024-12-31,AmazonEC2,us-east-1,InstanceHours,469.1732,521.18
2024-12-31,AmazonEC2,us-west-2,InstanceHours,250.1738,267.98
2024-12-31,AmazonEC2,eu-west-1,InstanceHours,220.4693,263.47
2024-12-31,AmazonEC2,ap-south-1,InstanceHours,137.0327,127.55
2024-12-31,AmazonS3,us-east-1,GB-Month,106.4917,98.8
2024-12-31,AmazonS3,us-west-2,GB-Month,57.8796,72.06
2024-12-31,AmazonS3,eu-west-1,GB-Month,45.959,41.32
2024-12-31,AmazonS3,ap-south-1,GB-Month,29.9628,25.04
2024-12-31,AmazonRDS,us-east-1,InstanceHours,327.9177,366.42
2024-12-31,AmazonRDS,us-west-2,InstanceHours,174.5993,179.07
2024-12-31,AmazonRDS,eu-west-1,InstanceHours,139.2127,153.62
2024-12-31,AmazonRDS,ap-south-1,InstanceHours,86.6179,88.55
2024-12-31,AWSLambda,us-east-1,Requests(M),35.5541,30.36
2024-12-31,AWSLambda,us-west-2,Requests(M),25.5536,30.5
2024-12-31,AWSLambda,eu-west-1,Requests(M),21.2633,23.88
2024-12-31,AWSLambda,ap-south-1,Requests(M),10.6332,10.01
2024-12-31,AmazonCloudFront,us-east-1,GB-Transfer,72.7474,77.97
2024-12-31,AmazonCloudFront,us-west-2,GB-Transfer,40.0098,38.58
2024-12-31,AmazonCloudFront,eu-west-1,GB-Transfer,34.4727,31.37
2024-12-31,AmazonCloudFront,ap-south-1,GB-Transfer,19.608,17.95
2024-12-31,AmazonEBS,us-east-1,GB-Month,82.1802,83.28
2024-12-31,AmazonEBS,us-west-2,GB-Month,46.6923,39.87
2024-12-31,AmazonEBS,eu-west-1,GB-Month,38.021,39.42
2024-12-31,AmazonEBS,ap-south-1,GB-Month,22.7197,25.32
2024-12-31,AmazonDynamoDB,us-east-1,RCU/WCU,59.3077,52.37
2024-12-31,AmazonDynamoDB,us-west-2,RCU/WCU,33.1652,36.33
2024-12-31,AmazonDynamoDB,eu-west-1,RCU/WCU,25.4352,21.81
2024-12-31,AmazonDynamoDB,ap-south-1,RCU/WCU,16.4747,17.13
2025-01-01,AmazonEC2,us-east-1,InstanceHours,405.5407,412.02
2025-01-01,AmazonEC2,us-west-2,InstanceHours,259.5203,288.13
2025-01-01,AmazonEC2,eu-west-1,InstanceHours,254.5389,224.52
2025-01-01,AmazonEC2,ap-south-1,InstanceHours,133.6001,144.95
2025-01-01,AmazonS3,us-east-1,GB-Month,107.9514,131.48
2025-01-01,AmazonS3,us-west-2,GB-Month,59.2472,51.27
2025-01-01,AmazonS3,eu-west-1,GB-Month,52.4488,50.77
2025-01-01,AmazonS3,ap-south-1,GB-Month,27.2645,26.7
2025-01-01,AmazonRDS,us-east-1,InstanceHours,299.2796,266.14
2025-01-01,AmazonRDS,us-west-2,InstanceHours,143.6362,162.01
2025-01-01,AmazonRDS,eu-west-1,InstanceHours,138.8063,158.53
2025-01-01,AmazonRDS,ap-south-1,InstanceHours,94.9621,86.05
2025-01-01,AWSLambda,us-east-1,Requests(M),38.7748,46.97
2025-01-01,AWSLambda,us-west-2,Requests(M),21.5457,22.86
2025-01-01,AWSLambda,eu-west-1,Requests(M),21.1549,21.99
2025-01-01,AWSLambda,ap-south-1,Requests(M),13.5666,13.96
2025-01-01,AmazonCloudFront,us-east-1,GB-Transfer,64.9996,55.02
2025-01-01,AmazonCloudFront,us-west-2,GB-Transfer,34.9478,30.65
2025-01-01,AmazonCloudFront,eu-west-1,GB-Transfer,33.2726,32.78
2025-01-01,AmazonCloudFront,ap-south-1,GB-Transfer,21.0817,18.95
2025-01-01,AmazonEBS,us-east-1,GB-Month,81.5944,68.71
2025-01-01,AmazonEBS,us-west-2,GB-Month,41.855,39.16
2025-01-01,AmazonEBS,eu-west-1,GB-Month,43.5556,47.44
2025-01-01,AmazonEBS,ap-south-1,GB-Month,23.4533,29.01
2025-01-01,AmazonDynamoDB,us-east-1,RCU/WCU,53.3271,45.65
2025-01-01,AmazonDynamoDB,us-west-2,RCU/WCU,29.2303,25.38
2025-01-01,AmazonDynamoDB,eu-west-1,RCU/WCU,22.5612,22.08
2025-01-01,AmazonDynamoDB,ap-south-1,RCU/WCU,15.1051,16.83
2025-01-02,AmazonEC2,us-east-1,InstanceHours,444.8627,449.82
2025-01-02,AmazonEC2,us-west-2,InstanceHours,266.4698,267.37
2025-01-02,AmazonEC2,eu-west-1,InstanceHours,260.0503,291.74
2025-01-02,AmazonEC2,ap-south-1,InstanceHours,128.0886,132.16
2025-01-02,AmazonS3,us-east-1,GB-Month,107.1827,115.2
2025-01-02,AmazonS3,us-west-2,GB-Month,60.3547,70.72
2025-01-02,AmazonS3,eu-west-1,GB-Month,56.4008,66.83
2025-01-02,AmazonS3,ap-south-1,GB-Month,29.6608,30.58
2025-01-02,AmazonRDS,us-east-1,InstanceHours,243.7549,214.19
2025-01-02,AmazonRDS,us-west-2,InstanceHours,170.173,163.49
2025-01-02,AmazonRDS,eu-west-1,InstanceHours,117.8103,117.94
2025-01-02,AmazonRDS,ap-south-1,InstanceHours,78.4322,96.1
2025-01-02,AWSLambda,us-east-1,Requests(M),38.2263,44.58
2025-01-02,AWSLambda,us-west-2,Requests(M),22.9791,21.59
2025-01-02,AWSLambda,eu-west-1,Requests(M),20.7826,18.88
2025-01-02,AWSLambda,ap-south-1,Requests(M),12.0048,12.25
2025-01-02,AmazonCloudFront,us-east-1,GB-Transfer,74.5552,74.18
2025-01-02,AmazonCloudFront,us-west-2,GB-Transfer,42.7488,43.17
2025-01-02,AmazonCloudFront,eu-west-1,GB-Transfer,35.2577,33.34
2025-01-02,AmazonCloudFront,ap-south-1,GB-Transfer,23.0826,22.09
2025-01-02,AmazonEBS,us-east-1,GB-Month,88.7005,88.01
2025-01-02,AmazonEBS,us-west-2,GB-Month,55.0901,51.36
2025-01-02,AmazonEBS,eu-west-1,GB-Month,36.2256,45.25
2025-01-02,AmazonEBS,ap-south-1,GB-Month,24.251,23.68
2025-01-02,AmazonDynamoDB,us-east-1,RCU/WCU,56.9736,60.32
2025-01-02,AmazonDynamoDB,us-west-2,RCU/WCU,33.3486,34.82
2025-01-02,AmazonDynamoDB,eu-west-1,RCU/WCU,25.987,24.9
2025-01-02,AmazonDynamoDB,ap-south-1,RCU/WCU,17.6461,16.41
2025-01-03,AmazonEC2,us-east-1,InstanceHours,503.3602,514.94
2025-01-03,AmazonEC2,us-west-2,InstanceHours,276.6597,302.7
2025-01-03,AmazonEC2,eu-west-1,InstanceHours,227.2463,191.14
2025-01-03,AmazonEC2,ap-south-1,InstanceHours,133.6936,130.64
2025-01-03,AmazonS3,us-east-1,GB-Month,106.2366,108.27
2025-01-03,AmazonS3,us-west-2,GB-Month,58.3424,63.0
2025-01-03,AmazonS3,eu-west-1,GB-Month,49.8989,44.72
2025-01-03,AmazonS3,ap-south-1,GB-Month,32.7536,37.57
2025-01-03,AmazonRDS,us-east-1,InstanceHours,293.9674,320.79
2025-01-03,AmazonRDS,us-west-2,InstanceHours,172.9854,154.76
2025-01-03,AmazonRDS,eu-west-1,InstanceHours,137.04,123.99
2025-01-03,AmazonRDS,ap-south-1,InstanceHours,86.1079,99.27
2025-01-03,AWSLambda,us-east-1,Requests(M),36.4684,30.94
2025-01-03,AWSLambda,us-west-2,Requests(M),23.6251,25.77
2025-01-03,AWSLambda,eu-west-1,Requests(M),18.6263,15.81
2025-01-03,AWSLambda,ap-south-1,Requests(M),11.2878,10.41
2025-01-03,AmazonCloudFront,us-east-1,GB-Transfer,66.2777,66.95
2025-01-03,AmazonCloudFront,us-west-2,GB-Transfer,45.2071,53.56
2025-01-03,AmazonCloudFront,eu-west-1,GB-Transfer,28.9767,24.33
2025-01-03,AmazonCloudFront,ap-south-1,GB-Transfer,20.4821,18.31
2025-01-03,AmazonEBS,us-east-1,GB-Month,75.4809,67.75
2025-01-03,AmazonEBS,us-west-2,GB-Month,48.6179,57.28
2025-01-03,AmazonEBS,eu-west-1,GB-Month,39.605,38.72
2025-01-03,AmazonEBS,ap-south-1,GB-Month,23.6784,21.24
2025-01-03,AmazonDynamoDB,us-east-1,RCU/WCU,52.7702,53.53
2025-01-03,AmazonDynamoDB,us-west-2,RCU/WCU,32.4848,29.55
2025-01-03,AmazonDynamoDB,eu-west-1,RCU/WCU,26.1017,22.14
2025-01-03,AmazonDynamoDB,ap-south-1,RCU/WCU,15.6667,13.26
2025-01-04,AmazonEC2,us-east-1,InstanceHours,377.1552,402.9
2025-01-04,AmazonEC2,us-west-2,InstanceHours,225.434,243.12
2025-01-04,AmazonEC2,eu-west-1,InstanceHours,184.1563,158.24
2025-01-04,AmazonEC2,ap-south-1,InstanceHours,123.9463,109.58
2025-01-04,AmazonS3,us-east-1,GB-Month,81.9543,77.12
2025-01-04,AmazonS3,us-west-2,GB-Month,49.8789,46.99
2025-01-04,AmazonS3,eu-west-1,GB-Month,41.3123,34.51
2025-01-04,AmazonS3,ap-south-1,GB-Month,24.0799,22.48
2025-01-04,AmazonRDS,us-east-1,InstanceHours,227.3171,273.38
2025-01-04,AmazonRDS,us-west-2,InstanceHours,154.6436,169.8
2025-01-04,AmazonRDS,eu-west-1,InstanceHours,114.1545,130.15
2025-01-04,AmazonRDS,ap-south-1,InstanceHours,68.7505,66.75
2025-01-04,AWSLambda,us-east-1,Requests(M),35.4902,40.63
2025-01-04,AWSLambda,us-west-2,Requests(M),18.8819,19.15
2025-01-04,AWSLambda,eu-west-1,Requests(M),16.4206,19.97
2025-01-04,AWSLambda,ap-south-1,Requests(M),9.6031,8.06
2025-01-04,AmazonCloudFront,us-east-1,GB-Transfer,56.1292,67.25
2025-01-04,AmazonCloudFront,us-west-2,GB-Transfer,37.794,36.45
2025-01-04,AmazonCloudFront,eu-west-1,GB-Transfer,26.574,25.87
2025-01-04,AmazonCloudFront,ap-south-1,GB-Transfer,17.7114,15.73
2025-01-04,AmazonEBS,us-east-1,GB-Month,74.325,64.53
2025-01-04,AmazonEBS,us-west-2,GB-Month,44.328,37.72
2025-01-04,AmazonEBS,eu-west-1,GB-Month,39.2204,35.14
2025-01-04,AmazonEBS,ap-south-1,GB-Month,17.8371,16.53
2025-01-04,AmazonDynamoDB,us-east-1,RCU/WCU,41.9329,46.34
2025-01-04,AmazonDynamoDB,us-west-2,RCU/WCU,26.181,29.45
2025-01-04,AmazonDynamoDB,eu-west-1,RCU/WCU,22.5763,20.59
2025-01-04,AmazonDynamoDB,ap-south-1,RCU/WCU,14.3622,13.33
2025-01-05,AmazonEC2,us-east-1,InstanceHours,368.0443,350.0
2025-01-05,AmazonEC2,us-west-2,InstanceHours,220.6963,199.75
2025-01-05,AmazonEC2,eu-west-1,InstanceHours,198.5501,170.65
2025-01-05,AmazonEC2,ap-south-1,InstanceHours,122.8269,109.33
2025-01-05,AmazonS3,us-east-1,GB-Month,84.3309,75.34
2025-01-05,AmazonS3,us-west-2,GB-Month,52.848,62.11
2025-01-05,AmazonS3,eu-west-1,GB-Month,37.1586,40.54
2025-01-05,AmazonS3,ap-south-1,GB-Month,23.9644,28.22
2025-01-05,AmazonRDS,us-east-1,InstanceHours,226.1043,218.33
2025-01-05,AmazonRDS,us-west-2,InstanceHours,140.2689,155.56
2025-01-05,AmazonRDS,eu-west-1,InstanceHours,121.2965,114.31
2025-01-05,AmazonRDS,ap-south-1,InstanceHours,63.2674,74.56
2025-01-05,AWSLambda,us-east-1,Requests(M),31.4457,26.44
2025-01-05,AWSLambda,us-west-2,Requests(M),18.6245,19.42
2025-01-05,AWSLambda,eu-west-1,Requests(M),14.5481,14.6
2025-01-05,AWSLambda,ap-south-1,Requests(M),10.2962,12.41
2025-01-05,AmazonCloudFront,us-east-1,GB-Transfer,56.1953,58.57
2025-01-05,AmazonCloudFront,us-west-2,GB-Transfer,32.3873,37.89
2025-01-05,AmazonCloudFront,eu-west-1,GB-Transfer,31.8413,26.87
2025-01-05,AmazonCloudFront,ap-south-1,GB-Transfer,15.0648,13.3
2025-01-05,AmazonEBS,us-east-1,GB-Month,79.9808,93.96
2025-01-05,AmazonEBS,us-west-2,GB-Month,41.3881,41.19
2025-01-05,AmazonEBS,eu-west-1,GB-Month,33.0486,34.05
2025-01-05,AmazonEBS,ap-south-1,GB-Month,20.2829,23.79
2025-01-05,AmazonDynamoDB,us-east-1,RCU/WCU,45.4333,44.87
2025-01-05,AmazonDynamoDB,us-west-2,RCU/WCU,32.3495,37.68
2025-01-05,AmazonDynamoDB,eu-west-1,RCU/WCU,23.9468,20.06
2025-01-05,AmazonDynamoDB,ap-south-1,RCU/WCU,12.8824,15.36
2025-01-06,AmazonEC2,us-east-1,InstanceHours,489.6005,590.66
2025-01-06,AmazonEC2,us-west-2,InstanceHours,269.5865,234.35
2025-01-06,AmazonEC2,eu-west-1,InstanceHours,185.7813,201.09
2025-01-06,AmazonEC2,ap-south-1,InstanceHours,146.5797,159.53
2025-01-06,AmazonS3,us-east-1,GB-Month,104.9229,96.3
2025-01-06,AmazonS3,us-west-2,GB-Month,58.0128,54.32
2025-01-06,AmazonS3,eu-west-1,GB-Month,47.1595,45.03
2025-01-06,AmazonS3,ap-south-1,GB-Month,31.7284,32.24
2025-01-06,AmazonRDS,us-east-1,InstanceHours,271.3731,256.67
2025-01-06,AmazonRDS,us-west-2,InstanceHours,186.5302,161.79
2025-01-06,AmazonRDS,eu-west-1,InstanceHours,135.9441,135.08
2025-01-06,AmazonRDS,ap-south-1,InstanceHours,85.1461,90.74
2025-01-06,AWSLambda,us-east-1,Requests(M),39.7567,39.99
2025-01-06,AWSLambda,us-west-2,Requests(M),23.4528,23.77
2025-01-06,AWSLambda,eu-west-1,Requests(M),18.1802,20.17
2025-01-06,AWSLambda,ap-south-1,Requests(M),11.8732,10.17
2025-01-06,AmazonCloudFront,us-east-1,GB-Transfer,69.6693,63.01
2025-01-06,AmazonCloudFront,us-west-2,GB-Transfer,36.5141,32.14
2025-01-06,AmazonCloudFront,eu-west-1,GB-Transfer,34.1513,33.44
2025-01-06,AmazonCloudFront,ap-south-1,GB-Transfer,19.6003,18.17
2025-01-06,AmazonEBS,us-east-1,GB-Month,76.4549,64.51
2025-01-06,AmazonEBS,us-west-2,GB-Month,50.7128,59.72
2025-01-06,AmazonEBS,eu-west-1,GB-Month,43.932,41.94
2025-01-06,AmazonEBS,ap-south-1,GB-Month,23.6928,20.87
2025-01-06,AmazonDynamoDB,us-east-1,RCU/WCU,44.8962,38.41
2025-01-06,AmazonDynamoDB,us-west-2,RCU/WCU,33.9447,41.68
2025-01-06,AmazonDynamoDB,eu-west-1,RCU/WCU,26.7277,23.46
2025-01-06,AmazonDynamoDB,ap-south-1,RCU/WCU,17.2873,20.2
2025-01-07,AmazonEC2,us-east-1,InstanceHours,499.1568,504.5
2025-01-07,AmazonEC2,us-west-2,InstanceHours,282.8076,257.42
2025-01-07,AmazonEC2,eu-west-1,InstanceHours,243.6491,208.22
2025-01-07,AmazonEC2,ap-south-1,InstanceHours,148.1958,151.42
2025-01-07,AmazonS3,us-east-1,GB-Month,94.7188,92.57
2025-01-07,AmazonS3,us-west-2,GB-Month,57.6528,65.97
2025-01-07,AmazonS3,eu-west-1,GB-Month,51.0189,54.09
2025-01-07,AmazonS3,ap-south-1,GB-Month,32.6497,28.2
2025-01-07,AmazonRDS,us-east-1,InstanceHours,260.2207,242.83
2025-01-07,AmazonRDS,us-west-2,InstanceHours,178.3492,161.35
2025-01-07,AmazonRDS,eu-west-1,InstanceHours,156.1128,181.46
2025-01-07,AmazonRDS,ap-south-1,InstanceHours,84.729,92.95
2025-01-07,AWSLambda,us-east-1,Requests(M),38.5021,43.0
2025-01-07,AWSLambda,us-west-2,Requests(M),23.0591,19.76
2025-01-07,AWSLambda,eu-west-1,Requests(M),19.1308,18.89
2025-01-07,AWSLambda,ap-south-1,Requests(M),10.8816,9.38
2025-01-07,AmazonCloudFront,us-east-1,GB-Transfer,65.3747,61.75
2025-01-07,AmazonCloudFront,us-west-2,GB-Transfer,37.4014,39.78
2025-01-07,AmazonCloudFront,eu-west-1,GB-Transfer,34.6209,29.5
2025-01-07,AmazonCloudFront,ap-south-1,GB-Transfer,17.306,21.26
2025-01-07,AmazonEBS,us-east-1,GB-Month,87.9346,74.17
2025-01-07,AmazonEBS,us-west-2,GB-Month,53.3946,45.55
2025-01-07,AmazonEBS,eu-west-1,GB-Month,41.8498,47.46
2025-01-07,AmazonEBS,ap-south-1,GB-Month,28.0411,27.54
2025-01-07,AmazonDynamoDB,us-east-1,RCU/WCU,56.864,50.96
2025-01-07,AmazonDynamoDB,us-west-2,RCU/WCU,33.7995,38.49
2025-01-07,AmazonDynamoDB,eu-west-1,RCU/WCU,23.9395,29.79
2025-01-07,AmazonDynamoDB,ap-south-1,RCU/WCU,17.8885,20.33
2025-01-08,AmazonEC2,us-east-1,InstanceHours,431.4971,364.45
2025-01-08,AmazonEC2,us-west-2,InstanceHours,256.5186,269.56
2025-01-08,AmazonEC2,eu-west-1,InstanceHours,235.0931,268.45
2025-01-08,AmazonEC2,ap-south-1,InstanceHours,130.958,138.65
2025-01-08,AmazonS3,us-east-1,GB-Month,97.6624,83.74
2025-01-08,AmazonS3,us-west-2,GB-Month,64.8017,64.86
2025-01-08,AmazonS3,eu-west-1,GB-Month,55.5146,66.94
2025-01-08,AmazonS3,ap-south-1,GB-Month,28.4315,34.02
2025-01-08,AmazonRDS,us-east-1,InstanceHours,283.0118,253.56
2025-01-08,AmazonRDS,us-west-2,InstanceHours,202.3216,173.44
2025-01-08,AmazonRDS,eu-west-1,InstanceHours,160.2484,160.2
2025-01-08,AmazonRDS,ap-south-1,InstanceHours,74.6584,62.6
2025-01-08,AWSLambda,us-east-1,Requests(M),41.232,45.5
2025-01-08,AWSLambda,us-west-2,Requests(M),21.822,24.7
2025-01-08,AWSLambda,eu-west-1,Requests(M),18.4527,19.62
2025-01-08,AWSLambda,ap-south-1,Requests(M),12.3593,13.94
2025-01-08,AmazonCloudFront,us-east-1,GB-Transfer,56.8111,53.45
2025-01-08,AmazonCloudFront,us-west-2,GB-Transfer,42.9851,53.31
2025-01-08,AmazonCloudFront,eu-west-1,GB-Transfer,36.5208,31.61
2025-01-08,AmazonCloudFront,ap-south-1,GB-Transfer,19.3696,21.57
2025-01-08,AmazonEBS,us-east-1,GB-Month,92.6508,101.2
2025-01-08,AmazonEBS,us-west-2,GB-Month,51.3505,53.29
2025-01-08,AmazonEBS,eu-west-1,GB-Month,37.7409,46.57
2025-01-08,AmazonEBS,ap-south-1,GB-Month,25.0081,29.04
2025-01-08,AmazonDynamoDB,us-east-1,RCU/WCU,52.3535,59.77
2025-01-08,AmazonDynamoDB,us-west-2,RCU/WCU,33.6671,36.0
2025-01-08,AmazonDynamoDB,eu-west-1,RCU/WCU,25.0238,23.41
2025-01-08,AmazonDynamoDB,ap-south-1,RCU/WCU,18.6467,18.01
2025-01-09,AmazonEC2,us-east-1,InstanceHours,484.1473,485.71
2025-01-09,AmazonEC2,us-west-2,InstanceHours,268.8812,238.16
2025-01-09,AmazonEC2,eu-west-1,InstanceHours,236.1497,213.09
2025-01-09,AmazonEC2,ap-south-1,InstanceHours,138.753,116.95
2025-01-09,AmazonS3,us-east-1,GB-Month,76.0044,68.96
2025-01-09,AmazonS3,us-west-2,GB-Month,67.3304,58.44
2025-01-09,AmazonS3,eu-west-1,GB-Month,49.4793,44.2
2025-01-09,AmazonS3,ap-south-1,GB-Month,30.2251,34.18
2025-01-09,AmazonRDS,us-east-1,InstanceHours,257.2577,273.98
2025-01-09,AmazonRDS,us-west-2,InstanceHours,174.946,149.2
2025-01-09,AmazonRDS,eu-west-1,InstanceHours,147.912,142.61
2025-01-09,AmazonRDS,ap-south-1,InstanceHours,79.3546,93.55
2025-01-09,AWSLambda,us-east-1,Requests(M),40.7744,46.61
2025-01-09,AWSLambda,us-west-2,Requests(M),19.7245,17.61
2025-01-09,AWSLambda,eu-west-1,Requests(M),19.0392,17.32
2025-01-09,AWSLambda,ap-south-1,Requests(M),10.3592,11.35
2025-01-09,AmazonCloudFront,us-east-1,GB-Transfer,66.4743,56.21
2025-01-09,AmazonCloudFront,us-west-2,GB-Transfer,38.5618,40.32
2025-01-09,AmazonCloudFront,eu-west-1,GB-Transfer,34.3182,31.84
2025-01-09,AmazonCloudFront,ap-south-1,GB-Transfer,19.7706,18.18
2025-01-09,AmazonEBS,us-east-1,GB-Month,85.6157,79.6
2025-01-09,AmazonEBS,us-west-2,GB-Month,49.9422,43.13
2025-01-09,AmazonEBS,eu-west-1,GB-Month,44.9541,49.07
2025-01-09,AmazonEBS,ap-south-1,GB-Month,26.6517,28.93
2025-01-09,AmazonDynamoDB,us-east-1,RCU/WCU,52.1505,50.87
2025-01-09,AmazonDynamoDB,us-west-2,RCU/WCU,35.7387,39.72
2025-01-09,AmazonDynamoDB,eu-west-1,RCU/WCU,28.4262,32.5
2025-01-09,AmazonDynamoDB,ap-south-1,RCU/WCU,18.1167,17.82
2025-01-10,AmazonEC2,us-east-1,InstanceHours,428.4811,455.53
2025-01-10,AmazonEC2,us-west-2,InstanceHours,252.1289,305.49
2025-01-10,AmazonEC2,eu-west-1,InstanceHours,210.4147,198.8
2025-01-10,AmazonEC2,ap-south-1,InstanceHours,155.6108,165.1
2025-01-10,AmazonS3,us-east-1,GB-Month,108.8792,101.17
2025-01-10,AmazonS3,us-west-2,GB-Month,63.9581,75.64
2025-01-10,AmazonS3,eu-west-1,GB-Month,44.6436,55.01
2025-01-10,AmazonS3,ap-south-1,GB-Month,32.0092,33.14
2025-01-10,AmazonRDS,us-east-1,InstanceHours,259.1734,239.55
2025-01-10,AmazonRDS,us-west-2,InstanceHours,138.2142,149.66
2025-01-10,AmazonRDS,eu-west-1,InstanceHours,139.0206,129.35
2025-01-10,AmazonRDS,ap-south-1,InstanceHours,85.0224,82.78
2025-01-10,AWSLambda,us-east-1,Requests(M),42.7746,42.14
2025-01-10,AWSLambda,us-west-2,Requests(M),21.4,21.67
2025-01-10,AWSLambda,eu-west-1,Requests(M),22.8476,21.47
2025-01-10,AWSLambda,ap-south-1,Requests(M),11.7774,12.86
2025-01-10,AmazonCloudFront,us-east-1,GB-Transfer,65.7273,62.26
2025-01-10,AmazonCloudFront,us-west-2,GB-Transfer,39.4204,34.3
2025-01-10,AmazonCloudFront,eu-west-1,GB-Transfer,30.0052,27.21
2025-01-10,AmazonCloudFront,ap-south-1,GB-Transfer,19.3733,17.1
2025-01-10,AmazonEBS,us-east-1,GB-Month,84.6122,73.94
2025-01-10,AmazonEBS,us-west-2,GB-Month,53.4382,66.29
2025-01-10,AmazonEBS,eu-west-1,GB-Month,40.2384,40.3
2025-01-10,AmazonEBS,ap-south-1,GB-Month,25.2179,25.5
2025-01-10,AmazonDynamoDB,us-east-1,RCU/WCU,58.6265,67.53
2025-01-10,AmazonDynamoDB,us-west-2,RCU/WCU,32.1147,34.13
2025-01-10,AmazonDynamoDB,eu-west-1,RCU/WCU,29.8424,25.44
2025-01-10,AmazonDynamoDB,ap-south-1,RCU/WCU,17.3023,15.04
2025-01-11,AmazonEC2,us-east-1,InstanceHours,420.5341,506.11
2025-01-11,AmazonEC2,us-west-2,InstanceHours,204.0047,225.88
2025-01-11,AmazonEC2,eu-west-1,InstanceHours,192.8152,167.65
2025-01-11,AmazonEC2,ap-south-1,InstanceHours,112.5132,119.84
2025-01-11,AmazonS3,us-east-1,GB-Month,71.5967,72.79
2025-01-11,AmazonS3,us-west-2,GB-Month,57.931,48.77
2025-01-11,AmazonS3,eu-west-1,GB-Month,45.3325,46.83
2025-01-11,AmazonS3,ap-south-1,GB-Month,22.4143,27.19
2025-01-11,AmazonRDS,us-east-1,InstanceHours,270.8831,322.67
2025-01-11,AmazonRDS,us-west-2,InstanceHours,145.978,176.34
2025-01-11,AmazonRDS,eu-west-1,InstanceHours,126.4987,116.1
2025-01-11,AmazonRDS,ap-south-1,InstanceHours,69.806,68.04
2025-01-11,AWSLambda,us-east-1,Requests(M),35.4919,32.07
2025-01-11,AWSLambda,us-west-2,Requests(M),19.5957,17.42
2025-01-11,AWSLambda,eu-west-1,Requests(M),17.103,17.4
2025-01-11,AWSLambda,ap-south-1,Requests(M),10.7394,9.37
2025-01-11,AmazonCloudFront,us-east-1,GB-Transfer,59.2488,62.01
2025-01-11,AmazonCloudFront,us-west-2,GB-Transfer,32.7767,38.67
2025-01-11,AmazonCloudFront,eu-west-1,GB-Transfer,28.0056,25.92
2025-01-11,AmazonCloudFront,ap-south-1,GB-Transfer,14.6592,12.27
2025-01-11,AmazonEBS,us-east-1,GB-Month,75.2922,74.64
2025-01-11,AmazonEBS,us-west-2,GB-Month,32.9091,32.4
2025-01-11,AmazonEBS,eu-west-1,GB-Month,34.4864,43.07
2025-01-11,AmazonEBS,ap-south-1,GB-Month,21.1491,25.21
2025-01-11,AmazonDynamoDB,us-east-1,RCU/WCU,48.1008,54.54
2025-01-11,AmazonDynamoDB,us-west-2,RCU/WCU,26.8494,23.19
2025-01-11,AmazonDynamoDB,eu-west-1,RCU/WCU,23.3042,23.21
2025-01-11,AmazonDynamoDB,ap-south-1,RCU/WCU,14.2933,16.43
2025-01-12,AmazonEC2,us-east-1,InstanceHours,399.6432,350.41
2025-01-12,AmazonEC2,us-west-2,InstanceHours,239.1308,245.68
2025-01-12,AmazonEC2,eu-west-1,InstanceHours,191.6621,234.85
2025-01-12,AmazonEC2,ap-south-1,InstanceHours,120.4977,109.41
2025-01-12,AmazonS3,us-east-1,GB-Month,93.3056,82.8
2025-01-12,AmazonS3,us-west-2,GB-Month,50.3974,43.21
2025-01-12,AmazonS3,eu-west-1,GB-Month,42.9914,49.95
2025-01-12,AmazonS3,ap-south-1,GB-Month,25.1642,30.22
2025-01-12,AmazonRDS,us-east-1,InstanceHours,268.3788,271.26
2025-01-12,AmazonRDS,us-west-2,InstanceHours,143.502,126.8
2025-01-12,AmazonRDS,eu-west-1,InstanceHours,113.7071,96.4
2025-01-12,AmazonRDS,ap-south-1,InstanceHours,77.2433,93.71
2025-01-12,AWSLambda,us-east-1,Requests(M),32.0725,32.07
2025-01-12,AWSLambda,us-west-2,Requests(M),20.7034,21.37
2025-01-12,AWSLambda,eu-west-1,Requests(M),15.8325,18.05
2025-01-12,AWSLambda,ap-south-1,Requests(M),9.0232,10.24
2025-01-12,AmazonCloudFront,us-east-1,GB-Transfer,56.1387,50.16
2025-01-12,AmazonCloudFront,us-west-2,GB-Transfer,30.1143,29.31
2025-01-12,AmazonCloudFront,eu-west-1,GB-Transfer,28.8108,26.78
2025-01-12,AmazonCloudFront,ap-south-1,GB-Transfer,18.0007,16.87
2025-01-12,AmazonEBS,us-east-1,GB-Month,80.9829,97.82
2025-01-12,AmazonEBS,us-west-2,GB-Month,40.5783,35.47
2025-01-12,AmazonEBS,eu-west-1,GB-Month,33.1974,29.98
2025-01-12,AmazonEBS,ap-south-1,GB-Month,22.4577,27.9
2025-01-12,AmazonDynamoDB,us-east-1,RCU/WCU,49.6235,44.09
2025-01-12,AmazonDynamoDB,us-west-2,RCU/WCU,29.926,37.32
2025-01-12,AmazonDynamoDB,eu-west-1,RCU/WCU,27.0303,31.35
2025-01-12,AmazonDynamoDB,ap-south-1,RCU/WCU,14.1016,13.3
2025-01-13,AmazonEC2,us-east-1,InstanceHours,543.3802,633.05
2025-01-13,AmazonEC2,us-west-2,InstanceHours,270.9629,309.99
2025-01-13,AmazonEC2,eu-west-1,InstanceHours,220.0782,247.11
2025-01-13,AmazonEC2,ap-south-1,InstanceHours,131.1052,136.84
2025-01-13,AmazonS3,us-east-1,GB-Month,93.202,83.94
2025-01-13,AmazonS3,us-west-2,GB-Month,68.9736,63.41
2025-01-13,AmazonS3,eu-west-1,GB-Month,54.4079,45.54
2025-01-13,AmazonS3,ap-south-1,GB-Month,34.2127,29.63
2025-01-13,AmazonRDS,us-east-1,InstanceHours,246.5856,268.4
2025-01-13,AmazonRDS,us-west-2,InstanceHours,155.4194,180.52
2025-01-13,AmazonRDS,eu-west-1,InstanceHours,140.1959,151.95
2025-01-13,AmazonRDS,ap-south-1,InstanceHours,83.108,70.16
2025-01-13,AWSLambda,us-east-1,Requests(M),39.3535,41.47
2025-01-13,AWSLambda,us-west-2,Requests(M),23.2705,23.67
2025-01-13,AWSLambda,eu-west-1,Requests(M),17.8015,20.77
2025-01-13,AWSLambda,ap-south-1,Requests(M),11.0927,9.42
2025-01-13,AmazonCloudFront,us-east-1,GB-Transfer,64.9895,74.31
2025-01-13,AmazonCloudFront,us-west-2,GB-Transfer,36.1849,38.27
2025-01-13,AmazonCloudFront,eu-west-1,GB-Transfer,32.8163,36.11
2025-01-13,AmazonCloudFront,ap-south-1,GB-Transfer,18.1825,19.33
2025-01-13,AmazonEBS,us-east-1,GB-Month,81.8573,68.6
2025-01-13,AmazonEBS,us-west-2,GB-Month,46.2783,49.68
2025-01-13,AmazonEBS,eu-west-1,GB-Month,44.4435,53.53
2025-01-13,AmazonEBS,ap-south-1,GB-Month,25.6697,26.06
2025-01-13,AmazonDynamoDB,us-east-1,RCU/WCU,56.9319,51.56
2025-01-13,AmazonDynamoDB,us-west-2,RCU/WCU,34.9817,34.66
2025-01-13,AmazonDynamoDB,eu-west-1,RCU/WCU,28.6408,31.07
2025-01-13,AmazonDynamoDB,ap-south-1,RCU/WCU,17.7864,21.84
2025-01-14,AmazonEC2,us-east-1,InstanceHours,469.059,510.26
2025-01-14,AmazonEC2,us-west-2,InstanceHours,293.5116,341.43
2025-01-14,AmazonEC2,eu-west-1,InstanceHours,238.5356,211.88
2025-01-14,AmazonEC2,ap-south-1,InstanceHours,143.0404,135.19
2025-01-14,AmazonS3,us-east-1,GB-Month,88.1129,109.67
2025-01-14,AmazonS3,us-west-2,GB-Month,55.0184,48.54
2025-01-14,AmazonS3,eu-west-1,GB-Month,50.6382,50.56
2025-01-14,AmazonS3,ap-south-1,GB-Month,28.1061,27.81
2025-01-14,AmazonRDS,us-east-1,InstanceHours,285.4996,345.96
2025-01-14,AmazonRDS,us-west-2,InstanceHours,165.2715,148.14
2025-01-14,AmazonRDS,eu-west-1,InstanceHours,138.132,169.24
2025-01-14,AmazonRDS,ap-south-1,InstanceHours,86.3978,82.67
2025-01-14,AWSLambda,us-east-1,Requests(M),37.8299,37.02
2025-01-14,AWSLambda,us-west-2,Requests(M),25.7005,22.95
2025-01-14,AWSLambda,eu-west-1,Requests(M),17.2626,16.52
2025-01-14,AWSLambda,ap-south-1,Requests(M),12.1023,11.51
2025-01-14,AmazonCloudFront,us-east-1,GB-Transfer,70.1954,59.1
2025-01-14,AmazonCloudFront,us-west-2,GB-Transfer,44.3067,50.41
2025-01-14,AmazonCloudFront,eu-west-1,GB-Transfer,33.2916,31.15
2025-01-14,AmazonCloudFront,ap-south-1,GB-Transfer,20.8894,24.87
2025-01-14,AmazonEBS,us-east-1,GB-Month,91.6898,84.68
2025-01-14,AmazonEBS,us-west-2,GB-Month,47.3803,58.06
2025-01-14,AmazonEBS,eu-west-1,GB-Month,38.5818,32.2
2025-01-14,AmazonEBS,ap-south-1,GB-Month,25.0564,21.62
2025-01-14,AmazonDynamoDB,us-east-1,RCU/WCU,54.2482,49.87
2025-01-14,AmazonDynamoDB,us-west-2,RCU/WCU,34.8715,35.7
2025-01-14,AmazonDynamoDB,eu-west-1,RCU/WCU,24.7748,26.67
2025-01-14,AmazonDynamoDB,ap-south-1,RCU/WCU,18.2375,18.81
2025-01-15,AmazonEC2,us-east-1,InstanceHours,472.9318,503.4
2025-01-15,AmazonEC2,us-west-2,InstanceHours,272.7881,284.14
2025-01-15,AmazonEC2,eu-west-1,InstanceHours,231.8948,227.86
2025-01-15,AmazonEC2,ap-south-1,InstanceHours,150.0993,126.92
2025-01-15,AmazonS3,us-east-1,GB-Month,103.2597,108.82
2025-01-15,AmazonS3,us-west-2,GB-Month,59.5401,62.76
2025-01-15,AmazonS3,eu-west-1,GB-Month,48.9168,44.63
2025-01-15,AmazonS3,ap-south-1,GB-Month,29.4516,26.58
2025-01-15,AmazonRDS,us-east-1,InstanceHours,301.2084,291.29
2025-01-15,AmazonRDS,us-west-2,InstanceHours,168.5148,190.21
2025-01-15,AmazonRDS,eu-west-1,InstanceHours,149.6852,128.38
2025-01-15,AmazonRDS,ap-south-1,InstanceHours,69.7206,58.62
2025-01-15,AWSLambda,us-east-1,Requests(M),36.0936,43.37
2025-01-15,AWSLambda,us-west-2,Requests(M),21.9221,21.39
2025-01-15,AWSLambda,eu-west-1,Requests(M),19.2785,23.25
2025-01-15,AWSLambda,ap-south-1,Requests(M),11.4071,11.86
2025-01-15,AmazonCloudFront,us-east-1,GB-Transfer,62.9108,54.8
2025-01-15,AmazonCloudFront,us-west-2,GB-Transfer,36.3422,33.08
2025-01-15,AmazonCloudFront,eu-west-1,GB-Transfer,31.1063,28.11
2025-01-15,AmazonCloudFront,ap-south-1,GB-Transfer,22.3096,22.81
2025-01-15,AmazonEBS,us-east-1,GB-Month,78.6177,71.51
2025-01-15,AmazonEBS,us-west-2,GB-Month,41.6633,35.89
2025-01-15,AmazonEBS,eu-west-1,GB-Month,41.5515,51.1
2025-01-15,AmazonEBS,ap-south-1,GB-Month,23.5851,23.89
2025-01-15,AmazonDynamoDB,us-east-1,RCU/WCU,53.9136,45.96
2025-01-15,AmazonDynamoDB,us-west-2,RCU/WCU,35.382,33.63
2025-01-15,AmazonDynamoDB,eu-west-1,RCU/WCU,27.1126,28.31
2025-01-15,AmazonDynamoDB,ap-south-1,RCU/WCU,16.1215,18.57
2025-01-16,AmazonEC2,us-east-1,InstanceHours,340.7937,288.2
2025-01-16,AmazonEC2,us-west-2,InstanceHours,265.3117,272.54
2025-01-16,AmazonEC2,eu-west-1,InstanceHours,227.0623,227.42
2025-01-16,AmazonEC2,ap-south-1,InstanceHours,143.1025,152.38
2025-01-16,AmazonS3,us-east-1,GB-Month,86.0879,76.15
2025-01-16,AmazonS3,us-west-2,GB-Month,53.902,54.95
2025-01-16,AmazonS3,eu-west-1,GB-Month,51.2017,62.14
2025-01-16,AmazonS3,ap-south-1,GB-Month,29.8785,30.02
2025-01-16,AmazonRDS,us-east-1,InstanceHours,274.7971,263.06
2025-01-16,AmazonRDS,us-west-2,InstanceHours,178.2737,199.01
2025-01-16,AmazonRDS,eu-west-1,InstanceHours,139.1853,149.4
2025-01-16,AmazonRDS,ap-south-1,InstanceHours,91.8824,88.41
2025-01-16,AWSLambda,us-east-1,Requests(M),36.8756,38.15
2025-01-16,AWSLambda,us-west-2,Requests(M),21.6168,22.96
2025-01-16,AWSLambda,eu-west-1,Requests(M),23.1141,22.51
2025-01-16,AWSLambda,ap-south-1,Requests(M),12.1682,11.46
2025-01-16,AmazonCloudFront,us-east-1,GB-Transfer,62.3653,56.47
2025-01-16,AmazonCloudFront,us-west-2,GB-Transfer,38.5651,33.82
2025-01-16,AmazonCloudFront,eu-west-1,GB-Transfer,31.6189,31.64
2025-01-16,AmazonCloudFront,ap-south-1,GB-Transfer,17.4873,17.26
2025-01-16,AmazonEBS,us-east-1,GB-Month,80.7154,74.15
2025-01-16,AmazonEBS,us-west-2,GB-Month,50.1758,60.83
2025-01-16,AmazonEBS,eu-west-1,GB-Month,45.7037,46.61
2025-01-16,AmazonEBS,ap-south-1,GB-Month,24.6148,28.63
2025-01-16,AmazonDynamoDB,us-east-1,RCU/WCU,53.1973,60.9
2025-01-16,AmazonDynamoDB,us-west-2,RCU/WCU,36.9262,31.38
2025-01-16,AmazonDynamoDB,eu-west-1,RCU/WCU,30.2132,32.25
2025-01-16,AmazonDynamoDB,ap-south-1,RCU/WCU,16.7176,17.9
2025-01-17,AmazonEC2,us-east-1,InstanceHours,464.6615,542.65
2025-01-17,AmazonEC2,us-west-2,InstanceHours,285.9522,322.07
2025-01-17,AmazonEC2,eu-west-1,InstanceHours,221.0453,224.41
2025-01-17,AmazonEC2,ap-south-1,InstanceHours,138.9694,143.63
2025-01-17,AmazonS3,us-east-1,GB-Month,94.4612,79.18
2025-01-17,AmazonS3,us-west-2,GB-Month,65.4341,75.01
2025-01-17,AmazonS3,eu-west-1,GB-Month,46.4876,42.51
2025-01-17,AmazonS3,ap-south-1,GB-Month,30.2657,25.27
2025-01-17,AmazonRDS,us-east-1,InstanceHours,292.5069,294.3
2025-01-17,AmazonRDS,us-west-2,InstanceHours,190.2788,167.79
2025-01-17,AmazonRDS,eu-west-1,InstanceHours,138.1857,165.37
2025-01-17,AmazonRDS,ap-south-1,InstanceHours,81.6127,89.81
2025-01-17,AWSLambda,us-east-1,Requests(M),40.3879,36.33
2025-01-17,AWSLambda,us-west-2,Requests(M),23.9853,22.79
2025-01-17,AWSLambda,eu-west-1,Requests(M),22.2194,23.23
2025-01-17,AWSLambda,ap-south-1,Requests(M),11.7182,10.31
2025-01-17,AmazonCloudFront,us-east-1,GB-Transfer,72.5853,71.56
2025-01-17,AmazonCloudFront,us-west-2,GB-Transfer,43.1581,37.4
2025-01-17,AmazonCloudFront,eu-west-1,GB-Transfer,31.3775,28.24
2025-01-17,AmazonCloudFront,ap-south-1,GB-Transfer,17.671,17.72
2025-01-17,AmazonEBS,us-east-1,GB-Month,80.8207,85.28
2025-01-17,AmazonEBS,us-west-2,GB-Month,52.8482,45.74
2025-01-17,AmazonEBS,eu-west-1,GB-Month,45.8012,49.08
2025-01-17,AmazonEBS,ap-south-1,GB-Month,19.0772,20.95
2025-01-17,AmazonDynamoDB,us-east-1,RCU/WCU,51.6269,44.83
2025-01-17,AmazonDynamoDB,us-west-2,RCU/WCU,34.0418,30.62
2025-01-17,AmazonDynamoDB,eu-west-1,RCU/WCU,28.9423,27.8
2025-01-17,AmazonDynamoDB,ap-south-1,RCU/WCU,15.3152,17.53
2025-01-18,AmazonEC2,us-east-1,InstanceHours,374.5956,346.95
2025-01-18,AmazonEC2,us-west-2,InstanceHours,206.9536,196.07
2025-01-18,AmazonEC2,eu-west-1,InstanceHours,221.8136,201.07
2025-01-18,AmazonEC2,ap-south-1,InstanceHours,120.116,114.71
2025-01-18,AmazonS3,us-east-1,GB-Month,80.1949,69.58
2025-01-18,AmazonS3,us-west-2,GB-Month,55.2261,52.8
2025-01-18,AmazonS3,eu-west-1,GB-Month,42.8955,48.34
2025-01-18,AmazonS3,ap-south-1,GB-Month,27.9896,27.52
2025-01-18,AmazonRDS,us-east-1,InstanceHours,272.5704,275.24
2025-01-18,AmazonRDS,us-west-2,InstanceHours,135.4162,119.37
2025-01-18,AmazonRDS,eu-west-1,InstanceHours,133.59,150.63
2025-01-18,AmazonRDS,ap-south-1,InstanceHours,79.9123,66.95
2025-01-18,AWSLambda,us-east-1,Requests(M),34.005,36.48
2025-01-18,AWSLambda,us-west-2,Requests(M),20.5267,20.24
2025-01-18,AWSLambda,eu-west-1,Requests(M),16.5925,19.33
2025-01-18,AWSLambda,ap-south-1,Requests(M),8.9816,8.79
2025-01-18,AmazonCloudFront,us-east-1,GB-Transfer,51.0128,51.04
2025-01-18,AmazonCloudFront,us-west-2,GB-Transfer,38.1544,33.17
2025-01-18,AmazonCloudFront,eu-west-1,GB-Transfer,28.594,32.93
2025-01-18,AmazonCloudFront,ap-south-1,GB-Transfer,16.5712,20.34
2025-01-18,AmazonEBS,us-east-1,GB-Month,73.6553,76.56
2025-01-18,AmazonEBS,us-west-2,GB-Month,39.9803,34.8
2025-01-18,AmazonEBS,eu-west-1,GB-Month,34.0389,31.32
2025-01-18,AmazonEBS,ap-south-1,GB-Month,21.1698,25.08
2025-01-18,AmazonDynamoDB,us-east-1,RCU/WCU,44.9436,47.91
2025-01-18,AmazonDynamoDB,us-west-2,RCU/WCU,29.2336,26.47
2025-01-18,AmazonDynamoDB,eu-west-1,RCU/WCU,23.236,20.53
2025-01-18,AmazonDynamoDB,ap-south-1,RCU/WCU,14.6087,16.67
2025-01-19,AmazonEC2,us-east-1,InstanceHours,412.0127,469.75
2025-01-19,AmazonEC2,us-west-2,InstanceHours,257.2029,279.26
2025-01-19,AmazonEC2,eu-west-1,InstanceHours,192.3891,218.26
2025-01-19,AmazonEC2,ap-south-1,InstanceHours,109.1832,103.24
2025-01-19,AmazonS3,us-east-1,GB-Month,100.3098,86.05
2025-01-19,AmazonS3,us-west-2,GB-Month,55.9778,55.84
2025-01-19,AmazonS3,eu-west-1,GB-Month,36.7317,40.47
2025-01-19,AmazonS3,ap-south-1,GB-Month,30.4791,37.06
2025-01-19,AmazonRDS,us-east-1,InstanceHours,232.6743,228.07
2025-01-19,AmazonRDS,us-west-2,InstanceHours,145.1105,157.23
2025-01-19,AmazonRDS,eu-west-1,InstanceHours,111.2955,94.88
2025-01-19,AmazonRDS,ap-south-1,InstanceHours,73.8573,63.79
2025-01-19,AWSLambda,us-east-1,Requests(M),31.4424,30.08
2025-01-19,AWSLambda,us-west-2,Requests(M),18.0236,21.5
2025-01-19,AWSLambda,eu-west-1,Requests(M),14.7518,12.65
2025-01-19,AWSLambda,ap-south-1,Requests(M),9.2713,8.13
2025-01-19,AmazonCloudFront,us-east-1,GB-Transfer,59.3453,50.62
2025-01-19,AmazonCloudFront,us-west-2,GB-Transfer,40.8528,34.83
2025-01-19,AmazonCloudFront,eu-west-1,GB-Transfer,29.2541,28.78
2025-01-19,AmazonCloudFront,ap-south-1,GB-Transfer,15.6659,19.4
2025-01-19,AmazonEBS,us-east-1,GB-Month,68.4746,59.21
2025-01-19,AmazonEBS,us-west-2,GB-Month,45.3198,43.68
2025-01-19,AmazonEBS,eu-west-1,GB-Month,34.3359,40.62
2025-01-19,AmazonEBS,ap-south-1,GB-Month,23.3741,24.01
2025-01-19,AmazonDynamoDB,us-east-1,RCU/WCU,55.1427,65.47
2025-01-19,AmazonDynamoDB,us-west-2,RCU/WCU,24.0636,20.11
2025-01-19,AmazonDynamoDB,eu-west-1,RCU/WCU,22.0935,21.86
2025-01-19,AmazonDynamoDB,ap-south-1,RCU/WCU,13.382,13.19
2025-01-20,AmazonEC2,us-east-1,InstanceHours,519.5666,516.13
2025-01-20,AmazonEC2,us-west-2,InstanceHours,271.094,259.7
2025-01-20,AmazonEC2,eu-west-1,InstanceHours,250.1919,310.04
2025-01-20,AmazonEC2,ap-south-1,InstanceHours,141.2315,146.8
2025-01-20,AmazonS3,us-east-1,GB-Month,97.7821,99.42
2025-01-20,AmazonS3,us-west-2,GB-Month,62.5747,52.47
2025-01-20,AmazonS3,eu-west-1,GB-Month,55.7299,49.13
2025-01-20,AmazonS3,ap-south-1,GB-Month,22.754,20.77
2025-01-20,AmazonRDS,us-east-1,InstanceHours,313.6618,270.79
2025-01-20,AmazonRDS,us-west-2,InstanceHours,171.4854,145.02
2025-01-20,AmazonRDS,eu-west-1,InstanceHours,146.0394,149.35
2025-01-20,AmazonRDS,ap-south-1,InstanceHours,92.9883,83.78
2025-01-20,AWSLambda,us-east-1,Requests(M),39.501,47.31
2025-01-20,AWSLambda,us-west-2,Requests(M),26.3211,22.49
2025-01-20,AWSLambda,eu-west-1,Requests(M),16.0516,15.26
2025-01-20,AWSLambda,ap-south-1,Requests(M),10.962,10.25
2025-01-20,AmazonCloudFront,us-east-1,GB-Transfer,69.071,75.41
2025-01-20,AmazonCloudFront,us-west-2,GB-Transfer,38.3524,43.85
2025-01-20,AmazonCloudFront,eu-west-1,GB-Transfer,37.2553,31.41
2025-01-20,AmazonCloudFront,ap-south-1,GB-Transfer,18.89,16.81
2025-01-20,AmazonEBS,us-east-1,GB-Month,83.5474,91.2
2025-01-20,AmazonEBS,us-west-2,GB-Month,46.7268,41.31
2025-01-20,AmazonEBS,eu-west-1,GB-Month,41.114,41.09
2025-01-20,AmazonEBS,ap-south-1,GB-Month,21.5143,24.02
2025-01-20,AmazonDynamoDB,us-east-1,RCU/WCU,49.3928,50.47
2025-01-20,AmazonDynamoDB,us-west-2,RCU/WCU,38.7327,40.98
2025-01-20,AmazonDynamoDB,eu-west-1,RCU/WCU,27.6619,29.61
2025-01-20,AmazonDynamoDB,ap-south-1,RCU/WCU,16.0908,20.1
2025-01-21,AmazonEC2,us-east-1,InstanceHours,423.1053,441.94
2025-01-21,AmazonEC2,us-west-2,InstanceHours,257.1204,301.52
2025-01-21,AmazonEC2,eu-west-1,InstanceHours,268.2856,255.01
2025-01-21,AmazonEC2,ap-south-1,InstanceHours,140.0981,124.92
2025-01-21,AmazonS3,us-east-1,GB-Month,108.3119,96.35
2025-01-21,AmazonS3,us-west-2,GB-Month,46.3041,47.68
2025-01-21,AmazonS3,eu-west-1,GB-Month,47.4506,49.07
2025-01-21,AmazonS3,ap-south-1,GB-Month,34.0417,30.83
2025-01-21,AmazonRDS,us-east-1,InstanceHours,275.7353,309.93
2025-01-21,AmazonRDS,us-west-2,InstanceHours,158.402,167.86
2025-01-21,AmazonRDS,eu-west-1,InstanceHours,148.5779,132.75
2025-01-21,AmazonRDS,ap-south-1,InstanceHours,76.1503,68.32
2025-01-21,AWSLambda,us-east-1,Requests(M),33.5352,29.57
2025-01-21,AWSLambda,us-west-2,Requests(M),26.0821,23.89
2025-01-21,AWSLambda,eu-west-1,Requests(M),18.1638,18.4
2025-01-21,AWSLambda,ap-south-1,Requests(M),12.1802,10.64
2025-01-21,AmazonCloudFront,us-east-1,GB-Transfer,76.9182,74.3
2025-01-21,AmazonCloudFront,us-west-2,GB-Transfer,39.9202,35.11
2025-01-21,AmazonCloudFront,eu-west-1,GB-Transfer,34.7028,40.86
2025-01-21,AmazonCloudFront,ap-south-1,GB-Transfer,17.2306,16.01
2025-01-21,AmazonEBS,us-east-1,GB-Month,77.2634,90.94
2025-01-21,AmazonEBS,us-west-2,GB-Month,56.663,58.54
2025-01-21,AmazonEBS,eu-west-1,GB-Month,40.247,42.2
2025-01-21,AmazonEBS,ap-south-1,GB-Month,22.2759,20.34
2025-01-21,AmazonDynamoDB,us-east-1,RCU/WCU,57.5895,71.18
2025-01-21,AmazonDynamoDB,us-west-2,RCU/WCU,36.7464,31.34
2025-01-21,AmazonDynamoDB,eu-west-1,RCU/WCU,26.5197,25.71
2025-01-21,AmazonDynamoDB,ap-south-1,RCU/WCU,17.2805,17.51
2025-01-22,AmazonEC2,us-east-1,InstanceHours,498.8659,511.69
2025-01-22,AmazonEC2,us-west-2,InstanceHours,274.1693,330.27
2025-01-22,AmazonEC2,eu-west-1,InstanceHours,225.7385,269.65
2025-01-22,AmazonEC2,ap-south-1,InstanceHours,160.9827,144.21
2025-01-22,AmazonS3,us-east-1,GB-Month,89.6996,111.69
2025-01-22,AmazonS3,us-west-2,GB-Month,60.3135,62.23
2025-01-22,AmazonS3,eu-west-1,GB-Month,49.2929,59.33
2025-01-22,AmazonS3,ap-south-1,GB-Month,29.558,33.51
2025-01-22,AmazonRDS,us-east-1,InstanceHours,307.3666,313.32
2025-01-22,AmazonRDS,us-west-2,InstanceHours,180.7781,180.31
2025-01-22,AmazonRDS,eu-west-1,InstanceHours,147.0952,134.23
2025-01-22,AmazonRDS,ap-south-1,InstanceHours,74.774,71.76
2025-01-22,AWSLambda,us-east-1,Requests(M),35.8092,32.19
2025-01-22,AWSLambda,us-west-2,Requests(M),22.719,24.03
2025-01-22,AWSLambda,eu-west-1,Requests(M),19.4845,17.79
2025-01-22,AWSLambda,ap-south-1,Requests(M),13.2067,11.36
2025-01-22,AmazonCloudFront,us-east-1,GB-Transfer,66.6618,66.36
2025-01-22,AmazonCloudFront,us-west-2,GB-Transfer,42.3832,46.77
2025-01-22,AmazonCloudFront,eu-west-1,GB-Transfer,32.9642,38.73
2025-01-22,AmazonCloudFront,ap-south-1,GB-Transfer,21.0443,21.63
2025-01-22,AmazonEBS,us-east-1,GB-Month,82.9237,80.94
2025-01-22,AmazonEBS,us-west-2,GB-Month,45.4175,48.57
2025-01-22,AmazonEBS,eu-west-1,GB-Month,43.3571,45.8
2025-01-22,AmazonEBS,ap-south-1,GB-Month,25.7915,23.35
2025-01-22,AmazonDynamoDB,us-east-1,RCU/WCU,48.9245,57.57
2025-01-22,AmazonDynamoDB,us-west-2,RCU/WCU,32.9643,35.14
2025-01-22,AmazonDynamoDB,eu-west-1,RCU/WCU,27.4485,27.98
2025-01-22,AmazonDynamoDB,ap-south-1,RCU/WCU,15.764,17.13
2025-01-23,AmazonEC2,us-east-1,InstanceHours,421.9087,378.88
2025-01-23,AmazonEC2,us-west-2,InstanceHours,283.6204,303.99
2025-01-23,AmazonEC2,eu-west-1,InstanceHours,261.8242,226.57
2025-01-23,AmazonEC2,ap-south-1,InstanceHours,146.7972,129.41
2025-01-23,AmazonS3,us-east-1,GB-Month,87.11,87.0
2025-01-23,AmazonS3,us-west-2,GB-Month,66.8552,60.37
2025-01-23,AmazonS3,eu-west-1,GB-Month,54.9876,56.53
2025-01-23,AmazonS3,ap-south-1,GB-Month,28.5183,30.57
2025-01-23,AmazonRDS,us-east-1,InstanceHours,327.0463,272.56
2025-01-23,AmazonRDS,us-west-2,InstanceHours,151.8174,152.24
2025-01-23,AmazonRDS,eu-west-1,InstanceHours,137.7549,168.62
2025-01-23,AmazonRDS,ap-south-1,InstanceHours,83.1318,81.22
2025-01-23,AWSLambda,us-east-1,Requests(M),34.2752,31.79
2025-01-23,AWSLambda,us-west-2,Requests(M),23.6042,21.53
2025-01-23,AWSLambda,eu-west-1,Requests(M),18.0848,15.12
2025-01-23,AWSLambda,ap-south-1,Requests(M),10.4411,10.99
2025-01-23,AmazonCloudFront,us-east-1,GB-Transfer,64.7927,57.99
2025-01-23,AmazonCloudFront,us-west-2,GB-Transfer,44.7693,40.42
2025-01-23,AmazonCloudFront,eu-west-1,GB-Transfer,35.5099,30.2
2025-01-23,AmazonCloudFront,ap-south-1,GB-Transfer,20.5595,19.92
2025-01-23,AmazonEBS,us-east-1,GB-Month,79.2539,71.83
2025-01-23,AmazonEBS,us-west-2,GB-Month,44.0983,41.59
2025-01-23,AmazonEBS,eu-west-1,GB-Month,37.7306,37.74
2025-01-23,AmazonEBS,ap-south-1,GB-Month,26.4973,24.12
2025-01-23,AmazonDynamoDB,us-east-1,RCU/WCU,51.6344,59.06
2025-01-23,AmazonDynamoDB,us-west-2,RCU/WCU,33.4762,37.71
2025-01-23,AmazonDynamoDB,eu-west-1,RCU/WCU,28.5823,28.54
2025-01-23,AmazonDynamoDB,ap-south-1,RCU/WCU,14.4485,16.4
2025-01-24,AmazonEC2,us-east-1,InstanceHours,463.2717,403.92
2025-01-24,AmazonEC2,us-west-2,InstanceHours,286.1133,251.09
2025-01-24,AmazonEC2,eu-west-1,InstanceHours,266.8617,304.25
2025-01-24,AmazonEC2,ap-south-1,InstanceHours,140.3941,130.56
2025-01-24,AmazonS3,us-east-1,GB-Month,105.5597,126.65
2025-01-24,AmazonS3,us-west-2,GB-Month,57.1572,51.53
2025-01-24,AmazonS3,eu-west-1,GB-Month,53.8342,54.1
2025-01-24,AmazonS3,ap-south-1,GB-Month,26.7083,28.22
2025-01-24,AmazonRDS,us-east-1,InstanceHours,298.0687,365.05
2025-01-24,AmazonRDS,us-west-2,InstanceHours,174.4799,149.44
2025-01-24,AmazonRDS,eu-west-1,InstanceHours,157.8105,165.5
2025-01-24,AmazonRDS,ap-south-1,InstanceHours,89.2058,90.22
2025-01-24,AWSLambda,us-east-1,Requests(M),37.9408,37.42
2025-01-24,AWSLambda,us-west-2,Requests(M),25.1133,31.08
2025-01-24,AWSLambda,eu-west-1,Requests(M),19.9893,18.39
2025-01-24,AWSLambda,ap-south-1,Requests(M),10.6601,10.32
2025-01-24,AmazonCloudFront,us-east-1,GB-Transfer,65.3834,69.41
2025-01-24,AmazonCloudFront,us-west-2,GB-Transfer,36.1869,36.25
2025-01-24,AmazonCloudFront,eu-west-1,GB-Transfer,34.0435,40.84
2025-01-24,AmazonCloudFront,ap-south-1,GB-Transfer,20.6097,17.83
2025-01-24,AmazonEBS,us-east-1,GB-Month,93.9845,109.79
2025-01-24,AmazonEBS,us-west-2,GB-Month,48.9533,45.82
2025-01-24,AmazonEBS,eu-west-1,GB-Month,40.2559,49.9
2025-01-24,AmazonEBS,ap-south-1,GB-Month,21.8289,25.36
2025-01-24,AmazonDynamoDB,us-east-1,RCU/WCU,54.389,64.75
2025-01-24,AmazonDynamoDB,us-west-2,RCU/WCU,32.3403,30.03
2025-01-24,AmazonDynamoDB,eu-west-1,RCU/WCU,27.8092,32.48
2025-01-24,AmazonDynamoDB,ap-south-1,RCU/WCU,16.1329,13.69
2025-01-25,AmazonEC2,us-east-1,InstanceHours,384.0233,327.47
2025-01-25,AmazonEC2,us-west-2,InstanceHours,238.2127,236.04
2025-01-25,AmazonEC2,eu-west-1,InstanceHours,195.3388,235.14
2025-01-25,AmazonEC2,ap-south-1,InstanceHours,115.0329,120.18
2025-01-25,AmazonS3,us-east-1,GB-Month,82.0986,86.1
2025-01-25,AmazonS3,us-west-2,GB-Month,58.961,69.56
2025-01-25,AmazonS3,eu-west-1,GB-Month,40.956,36.47
2025-01-25,AmazonS3,ap-south-1,GB-Month,24.8583,29.1
2025-01-25,AmazonRDS,us-east-1,InstanceHours,210.7943,236.74
2025-01-25,AmazonRDS,us-west-2,InstanceHours,158.6806,150.3
2025-01-25,AmazonRDS,eu-west-1,InstanceHours,99.9377,96.36
2025-01-25,AmazonRDS,ap-south-1,InstanceHours,67.535,67.77
2025-01-25,AWSLambda,us-east-1,Requests(M),34.3025,32.12
2025-01-25,AWSLambda,us-west-2,Requests(M),16.872,20.81
2025-01-25,AWSLambda,eu-west-1,Requests(M),15.53,17.76
2025-01-25,AWSLambda,ap-south-1,Requests(M),9.8201,9.59
2025-01-25,AmazonCloudFront,us-east-1,GB-Transfer,55.7464,53.95
2025-01-25,AmazonCloudFront,us-west-2,GB-Transfer,31.8718,37.11
2025-01-25,AmazonCloudFront,eu-west-1,GB-Transfer,29.922,25.77
2025-01-25,AmazonCloudFront,ap-south-1,GB-Transfer,18.044,22.46
2025-01-25,AmazonEBS,us-east-1,GB-Month,73.6807,68.97
2025-01-25,AmazonEBS,us-west-2,GB-Month,40.5845,35.05
2025-01-25,AmazonEBS,eu-west-1,GB-Month,35.5993,34.64
2025-01-25,AmazonEBS,ap-south-1,GB-Month,20.099,24.68
2025-01-25,AmazonDynamoDB,us-east-1,RCU/WCU,56.1291,64.04
2025-01-25,AmazonDynamoDB,us-west-2,RCU/WCU,28.8566,31.73
2025-01-25,AmazonDynamoDB,eu-west-1,RCU/WCU,22.5575,19.73
2025-01-25,AmazonDynamoDB,ap-south-1,RCU/WCU,16.5428,17.66
2025-01-26,AmazonEC2,us-east-1,InstanceHours,382.6212,471.79
2025-01-26,AmazonEC2,us-west-2,InstanceHours,241.6366,265.69
2025-01-26,AmazonEC2,eu-west-1,InstanceHours,209.7358,193.44
2025-01-26,AmazonEC2,ap-south-1,InstanceHours,112.9309,94.69
2025-01-26,AmazonS3,us-east-1,GB-Month,80.1969,74.29
2025-01-26,AmazonS3,us-west-2,GB-Month,57.4505,47.88
2025-01-26,AmazonS3,eu-west-1,GB-Month,45.5955,38.79
2025-01-26,AmazonS3,ap-south-1,GB-Month,26.9639,31.89
2025-01-26,AmazonRDS,us-east-1,InstanceHours,259.5855,219.66
2025-01-26,AmazonRDS,us-west-2,InstanceHours,151.9101,171.77
2025-01-26,AmazonRDS,eu-west-1,InstanceHours,141.8125,157.75
2025-01-26,AmazonRDS,ap-south-1,InstanceHours,73.5188,70.68
2025-01-26,AWSLambda,us-east-1,Requests(M),30.7042,31.44
2025-01-26,AWSLambda,us-west-2,Requests(M),17.8294,17.62
2025-01-26,AWSLambda,eu-west-1,Requests(M),15.9079,17.3
2025-01-26,AWSLambda,ap-south-1,Requests(M),7.5002,8.68
2025-01-26,AmazonCloudFront,us-east-1,GB-Transfer,62.5986,72.14
2025-01-26,AmazonCloudFront,us-west-2,GB-Transfer,34.8859,41.36
2025-01-26,AmazonCloudFront,eu-west-1,GB-Transfer,26.2994,22.28
2025-01-26,AmazonCloudFront,ap-south-1,GB-Transfer,18.3482,16.9
2025-01-26,AmazonEBS,us-east-1,GB-Month,63.6661,63.07
2025-01-26,AmazonEBS,us-west-2,GB-Month,38.9187,46.8
2025-01-26,AmazonEBS,eu-west-1,GB-Month,35.4413,44.07
2025-01-26,AmazonEBS,ap-south-1,GB-Month,23.7436,22.2
2025-01-26,AmazonDynamoDB,us-east-1,RCU/WCU,48.4092,54.66
2025-01-26,AmazonDynamoDB,us-west-2,RCU/WCU,22.0741,21.63
2025-01-26,AmazonDynamoDB,eu-west-1,RCU/WCU,21.6667,24.09
2025-01-26,AmazonDynamoDB,ap-south-1,RCU/WCU,13.1734,13.85
2025-01-27,AmazonEC2,us-east-1,InstanceHours,471.6549,447.17
2025-01-27,AmazonEC2,us-west-2,InstanceHours,247.0318,244.89
2025-01-27,AmazonEC2,eu-west-1,InstanceHours,207.3718,208.35
2025-01-27,AmazonEC2,ap-south-1,InstanceHours,136.061,141.66
2025-01-27,AmazonS3,us-east-1,GB-Month,104.5635,122.5
2025-01-27,AmazonS3,us-west-2,GB-Month,63.11,75.54
2025-01-27,AmazonS3,eu-west-1,GB-Month,50.0328,43.77
2025-01-27,AmazonS3,ap-south-1,GB-Month,31.9575,38.82
2025-01-27,AmazonRDS,us-east-1,InstanceHours,345.8185,302.21
2025-01-27,AmazonRDS,us-west-2,InstanceHours,195.9934,233.59
2025-01-27,AmazonRDS,eu-west-1,InstanceHours,137.6452,120.07
2025-01-27,AmazonRDS,ap-south-1,InstanceHours,76.1843,64.81
2025-01-27,AWSLambda,us-east-1,Requests(M),37.4184,33.06
2025-01-27,AWSLambda,us-west-2,Requests(M),21.447,18.54
2025-01-27,AWSLambda,eu-west-1,Requests(M),20.0357,17.17
2025-01-27,AWSLambda,ap-south-1,Requests(M),10.5061,10.66
2025-01-27,AmazonCloudFront,us-east-1,GB-Transfer,65.7659,69.2
2025-01-27,AmazonCloudFront,us-west-2,GB-Transfer,36.7685,35.66
2025-01-27,AmazonCloudFront,eu-west-1,GB-Transfer,32.2807,26.95
2025-01-27,AmazonCloudFront,ap-south-1,GB-Transfer,19.8237,19.48
2025-01-27,AmazonEBS,us-east-1,GB-Month,86.9222,100.8
2025-01-27,AmazonEBS,us-west-2,GB-Month,49.5841,56.62
2025-01-27,AmazonEBS,eu-west-1,GB-Month,39.4103,35.2
2025-01-27,AmazonEBS,ap-south-1,GB-Month,26.4289,29.09
2025-01-27,AmazonDynamoDB,us-east-1,RCU/WCU,55.334,62.97
2025-01-27,AmazonDynamoDB,us-west-2,RCU/WCU,31.7676,28.8
2025-01-27,AmazonDynamoDB,eu-west-1,RCU/WCU,29.0354,26.08
2025-01-27,AmazonDynamoDB,ap-south-1,RCU/WCU,16.8571,19.32
2025-01-28,AmazonEC2,us-east-1,InstanceHours,484.3938,453.73
2025-01-28,AmazonEC2,us-west-2,InstanceHours,304.2458,268.55
2025-01-28,AmazonEC2,eu-west-1,InstanceHours,211.1174,200.18
2025-01-28,AmazonEC2,ap-south-1,InstanceHours,166.5033,181.14
2025-01-28,AmazonS3,us-east-1,GB-Month,102.8813,115.14
2025-01-28,AmazonS3,us-west-2,GB-Month,54.0651,64.98
2025-01-28,AmazonS3,eu-west-1,GB-Month,54.9186,57.8
2025-01-28,AmazonS3,ap-south-1,GB-Month,28.1325,28.29
2025-01-28,AmazonRDS,us-east-1,InstanceHours,327.1718,347.15
2025-01-28,AmazonRDS,us-west-2,InstanceHours,157.6178,132.95
2025-01-28,AmazonRDS,eu-west-1,InstanceHours,142.5238,140.48
2025-01-28,AmazonRDS,ap-south-1,InstanceHours,91.7742,83.67
2025-01-28,AWSLambda,us-east-1,Requests(M),40.7018,37.46
2025-01-28,AWSLambda,us-west-2,Requests(M),23.8156,19.86
2025-01-28,AWSLambda,eu-west-1,Requests(M),20.9116,19.38
2025-01-28,AWSLambda,ap-south-1,Requests(M),11.1728,10.38
2025-01-28,AmazonCloudFront,us-east-1,GB-Transfer,72.0418,62.1
2025-01-28,AmazonCloudFront,us-west-2,GB-Transfer,37.6791,42.46
2025-01-28,AmazonCloudFront,eu-west-1,GB-Transfer,29.5145,24.68
2025-01-28,AmazonCloudFront,ap-south-1,GB-Transfer,22.4278,22.62
2025-01-28,AmazonEBS,us-east-1,GB-Month,79.0495,74.47
2025-01-28,AmazonEBS,us-west-2,GB-Month,44.4467,53.52
2025-01-28,AmazonEBS,eu-west-1,GB-Month,43.6699,38.3
2025-01-28,AmazonEBS,ap-south-1,GB-Month,25.1843,30.45
2025-01-28,AmazonDynamoDB,us-east-1,RCU/WCU,56.7825,70.22
2025-01-28,AmazonDynamoDB,us-west-2,RCU/WCU,32.2562,36.11
2025-01-28,AmazonDynamoDB,eu-west-1,RCU/WCU,28.7217,25.8
2025-01-28,AmazonDynamoDB,ap-south-1,RCU/WCU,18.5412,16.88
2025-01-29,AmazonEC2,us-east-1,InstanceHours,475.0162,449.1
2025-01-29,AmazonEC2,us-west-2,InstanceHours,244.9745,282.41
2025-01-29,AmazonEC2,eu-west-1,InstanceHours,231.8469,281.69
2025-01-29,AmazonEC2,ap-south-1,InstanceHours,144.1291,122.67
2025-01-29,AmazonS3,us-east-1,GB-Month,112.7876,111.66
2025-01-29,AmazonS3,us-west-2,GB-Month,63.1358,55.68
2025-01-29,AmazonS3,eu-west-1,GB-Month,46.5139,42.97
2025-01-29,AmazonS3,ap-south-1,GB-Month,29.6969,31.02
2025-01-29,AmazonRDS,us-east-1,InstanceHours,305.4663,318.85
2025-01-29,AmazonRDS,us-west-2,InstanceHours,179.5581,175.06
2025-01-29,AmazonRDS,eu-west-1,InstanceHours,150.4089,186.88
2025-01-29,AmazonRDS,ap-south-1,InstanceHours,77.1528,77.5
2025-01-29,AWSLambda,us-east-1,Requests(M),40.7224,42.75
2025-01-29,AWSLambda,us-west-2,Requests(M),23.6286,21.36
2025-01-29,AWSLambda,eu-west-1,Requests(M),20.4345,21.3
2025-01-29,AWSLambda,ap-south-1,Requests(M),11.7531,12.67
2025-01-29,AmazonCloudFront,us-east-1,GB-Transfer,65.505,81.72
2025-01-29,AmazonCloudFront,us-west-2,GB-Transfer,43.3198,45.09
2025-01-29,AmazonCloudFront,eu-west-1,GB-Transfer,34.3798,32.08
2025-01-29,AmazonCloudFront,ap-south-1,GB-Transfer,18.0323,18.12
2025-01-29,AmazonEBS,us-east-1,GB-Month,83.6124,73.55
2025-01-29,AmazonEBS,us-west-2,GB-Month,48.4229,44.5
2025-01-29,AmazonEBS,eu-west-1,GB-Month,39.9253,34.55
2025-01-29,AmazonEBS,ap-south-1,GB-Month,25.8621,27.84
2025-01-29,AmazonDynamoDB,us-east-1,RCU/WCU,56.0,62.74
2025-01-29,AmazonDynamoDB,us-west-2,RCU/WCU,34.4282,38.22
2025-01-29,AmazonDynamoDB,eu-west-1,RCU/WCU,29.7145,34.56
2025-01-29,AmazonDynamoDB,ap-south-1,RCU/WCU,16.4697,14.57
2025-01-30,AmazonEC2,us-east-1,InstanceHours,497.4679,425.87
2025-01-30,AmazonEC2,us-west-2,InstanceHours,264.9199,272.83
2025-01-30,AmazonEC2,eu-west-1,InstanceHours,253.825,250.87
2025-01-30,AmazonEC2,ap-south-1,InstanceHours,133.3962,124.23
2025-01-30,AmazonS3,us-east-1,GB-Month,91.1525,80.1
2025-01-30,AmazonS3,us-west-2,GB-Month,61.4317,69.94
2025-01-30,AmazonS3,eu-west-1,GB-Month,49.5545,45.32
2025-01-30,AmazonS3,ap-south-1,GB-Month,30.0123,32.84
2025-01-30,AmazonRDS,us-east-1,InstanceHours,260.7276,237.21
2025-01-30,AmazonRDS,us-west-2,InstanceHours,157.0897,153.6
2025-01-30,AmazonRDS,eu-west-1,InstanceHours,139.598,129.64
2025-01-30,AmazonRDS,ap-south-1,InstanceHours,91.0233,82.66
2025-01-30,AWSLambda,us-east-1,Requests(M),37.7121,37.97
2025-01-30,AWSLambda,us-west-2,Requests(M),21.1796,22.48
2025-01-30,AWSLambda,eu-west-1,Requests(M),21.16,23.87
2025-01-30,AWSLambda,ap-south-1,Requests(M),10.559,9.74
2025-01-30,AmazonCloudFront,us-east-1,GB-Transfer,66.8626,64.01
2025-01-30,AmazonCloudFront,us-west-2,GB-Transfer,42.0325,50.79
2025-01-30,AmazonCloudFront,eu-west-1,GB-Transfer,32.0492,30.64
2025-01-30,AmazonCloudFront,ap-south-1,GB-Transfer,21.012,17.63
2025-01-30,AmazonEBS,us-east-1,GB-Month,93.2069,95.29
2025-01-30,AmazonEBS,us-west-2,GB-Month,52.3597,63.53
2025-01-30,AmazonEBS,eu-west-1,GB-Month,41.1859,40.95
2025-01-30,AmazonEBS,ap-south-1,GB-Month,25.0223,24.09
2025-01-30,AmazonDynamoDB,us-east-1,RCU/WCU,46.2513,46.85
2025-01-30,AmazonDynamoDB,us-west-2,RCU/WCU,31.7105,34.3
2025-01-30,AmazonDynamoDB,eu-west-1,RCU/WCU,23.233,22.63
2025-01-30,AmazonDynamoDB,ap-south-1,RCU/WCU,15.4193,17.22
2025-01-31,AmazonEC2,us-east-1,InstanceHours,464.12,528.81
2025-01-31,AmazonEC2,us-west-2,InstanceHours,285.209,287.85
2025-01-31,AmazonEC2,eu-west-1,InstanceHours,241.583,278.38
2025-01-31,AmazonEC2,ap-south-1,InstanceHours,160.6405,142.54
2025-01-31,AmazonS3,us-east-1,GB-Month,88.0883,77.87
2025-01-31,AmazonS3,us-west-2,GB-Month,55.3353,52.43
2025-01-31,AmazonS3,eu-west-1,GB-Month,50.7627,46.3
2025-01-31,AmazonS3,ap-south-1,GB-Month,31.7442,27.98
2025-01-31,AmazonRDS,us-east-1,InstanceHours,272.1656,271.23
2025-01-31,AmazonRDS,us-west-2,InstanceHours,174.7785,209.82
2025-01-31,AmazonRDS,eu-west-1,InstanceHours,147.4523,124.81
2025-01-31,AmazonRDS,ap-south-1,InstanceHours,97.7656,111.96
2025-01-31,AWSLambda,us-east-1,Requests(M),34.6227,33.11
2025-01-31,AWSLambda,us-west-2,Requests(M),24.0989,22.13
2025-01-31,AWSLambda,eu-west-1,Requests(M),20.6261,18.07
2025-01-31,AWSLambda,ap-south-1,Requests(M),12.148,14.62
2025-01-31,AmazonCloudFront,us-east-1,GB-Transfer,73.1864,73.23
2025-01-31,AmazonCloudFront,us-west-2,GB-Transfer,36.3192,41.45
2025-01-31,AmazonCloudFront,eu-west-1,GB-Transfer,27.4186,28.68
2025-01-31,AmazonCloudFront,ap-south-1,GB-Transfer,21.8482,19.44
2025-01-31,AmazonEBS,us-east-1,GB-Month,80.4168,97.69
2025-01-31,AmazonEBS,us-west-2,GB-Month,49.4372,43.27
2025-01-31,AmazonEBS,eu-west-1,GB-Month,41.6099,44.0
2025-01-31,AmazonEBS,ap-south-1,GB-Month,25.1154,21.37
2025-01-31,AmazonDynamoDB,us-east-1,RCU/WCU,59.4189,53.71
2025-01-31,AmazonDynamoDB,us-west-2,RCU/WCU,34.3327,36.08
2025-01-31,AmazonDynamoDB,eu-west-1,RCU/WCU,24.6233,26.86
2025-01-31,AmazonDynamoDB,ap-south-1,RCU/WCU,16.4528,14.81
2025-02-01,AmazonEC2,us-east-1,InstanceHours,409.7418,415.53
2025-02-01,AmazonEC2,us-west-2,InstanceHours,250.3319,299.94
2025-02-01,AmazonEC2,eu-west-1,InstanceHours,197.4169,200.32
2025-02-01,AmazonEC2,ap-south-1,InstanceHours,114.6574,109.86
2025-02-01,AmazonS3,us-east-1,GB-Month,92.5682,91.29
2025-02-01,AmazonS3,us-west-2,GB-Month,49.7926,58.43
2025-02-01,AmazonS3,eu-west-1,GB-Month,45.0646,44.58
2025-02-01,AmazonS3,ap-south-1,GB-Month,27.5969,27.44
2025-02-01,AmazonRDS,us-east-1,InstanceHours,252.4806,216.81
2025-02-01,AmazonRDS,us-west-2,InstanceHours,140.6338,167.96
2025-02-01,AmazonRDS,eu-west-1,InstanceHours,128.2438,140.35
2025-02-01,AmazonRDS,ap-south-1,InstanceHours,72.6746,68.46
2025-02-01,AWSLambda,us-east-1,Requests(M),39.633,41.01
2025-02-01,AWSLambda,us-west-2,Requests(M),21.3611,23.22
2025-02-01,AWSLambda,eu-west-1,Requests(M),17.7477,16.78
2025-02-01,AWSLambda,ap-south-1,Requests(M),10.9367,12.19
2025-02-01,AmazonCloudFront,us-east-1,GB-Transfer,48.2214,57.35
2025-02-01,AmazonCloudFront,us-west-2,GB-Transfer,34.0271,41.24
2025-02-01,AmazonCloudFront,eu-west-1,GB-Transfer,31.1008,26.64
2025-02-01,AmazonCloudFront,ap-south-1,GB-Transfer,16.3799,14.14
2025-02-01,AmazonEBS,us-east-1,GB-Month,62.7925,56.1
2025-02-01,AmazonEBS,us-west-2,GB-Month,43.3411,48.95
2025-02-01,AmazonEBS,eu-west-1,GB-Month,33.1715,32.97
2025-02-01,AmazonEBS,ap-south-1,GB-Month,20.096,21.64
2025-02-01,AmazonDynamoDB,us-east-1,RCU/WCU,46.9873,40.87
2025-02-01,AmazonDynamoDB,us-west-2,RCU/WCU,25.8448,25.14
2025-02-01,AmazonDynamoDB,eu-west-1,RCU/WCU,23.3896,26.98
2025-02-01,AmazonDynamoDB,ap-south-1,RCU/WCU,14.5864,14.16
2025-02-02,AmazonEC2,us-east-1,InstanceHours,465.6244,416.54
2025-02-02,AmazonEC2,us-west-2,InstanceHours,230.8673,209.78
2025-02-02,AmazonEC2,eu-west-1,InstanceHours,197.6874,223.99
2025-02-02,AmazonEC2,ap-south-1,InstanceHours,125.7749,123.26
2025-02-02,AmazonS3,us-east-1,GB-Month,83.4025,94.44
2025-02-02,AmazonS3,us-west-2,GB-Month,48.8888,51.0
2025-02-02,AmazonS3,eu-west-1,GB-Month,46.7005,43.11
2025-02-02,AmazonS3,ap-south-1,GB-Month,28.9982,27.25
2025-02-02,AmazonRDS,us-east-1,InstanceHours,240.6957,282.57
2025-02-02,AmazonRDS,us-west-2,InstanceHours,140.9527,123.95
2025-02-02,AmazonRDS,eu-west-1,InstanceHours,116.0514,123.92
2025-02-02,AmazonRDS,ap-south-1,InstanceHours,78.0821,65.8
2025-02-02,AWSLambda,us-east-1,Requests(M),36.7723,40.59
2025-02-02,AWSLambda,us-west-2,Requests(M),20.6396,23.35
2025-02-02,AWSLambda,eu-west-1,Requests(M),17.569,16.38
2025-02-02,AWSLambda,ap-south-1,Requests(M),10.8291,10.61
2025-02-02,AmazonCloudFront,us-east-1,GB-Transfer,64.5913,71.14
2025-02-02,AmazonCloudFront,us-west-2,GB-Transfer,35.4812,37.7
2025-02-02,AmazonCloudFront,eu-west-1,GB-Transfer,27.6749,27.17
2025-02-02,AmazonCloudFront,ap-south-1,GB-Transfer,18.1686,16.81
2025-02-02,AmazonEBS,us-east-1,GB-Month,78.0757,69.57
2025-02-02,AmazonEBS,us-west-2,GB-Month,41.9993,38.45
2025-02-02,AmazonEBS,eu-west-1,GB-Month,30.0463,28.79
2025-02-02,AmazonEBS,ap-south-1,GB-Month,20.7115,18.0
2025-02-02,AmazonDynamoDB,us-east-1,RCU/WCU,43.0437,36.14
2025-02-02,AmazonDynamoDB,us-west-2,RCU/WCU,23.0077,21.48
2025-02-02,AmazonDynamoDB,eu-west-1,RCU/WCU,23.1036,22.51
2025-02-02,AmazonDynamoDB,ap-south-1,RCU/WCU,14.1982,16.93
2025-02-03,AmazonEC2,us-east-1,InstanceHours,489.4563,497.31
2025-02-03,AmazonEC2,us-west-2,InstanceHours,297.3836,306.05
2025-02-03,AmazonEC2,eu-west-1,InstanceHours,229.4682,255.08
2025-02-03,AmazonEC2,ap-south-1,InstanceHours,147.5796,125.53
2025-02-03,AmazonS3,us-east-1,GB-Month,104.7452,119.29
2025-02-03,AmazonS3,us-west-2,GB-Month,62.7631,73.21
2025-02-03,AmazonS3,eu-west-1,GB-Month,47.4634,43.48
2025-02-03,AmazonS3,ap-south-1,GB-Month,32.0984,35.63
2025-02-03,AmazonRDS,us-east-1,InstanceHours,296.0421,329.7
2025-02-03,AmazonRDS,us-west-2,InstanceHours,174.0904,183.15
2025-02-03,AmazonRDS,eu-west-1,InstanceHours,138.0561,138.62
2025-02-03,AmazonRDS,ap-south-1,InstanceHours,85.0536,89.39
2025-02-03,AWSLambda,us-east-1,Requests(M),42.0988,41.37
2025-02-03,AWSLambda,us-west-2,Requests(M),24.5873,30.25
2025-02-03,AWSLambda,eu-west-1,Requests(M),18.7279,17.9
2025-02-03,AWSLambda,ap-south-1,Requests(M),11.9,11.08
2025-02-03,AmazonCloudFront,us-east-1,GB-Transfer,69.9998,60.11
2025-02-03,AmazonCloudFront,us-west-2,GB-Transfer,38.7302,34.42
2025-02-03,AmazonCloudFront,eu-west-1,GB-Transfer,35.6158,30.55
2025-02-03,AmazonCloudFront,ap-south-1,GB-Transfer,17.4394,18.79
2025-02-03,AmazonEBS,us-east-1,GB-Month,88.9756,75.92
2025-02-03,AmazonEBS,us-west-2,GB-Month,53.101,62.68
2025-02-03,AmazonEBS,eu-west-1,GB-Month,42.9906,49.36
2025-02-03,AmazonEBS,ap-south-1,GB-Month,24.8054,23.12
2025-02-03,AmazonDynamoDB,us-east-1,RCU/WCU,52.2158,57.12
2025-02-03,AmazonDynamoDB,us-west-2,RCU/WCU,33.7659,33.49
2025-02-03,AmazonDynamoDB,eu-west-1,RCU/WCU,29.0195,27.67
2025-02-03,AmazonDynamoDB,ap-south-1,RCU/WCU,17.8385,17.87
2025-02-04,AmazonEC2,us-east-1,InstanceHours,444.6998,461.48
2025-02-04,AmazonEC2,us-west-2,InstanceHours,274.0869,337.79
2025-02-04,AmazonEC2,eu-west-1,InstanceHours,229.0147,236.72
2025-02-04,AmazonEC2,ap-south-1,InstanceHours,125.2377,153.16
2025-02-04,AmazonS3,us-east-1,GB-Month,110.7072,133.18
2025-02-04,AmazonS3,us-west-2,GB-Month,71.1353,60.42
2025-02-04,AmazonS3,eu-west-1,GB-Month,55.7846,58.07
2025-02-04,AmazonS3,ap-south-1,GB-Month,28.3642,34.24
2025-02-04,AmazonRDS,us-east-1,InstanceHours,332.7731,347.62
2025-02-04,AmazonRDS,us-west-2,InstanceHours,172.4078,194.4
2025-02-04,AmazonRDS,eu-west-1,InstanceHours,154.4182,132.09
2025-02-04,AmazonRDS,ap-south-1,InstanceHours,92.1819,96.99
2025-02-04,AWSLambda,us-east-1,Requests(M),32.0713,35.52
2025-02-04,AWSLambda,us-west-2,Requests(M),23.7154,21.55
2025-02-04,AWSLambda,eu-west-1,Requests(M),18.2886,19.02
2025-02-04,AWSLambda,ap-south-1,Requests(M),10.004,9.22
2025-02-04,AmazonCloudFront,us-east-1,GB-Transfer,68.4958,69.28
2025-02-04,AmazonCloudFront,us-west-2,GB-Transfer,42.268,38.02
2025-02-04,AmazonCloudFront,eu-west-1,GB-Transfer,32.15,38.35
2025-02-04,AmazonCloudFront,ap-south-1,GB-Transfer,20.4391,25.07
2025-02-04,AmazonEBS,us-east-1,GB-Month,92.629,100.11
2025-02-04,AmazonEBS,us-west-2,GB-Month,49.7139,52.13
2025-02-04,AmazonEBS,eu-west-1,GB-Month,37.8964,44.75
2025-02-04,AmazonEBS,ap-south-1,GB-Month,26.9426,33.41
2025-02-04,AmazonDynamoDB,us-east-1,RCU/WCU,54.5636,53.46
2025-02-04,AmazonDynamoDB,us-west-2,RCU/WCU,31.967,38.72
2025-02-04,AmazonDynamoDB,eu-west-1,RCU/WCU,27.4636,26.09
2025-02-04,AmazonDynamoDB,ap-south-1,RCU/WCU,16.4329,15.71
2025-02-05,AmazonEC2,us-east-1,InstanceHours,409.8117,432.09
2025-02-05,AmazonEC2,us-west-2,InstanceHours,289.6368,345.35
2025-02-05,AmazonEC2,eu-west-1,InstanceHours,241.0194,202.22
2025-02-05,AmazonEC2,ap-south-1,InstanceHours,138.7185,130.98
2025-02-05,AmazonS3,us-east-1,GB-Month,102.6584,126.23
2025-02-05,AmazonS3,us-west-2,GB-Month,63.7361,53.17
2025-02-05,AmazonS3,eu-west-1,GB-Month,51.5877,57.25
2025-02-05,AmazonS3,ap-south-1,GB-Month,28.6752,29.97
2025-02-05,AmazonRDS,us-east-1,InstanceHours,271.3071,301.38
2025-02-05,AmazonRDS,us-west-2,InstanceHours,202.145,216.48
2025-02-05,AmazonRDS,eu-west-1,InstanceHours,149.3265,133.39
2025-02-05,AmazonRDS,ap-south-1,InstanceHours,86.5887,88.05
2025-02-05,AWSLambda,us-east-1,Requests(M),40.9221,47.43
2025-02-05,AWSLambda,us-west-2,Requests(M),22.5228,25.47
2025-02-05,AWSLambda,eu-west-1,Requests(M),20.9716,24.59
2025-02-05,AWSLambda,ap-south-1,Requests(M),11.4701,13.51
2025-02-05,AmazonCloudFront,us-east-1,GB-Transfer,57.56,56.02
2025-02-05,AmazonCloudFront,us-west-2,GB-Transfer,40.1641,40.96
2025-02-05,AmazonCloudFront,eu-west-1,GB-Transfer,31.0043,36.2
2025-02-05,AmazonCloudFront,ap-south-1,GB-Transfer,19.8989,17.63
2025-02-05,AmazonEBS,us-east-1,GB-Month,82.051,97.06
2025-02-05,AmazonEBS,us-west-2,GB-Month,52.1008,63.43
2025-02-05,AmazonEBS,eu-west-1,GB-Month,47.1281,49.65
2025-02-05,AmazonEBS,ap-south-1,GB-Month,26.7473,24.95
2025-02-05,AmazonDynamoDB,us-east-1,RCU/WCU,57.4218,69.52
2025-02-05,AmazonDynamoDB,us-west-2,RCU/WCU,34.0173,38.79
2025-02-05,AmazonDynamoDB,eu-west-1,RCU/WCU,28.7864,34.54
2025-02-05,AmazonDynamoDB,ap-south-1,RCU/WCU,18.6497,20.51
2025-02-06,AmazonEC2,us-east-1,InstanceHours,490.4948,543.05
2025-02-06,AmazonEC2,us-west-2,InstanceHours,242.0896,291.96
2025-02-06,AmazonEC2,eu-west-1,InstanceHours,217.8825,222.11
2025-02-06,AmazonEC2,ap-south-1,InstanceHours,153.0538,179.84
2025-02-06,AmazonS3,us-east-1,GB-Month,103.164,88.89
2025-02-06,AmazonS3,us-west-2,GB-Month,67.0285,67.15
2025-02-06,AmazonS3,eu-west-1,GB-Month,53.2248,57.28
2025-02-06,AmazonS3,ap-south-1,GB-Month,30.5387,32.27
2025-02-06,AmazonRDS,us-east-1,InstanceHours,293.6811,269.74
2025-02-06,AmazonRDS,us-west-2,InstanceHours,167.1344,150.65
2025-02-06,AmazonRDS,eu-west-1,InstanceHours,143.4497,164.74
2025-02-06,AmazonRDS,ap-south-1,InstanceHours,79.269,74.44
2025-02-06,AWSLambda,us-east-1,Requests(M),36.8215,32.29
2025-02-06,AWSLambda,us-west-2,Requests(M),21.6771,22.04
2025-02-06,AWSLambda,eu-west-1,Requests(M),19.5921,23.5
2025-02-06,AWSLambda,ap-south-1,Requests(M),11.343,9.5
2025-02-06,AmazonCloudFront,us-east-1,GB-Transfer,58.9983,57.53
2025-02-06,AmazonCloudFront,us-west-2,GB-Transfer,42.1009,50.68
2025-02-06,AmazonCloudFront,eu-west-1,GB-Transfer,32.6479,35.09
2025-02-06,AmazonCloudFront,ap-south-1,GB-Transfer,21.5118,26.43
2025-02-06,AmazonEBS,us-east-1,GB-Month,87.2642,88.71
2025-02-06,AmazonEBS,us-west-2,GB-Month,58.8952,50.64
2025-02-06,AmazonEBS,eu-west-1,GB-Month,42.0107,45.39
2025-02-06,AmazonEBS,ap-south-1,GB-Month,24.1419,27.68
2025-02-06,AmazonDynamoDB,us-east-1,RCU/WCU,52.5408,48.87
2025-02-06,AmazonDynamoDB,us-west-2,RCU/WCU,35.3563,37.62
2025-02-06,AmazonDynamoDB,eu-west-1,RCU/WCU,29.6846,36.43
2025-02-06,AmazonDynamoDB,ap-south-1,RCU/WCU,16.8276,16.83
2025-02-07,AmazonEC2,us-east-1,InstanceHours,480.5638,527.66
2025-02-07,AmazonEC2,us-west-2,InstanceHours,306.8083,319.9
2025-02-07,AmazonEC2,eu-west-1,InstanceHours,248.4318,304.29
2025-02-07,AmazonEC2,ap-south-1,InstanceHours,144.782,174.73
2025-02-07,AmazonS3,us-east-1,GB-Month,91.7667,101.29
2025-02-07,AmazonS3,us-west-2,GB-Month,56.9316,64.08
2025-02-07,AmazonS3,eu-west-1,GB-Month,49.0949,41.83
2025-02-07,AmazonS3,ap-south-1,GB-Month,29.5952,34.51
2025-02-07,AmazonRDS,us-east-1,InstanceHours,276.0391,235.29
2025-02-07,AmazonRDS,us-west-2,InstanceHours,164.1227,148.89
2025-02-07,AmazonRDS,eu-west-1,InstanceHours,142.9351,125.99
2025-02-07,AmazonRDS,ap-south-1,InstanceHours,88.532,91.91
2025-02-07,AWSLambda,us-east-1,Requests(M),40.7934,36.14
2025-02-07,AWSLambda,us-west-2,Requests(M),20.5267,18.47
2025-02-07,AWSLambda,eu-west-1,Requests(M),18.9183,23.48
2025-02-07,AWSLambda,ap-south-1,Requests(M),10.3533,8.99
2025-02-07,AmazonCloudFront,us-east-1,GB-Transfer,67.2434,72.17
2025-02-07,AmazonCloudFront,us-west-2,GB-Transfer,40.2951,42.54
2025-02-07,AmazonCloudFront,eu-west-1,GB-Transfer,33.3647,28.88
2025-02-07,AmazonCloudFront,ap-south-1,GB-Transfer,19.7841,24.42
2025-02-07,AmazonEBS,us-east-1,GB-Month,81.196,85.62
2025-02-07,AmazonEBS,us-west-2,GB-Month,50.0637,57.61
2025-02-07,AmazonEBS,eu-west-1,GB-Month,43.792,44.94
2025-02-07,AmazonEBS,ap-south-1,GB-Month,24.4945,26.93
2025-02-07,AmazonDynamoDB,us-east-1,RCU/WCU,51.2057,56.66
2025-02-07,AmazonDynamoDB,us-west-2,RCU/WCU,34.3181,33.69
2025-02-07,AmazonDynamoDB,eu-west-1,RCU/WCU,29.7002,29.8
2025-02-07,AmazonDynamoDB,ap-south-1,RCU/WCU,15.3052,13.8
2025-02-08,AmazonEC2,us-east-1,InstanceHours,359.9714,418.34
2025-02-08,AmazonEC2,us-west-2,InstanceHours,217.9866,193.92
2025-02-08,AmazonEC2,eu-west-1,InstanceHours,198.3742,195.42
2025-02-08,AmazonEC2,ap-south-1,InstanceHours,135.4285,164.39
2025-02-08,AmazonS3,us-east-1,GB-Month,95.4122,92.68
2025-02-08,AmazonS3,us-west-2,GB-Month,52.5205,57.96
2025-02-08,AmazonS3,eu-west-1,GB-Month,38.8542,38.17
2025-02-08,AmazonS3,ap-south-1,GB-Month,28.5968,28.74
2025-02-08,AmazonRDS,us-east-1,InstanceHours,276.5764,239.76
2025-02-08,AmazonRDS,us-west-2,InstanceHours,139.0475,173.36
2025-02-08,AmazonRDS,eu-west-1,InstanceHours,123.9582,114.74
2025-02-08,AmazonRDS,ap-south-1,InstanceHours,78.733,68.93
2025-02-08,AWSLambda,us-east-1,Requests(M),36.6578,42.08
2025-02-08,AWSLambda,us-west-2,Requests(M),19.7953,22.92
2025-02-08,AWSLambda,eu-west-1,Requests(M),17.804,15.39
2025-02-08,AWSLambda,ap-south-1,Requests(M),10.288,9.73
2025-02-08,AmazonCloudFront,us-east-1,GB-Transfer,47.7475,40.06
2025-02-08,AmazonCloudFront,us-west-2,GB-Transfer,35.1221,37.85
2025-02-08,AmazonCloudFront,eu-west-1,GB-Transfer,29.0594,27.85
2025-02-08,AmazonCloudFront,ap-south-1,GB-Transfer,19.4237,20.29
2025-02-08,AmazonEBS,us-east-1,GB-Month,71.8307,61.13
2025-02-08,AmazonEBS,us-west-2,GB-Month,44.5159,55.43
2025-02-08,AmazonEBS,eu-west-1,GB-Month,40.4864,36.87
2025-02-08,AmazonEBS,ap-south-1,GB-Month,22.3809,19.26
2025-02-08,AmazonDynamoDB,us-east-1,RCU/WCU,45.7589,38.46
2025-02-08,AmazonDynamoDB,us-west-2,RCU/WCU,28.4949,32.06
2025-02-08,AmazonDynamoDB,eu-west-1,RCU/WCU,22.4377,22.24
2025-02-08,AmazonDynamoDB,ap-south-1,RCU/WCU,14.2291,14.95
2025-02-09,AmazonEC2,us-east-1,InstanceHours,395.946,413.92
2025-02-09,AmazonEC2,us-west-2,InstanceHours,233.4515,195.2
2025-02-09,AmazonEC2,eu-west-1,InstanceHours,203.4347,170.25
2025-02-09,AmazonEC2,ap-south-1,InstanceHours,106.1953,95.09
2025-02-09,AmazonS3,us-east-1,GB-Month,98.904,117.16
2025-02-09,AmazonS3,us-west-2,GB-Month,50.9854,52.21
2025-02-09,AmazonS3,eu-west-1,GB-Month,42.9221,39.7
2025-02-09,AmazonS3,ap-south-1,GB-Month,28.556,26.0
2025-02-09,AmazonRDS,us-east-1,InstanceHours,258.3396,262.56
2025-02-09,AmazonRDS,us-west-2,InstanceHours,144.2522,163.17
2025-02-09,AmazonRDS,eu-west-1,InstanceHours,121.4247,110.37
2025-02-09,AmazonRDS,ap-south-1,InstanceHours,80.4863,78.97
2025-02-09,AWSLambda,us-east-1,Requests(M),36.512,35.32
2025-02-09,AWSLambda,us-west-2,Requests(M),19.2619,20.14
2025-02-09,AWSLambda,eu-west-1,Requests(M),18.4718,15.8
2025-02-09,AWSLambda,ap-south-1,Requests(M),8.9035,10.34
2025-02-09,AmazonCloudFront,us-east-1,GB-Transfer,64.0166,58.04
2025-02-09,AmazonCloudFront,us-west-2,GB-Transfer,35.3197,34.96
2025-02-09,AmazonCloudFront,eu-west-1,GB-Transfer,31.6323,27.84
2025-02-09,AmazonCloudFront,ap-south-1,GB-Transfer,18.0289,16.32
2025-02-09,AmazonEBS,us-east-1,GB-Month,69.1149,73.13
2025-02-09,AmazonEBS,us-west-2,GB-Month,42.6512,50.11
2025-02-09,AmazonEBS,eu-west-1,GB-Month,34.6529,42.19
2025-02-09,AmazonEBS,ap-south-1,GB-Month,20.3313,18.91
2025-02-09,AmazonDynamoDB,us-east-1,RCU/WCU,49.5125,41.75
2025-02-09,AmazonDynamoDB,us-west-2,RCU/WCU,24.8533,21.61
2025-02-09,AmazonDynamoDB,eu-west-1,RCU/WCU,23.5842,26.03
2025-02-09,AmazonDynamoDB,ap-south-1,RCU/WCU,14.4303,17.37
2025-02-10,AmazonEC2,us-east-1,InstanceHours,780.4136,457.72
2025-02-10,AmazonEC2,us-west-2,InstanceHours,290.289,242.66
2025-02-10,AmazonEC2,eu-west-1,InstanceHours,247.3854,240.46
2025-02-10,AmazonEC2,ap-south-1,InstanceHours,146.6918,127.74
2025-02-10,AmazonS3,us-east-1,GB-Month,104.6601,114.69
2025-02-10,AmazonS3,us-west-2,GB-Month,61.2352,58.99
2025-02-10,AmazonS3,eu-west-1,GB-Month,46.7971,40.63
2025-02-10,AmazonS3,ap-south-1,GB-Month,34.079,28.59
2025-02-10,AmazonRDS,us-east-1,InstanceHours,233.8817,236.54
2025-02-10,AmazonRDS,us-west-2,InstanceHours,172.7606,151.4
2025-02-10,AmazonRDS,eu-west-1,InstanceHours,140.8824,138.55
2025-02-10,AmazonRDS,ap-south-1,InstanceHours,88.2645,109.38
2025-02-10,AWSLambda,us-east-1,Requests(M),37.0569,37.48
2025-02-10,AWSLambda,us-west-2,Requests(M),25.6061,22.87
2025-02-10,AWSLambda,eu-west-1,Requests(M),17.426,18.63
2025-02-10,AWSLambda,ap-south-1,Requests(M),11.2672,9.4
2025-02-10,AmazonCloudFront,us-east-1,GB-Transfer,66.2109,72.06
2025-02-10,AmazonCloudFront,us-west-2,GB-Transfer,41.9507,46.94
2025-02-10,AmazonCloudFront,eu-west-1,GB-Transfer,34.9727,39.1
2025-02-10,AmazonCloudFront,ap-south-1,GB-Transfer,21.6743,22.8
2025-02-10,AmazonEBS,us-east-1,GB-Month,106.0693,91.8
2025-02-10,AmazonEBS,us-west-2,GB-Month,53.5583,56.25
2025-02-10,AmazonEBS,eu-west-1,GB-Month,41.5818,37.85
2025-02-10,AmazonEBS,ap-south-1,GB-Month,26.9482,22.99
2025-02-10,AmazonDynamoDB,us-east-1,RCU/WCU,55.4912,57.05
2025-02-10,AmazonDynamoDB,us-west-2,RCU/WCU,29.7094,28.12
2025-02-10,AmazonDynamoDB,eu-west-1,RCU/WCU,24.9535,21.56
2025-02-10,AmazonDynamoDB,ap-south-1,RCU/WCU,16.5139,13.93
2025-02-11,AmazonEC2,us-east-1,InstanceHours,825.01401,389.74
2025-02-11,AmazonEC2,us-west-2,InstanceHours,281.0724,260.53
2025-02-11,AmazonEC2,eu-west-1,InstanceHours,250.53,210.47
2025-02-11,AmazonEC2,ap-south-1,InstanceHours,137.6695,134.56
2025-02-11,AmazonS3,us-east-1,GB-Month,86.6252,83.79
2025-02-11,AmazonS3,us-west-2,GB-Month,63.2407,64.81
2025-02-11,AmazonS3,eu-west-1,GB-Month,48.769,54.12
2025-02-11,AmazonS3,ap-south-1,GB-Month,29.7927,33.89
2025-02-11,AmazonRDS,us-east-1,InstanceHours,344.1773,329.85
2025-02-11,AmazonRDS,us-west-2,InstanceHours,187.8641,196.66
2025-02-11,AmazonRDS,eu-west-1,InstanceHours,159.4989,161.03
2025-02-11,AmazonRDS,ap-south-1,InstanceHours,85.3947,71.45
2025-02-11,AWSLambda,us-east-1,Requests(M),45.386,55.34
2025-02-11,AWSLambda,us-west-2,Requests(M),22.0217,20.75
2025-02-11,AWSLambda,eu-west-1,Requests(M),17.353,16.92
2025-02-11,AWSLambda,ap-south-1,Requests(M),13.8219,16.02
2025-02-11,AmazonCloudFront,us-east-1,GB-Transfer,57.842,67.55
2025-02-11,AmazonCloudFront,us-west-2,GB-Transfer,39.0328,36.36
2025-02-11,AmazonCloudFront,eu-west-1,GB-Transfer,35.1773,32.93
2025-02-11,AmazonCloudFront,ap-south-1,GB-Transfer,19.7261,18.64
2025-02-11,AmazonEBS,us-east-1,GB-Month,80.0571,68.26
2025-02-11,AmazonEBS,us-west-2,GB-Month,50.7094,48.24
2025-02-11,AmazonEBS,eu-west-1,GB-Month,42.0483,38.79
2025-02-11,AmazonEBS,ap-south-1,GB-Month,25.5835,31.11
2025-02-11,AmazonDynamoDB,us-east-1,RCU/WCU,61.8148,55.62
2025-02-11,AmazonDynamoDB,us-west-2,RCU/WCU,35.3367,31.89
2025-02-11,AmazonDynamoDB,eu-west-1,RCU/WCU,27.6555,25.71
2025-02-11,AmazonDynamoDB,ap-south-1,RCU/WCU,17.2285,18.42
2025-02-12,AmazonEC2,us-east-1,InstanceHours,694.77604,393.02
2025-02-12,AmazonEC2,us-west-2,InstanceHours,280.2723,264.85
2025-02-12,AmazonEC2,eu-west-1,InstanceHours,242.7223,203.59
2025-02-12,AmazonEC2,ap-south-1,InstanceHours,133.4344,118.94
2025-02-12,AmazonS3,us-east-1,GB-Month,97.826,105.19
2025-02-12,AmazonS3,us-west-2,GB-Month,65.0568,64.62
2025-02-12,AmazonS3,eu-west-1,GB-Month,46.4631,42.79
2025-02-12,AmazonS3,ap-south-1,GB-Month,32.5995,31.9
2025-02-12,AmazonRDS,us-east-1,InstanceHours,330.399,330.26
2025-02-12,AmazonRDS,us-west-2,InstanceHours,169.9362,163.13
2025-02-12,AmazonRDS,eu-west-1,InstanceHours,134.3868,132.14
2025-02-12,AmazonRDS,ap-south-1,InstanceHours,82.9316,84.96
2025-02-12,AWSLambda,us-east-1,Requests(M),44.2012,41.07
2025-02-12,AWSLambda,us-west-2,Requests(M),21.6092,26.41
2025-02-12,AWSLambda,eu-west-1,Requests(M),18.0942,21.57
2025-02-12,AWSLambda,ap-south-1,Requests(M),10.1088,11.3
2025-02-12,AmazonCloudFront,us-east-1,GB-Transfer,65.1119,80.57
2025-02-12,AmazonCloudFront,us-west-2,GB-Transfer,41.0384,37.73
2025-02-12,AmazonCloudFront,eu-west-1,GB-Transfer,37.4425,32.02
2025-02-12,AmazonCloudFront,ap-south-1,GB-Transfer,19.6712,18.92
2025-02-12,AmazonEBS,us-east-1,GB-Month,87.7238,74.2
2025-02-12,AmazonEBS,us-west-2,GB-Month,47.9226,46.43
2025-02-12,AmazonEBS,eu-west-1,GB-Month,38.2087,40.11
2025-02-12,AmazonEBS,ap-south-1,GB-Month,27.7473,25.37
2025-02-12,AmazonDynamoDB,us-east-1,RCU/WCU,56.8676,50.96
2025-02-12,AmazonDynamoDB,us-west-2,RCU/WCU,35.3264,40.67
2025-02-12,AmazonDynamoDB,eu-west-1,RCU/WCU,28.3657,32.58
2025-02-12,AmazonDynamoDB,ap-south-1,RCU/WCU,14.8271,14.07
2025-02-13,AmazonEC2,us-east-1,InstanceHours,960.91379,450.25
2025-02-13,AmazonEC2,us-west-2,InstanceHours,267.0846,271.01
2025-02-13,AmazonEC2,eu-west-1,InstanceHours,244.5399,204.27
2025-02-13,AmazonEC2,ap-south-1,InstanceHours,128.9332,122.91
2025-02-13,AmazonS3,us-east-1,GB-Month,92.6157,82.31
2025-02-13,AmazonS3,us-west-2,GB-Month,57.5803,50.6
2025-02-13,AmazonS3,eu-west-1,GB-Month,47.0006,52.54
2025-02-13,AmazonS3,ap-south-1,GB-Month,27.4163,23.57
2025-02-13,AmazonRDS,us-east-1,InstanceHours,341.4545,353.4
2025-02-13,AmazonRDS,us-west-2,InstanceHours,175.2316,166.51
2025-02-13,AmazonRDS,eu-west-1,InstanceHours,127.2752,120.78
2025-02-13,AmazonRDS,ap-south-1,InstanceHours,79.5319,76.74
2025-02-13,AWSLambda,us-east-1,Requests(M),36.7471,38.79
2025-02-13,AWSLambda,us-west-2,Requests(M),22.6534,23.45
2025-02-13,AWSLambda,eu-west-1,Requests(M),20.7265,25.45
2025-02-13,AWSLambda,ap-south-1,Requests(M),11.9698,13.34
2025-02-13,AmazonCloudFront,us-east-1,GB-Transfer,67.2564,69.2
2025-02-13,AmazonCloudFront,us-west-2,GB-Transfer,35.804,32.8
2025-02-13,AmazonCloudFront,eu-west-1,GB-Transfer,35.0344,30.37
2025-02-13,AmazonCloudFront,ap-south-1,GB-Transfer,17.8141,15.3
2025-02-13,AmazonEBS,us-east-1,GB-Month,82.7197,94.1
2025-02-13,AmazonEBS,us-west-2,GB-Month,51.5748,64.26
2025-02-13,AmazonEBS,eu-west-1,GB-Month,43.099,49.27
2025-02-13,AmazonEBS,ap-south-1,GB-Month,25.5118,24.19
2025-02-13,AmazonDynamoDB,us-east-1,RCU/WCU,56.8842,53.73
2025-02-13,AmazonDynamoDB,us-west-2,RCU/WCU,33.9058,28.54
2025-02-13,AmazonDynamoDB,eu-west-1,RCU/WCU,25.148,24.72
2025-02-13,AmazonDynamoDB,ap-south-1,RCU/WCU,15.0289,15.76
2025-02-14,AmazonEC2,us-east-1,InstanceHours,952.9381599999999,534.69
2025-02-14,AmazonEC2,us-west-2,InstanceHours,301.2867,298.62
2025-02-14,AmazonEC2,eu-west-1,InstanceHours,215.8814,259.47
2025-02-14,AmazonEC2,ap-south-1,InstanceHours,143.0439,129.78
2025-02-14,AmazonS3,us-east-1,GB-Month,103.7749,126.06
2025-02-14,AmazonS3,us-west-2,GB-Month,60.5364,58.58
2025-02-14,AmazonS3,eu-west-1,GB-Month,54.3595,57.55
2025-02-14,AmazonS3,ap-south-1,GB-Month,29.1979,32.29
2025-02-14,AmazonRDS,us-east-1,InstanceHours,283.0821,350.9
2025-02-14,AmazonRDS,us-west-2,InstanceHours,188.6138,197.27
2025-02-14,AmazonRDS,eu-west-1,InstanceHours,131.0556,134.72
2025-02-14,AmazonRDS,ap-south-1,InstanceHours,92.8496,112.86
2025-02-14,AWSLambda,us-east-1,Requests(M),43.8419,45.42
2025-02-14,AWSLambda,us-west-2,Requests(M),24.4773,25.28
2025-02-14,AWSLambda,eu-west-1,Requests(M),19.4992,19.27
2025-02-14,AWSLambda,ap-south-1,Requests(M),10.6191,9.0
2025-02-14,AmazonCloudFront,us-east-1,GB-Transfer,68.0891,67.37
2025-02-14,AmazonCloudFront,us-west-2,GB-Transfer,38.0403,37.79
2025-02-14,AmazonCloudFront,eu-west-1,GB-Transfer,32.8512,40.24
2025-02-14,AmazonCloudFront,ap-south-1,GB-Transfer,20.7294,19.39
2025-02-14,AmazonEBS,us-east-1,GB-Month,78.4085,74.91
2025-02-14,AmazonEBS,us-west-2,GB-Month,46.0254,52.96
2025-02-14,AmazonEBS,eu-west-1,GB-Month,40.2539,40.92
2025-02-14,AmazonEBS,ap-south-1,GB-Month,20.0022,16.81
2025-02-14,AmazonDynamoDB,us-east-1,RCU/WCU,62.0331,63.81
2025-02-14,AmazonDynamoDB,us-west-2,RCU/WCU,34.603,35.25
2025-02-14,AmazonDynamoDB,eu-west-1,RCU/WCU,26.3884,26.43
2025-02-14,AmazonDynamoDB,ap-south-1,RCU/WCU,15.9599,13.76
2025-02-15,AmazonEC2,us-east-1,InstanceHours,828.59665,402.58
2025-02-15,AmazonEC2,us-west-2,InstanceHours,214.4774,192.97
2025-02-15,AmazonEC2,eu-west-1,InstanceHours,167.6412,141.25
2025-02-15,AmazonEC2,ap-south-1,InstanceHours,132.6441,126.99
2025-02-15,AmazonS3,us-east-1,GB-Month,79.7517,74.68
2025-02-15,AmazonS3,us-west-2,GB-Month,56.6526,62.73
2025-02-15,AmazonS3,eu-west-1,GB-Month,45.6524,45.27
2025-02-15,AmazonS3,ap-south-1,GB-Month,23.7008,22.08
2025-02-15,AmazonRDS,us-east-1,InstanceHours,260.4681,266.44
2025-02-15,AmazonRDS,us-west-2,InstanceHours,130.3683,125.5
2025-02-15,AmazonRDS,eu-west-1,InstanceHours,133.9072,119.31
2025-02-15,AmazonRDS,ap-south-1,InstanceHours,68.3466,75.61
2025-02-15,AWSLambda,us-east-1,Requests(M),36.059,33.44
2025-02-15,AWSLambda,us-west-2,Requests(M),17.9588,16.6
2025-02-15,AWSLambda,eu-west-1,Requests(M),15.4099,16.09
2025-02-15,AWSLambda,ap-south-1,Requests(M),11.2744,12.5
2025-02-15,AmazonCloudFront,us-east-1,GB-Transfer,59.3089,70.84
2025-02-15,AmazonCloudFront,us-west-2,GB-Transfer,31.9317,27.17
2025-02-15,AmazonCloudFront,eu-west-1,GB-Transfer,29.1628,25.08
2025-02-15,AmazonCloudFront,ap-south-1,GB-Transfer,17.4665,18.13
2025-02-15,AmazonEBS,us-east-1,GB-Month,70.0956,86.68
2025-02-15,AmazonEBS,us-west-2,GB-Month,43.6335,39.17
2025-02-15,AmazonEBS,eu-west-1,GB-Month,38.9743,43.39
2025-02-15,AmazonEBS,ap-south-1,GB-Month,22.7749,21.29
2025-02-15,AmazonDynamoDB,us-east-1,RCU/WCU,49.5984,55.74
2025-02-15,AmazonDynamoDB,us-west-2,RCU/WCU,26.5528,32.09
2025-02-15,AmazonDynamoDB,eu-west-1,RCU/WCU,21.3602,19.56
2025-02-15,AmazonDynamoDB,ap-south-1,RCU/WCU,14.1981,15.86
2025-02-16,AmazonEC2,us-east-1,InstanceHours,809.19993,465.97
2025-02-16,AmazonEC2,us-west-2,InstanceHours,203.3882,213.82
2025-02-16,AmazonEC2,eu-west-1,InstanceHours,192.5209,231.15
2025-02-16,AmazonEC2,ap-south-1,InstanceHours,124.3199,133.48
2025-02-16,AmazonS3,us-east-1,GB-Month,94.5919,99.68
2025-02-16,AmazonS3,us-west-2,GB-Month,41.929,37.57
2025-02-16,AmazonS3,eu-west-1,GB-Month,42.5723,44.68
2025-02-16,AmazonS3,ap-south-1,GB-Month,24.6196,23.25
2025-02-16,AmazonRDS,us-east-1,InstanceHours,247.7524,207.37
2025-02-16,AmazonRDS,us-west-2,InstanceHours,154.7785,168.07
2025-02-16,AmazonRDS,eu-west-1,InstanceHours,107.8098,128.53
2025-02-16,AmazonRDS,ap-south-1,InstanceHours,68.7914,70.7
2025-02-16,AWSLambda,us-east-1,Requests(M),31.146,33.91
2025-02-16,AWSLambda,us-west-2,Requests(M),19.4324,16.83
2025-02-16,AWSLambda,eu-west-1,Requests(M),18.0973,17.32
2025-02-16,AWSLambda,ap-south-1,Requests(M),9.1981,9.47
2025-02-16,AmazonCloudFront,us-east-1,GB-Transfer,54.1134,52.19
2025-02-16,AmazonCloudFront,us-west-2,GB-Transfer,30.6778,32.63
2025-02-16,AmazonCloudFront,eu-west-1,GB-Transfer,27.7802,24.12
2025-02-16,AmazonCloudFront,ap-south-1,GB-Transfer,16.7882,17.2
2025-02-16,AmazonEBS,us-east-1,GB-Month,70.3745,61.25
2025-02-16,AmazonEBS,us-west-2,GB-Month,50.8735,49.94
2025-02-16,AmazonEBS,eu-west-1,GB-Month,37.9998,34.93
2025-02-16,AmazonEBS,ap-south-1,GB-Month,21.3575,25.29
2025-02-16,AmazonDynamoDB,us-east-1,RCU/WCU,49.5425,43.68
2025-02-16,AmazonDynamoDB,us-west-2,RCU/WCU,27.2518,26.77
2025-02-16,AmazonDynamoDB,eu-west-1,RCU/WCU,27.7412,28.43
2025-02-16,AmazonDynamoDB,ap-south-1,RCU/WCU,15.256,14.23
2025-02-17,AmazonEC2,us-east-1,InstanceHours,943.94508,536.21
2025-02-17,AmazonEC2,us-west-2,InstanceHours,312.4627,361.49
2025-02-17,AmazonEC2,eu-west-1,InstanceHours,267.9004,254.3
2025-02-17,AmazonEC2,ap-south-1,InstanceHours,130.1115,136.52
2025-02-17,AmazonS3,us-east-1,GB-Month,110.4507,136.27
2025-02-17,AmazonS3,us-west-2,GB-Month,62.5708,63.83
2025-02-17,AmazonS3,eu-west-1,GB-Month,51.5368,48.59
2025-02-17,AmazonS3,ap-south-1,GB-Month,34.0619,33.84
2025-02-17,AmazonRDS,us-east-1,InstanceHours,270.2815,312.86
2025-02-17,AmazonRDS,us-west-2,InstanceHours,174.4449,183.01
2025-02-17,AmazonRDS,eu-west-1,InstanceHours,143.8169,136.2
2025-02-17,AmazonRDS,ap-south-1,InstanceHours,90.2766,89.07
2025-02-17,AWSLambda,us-east-1,Requests(M),40.6566,50.81
2025-02-17,AWSLambda,us-west-2,Requests(M),25.6841,23.24
2025-02-17,AWSLambda,eu-west-1,Requests(M),19.7036,16.97
2025-02-17,AWSLambda,ap-south-1,Requests(M),13.3387,11.47
2025-02-17,AmazonCloudFront,us-east-1,GB-Transfer,80.0941,66.82
2025-02-17,AmazonCloudFront,us-west-2,GB-Transfer,42.0331,45.71
2025-02-17,AmazonCloudFront,eu-west-1,GB-Transfer,30.9317,26.7
2025-02-17,AmazonCloudFront,ap-south-1,GB-Transfer,19.2749,17.56
2025-02-17,AmazonEBS,us-east-1,GB-Month,88.6934,108.26
2025-02-17,AmazonEBS,us-west-2,GB-Month,52.2555,52.15
2025-02-17,AmazonEBS,eu-west-1,GB-Month,43.3478,40.64
2025-02-17,AmazonEBS,ap-south-1,GB-Month,28.9397,25.68
2025-02-17,AmazonDynamoDB,us-east-1,RCU/WCU,60.6125,70.06
2025-02-17,AmazonDynamoDB,us-west-2,RCU/WCU,32.6026,35.89
2025-02-17,AmazonDynamoDB,eu-west-1,RCU/WCU,27.7194,29.12
2025-02-17,AmazonDynamoDB,ap-south-1,RCU/WCU,16.2328,14.47
2025-02-18,AmazonEC2,us-east-1,InstanceHours,836.3648,414.94
2025-02-18,AmazonEC2,us-west-2,InstanceHours,326.1018,397.15
2025-02-18,AmazonEC2,eu-west-1,InstanceHours,243.6921,230.65
2025-02-18,AmazonEC2,ap-south-1,InstanceHours,128.2872,115.61
2025-02-18,AmazonS3,us-east-1,GB-Month,113.3668,105.6
2025-02-18,AmazonS3,us-west-2,GB-Month,57.1937,48.25
2025-02-18,AmazonS3,eu-west-1,GB-Month,51.464,49.45
2025-02-18,AmazonS3,ap-south-1,GB-Month,26.721,22.28
2025-02-18,AmazonRDS,us-east-1,InstanceHours,293.782,313.04
2025-02-18,AmazonRDS,us-west-2,InstanceHours,154.7815,153.19
2025-02-18,AmazonRDS,eu-west-1,InstanceHours,124.0327,142.11
2025-02-18,AmazonRDS,ap-south-1,InstanceHours,93.0807,100.13
2025-02-18,AWSLambda,us-east-1,Requests(M),43.1854,44.56
2025-02-18,AWSLambda,us-west-2,Requests(M),24.1365,20.78
2025-02-18,AWSLambda,eu-west-1,Requests(M),23.8017,23.88
2025-02-18,AWSLambda,ap-south-1,Requests(M),11.1913,10.24
2025-02-18,AmazonCloudFront,us-east-1,GB-Transfer,58.3054,67.94
2025-02-18,AmazonCloudFront,us-west-2,GB-Transfer,41.8775,40.17
2025-02-18,AmazonCloudFront,eu-west-1,GB-Transfer,31.1211,32.48
2025-02-18,AmazonCloudFront,ap-south-1,GB-Transfer,20.1202,20.0
2025-02-18,AmazonEBS,us-east-1,GB-Month,91.077,85.97
2025-02-18,AmazonEBS,us-west-2,GB-Month,48.4062,52.85
2025-02-18,AmazonEBS,eu-west-1,GB-Month,41.9206,41.95
2025-02-18,AmazonEBS,ap-south-1,GB-Month,27.6518,23.22
2025-02-18,AmazonDynamoDB,us-east-1,RCU/WCU,55.3158,64.6
2025-02-18,AmazonDynamoDB,us-west-2,RCU/WCU,34.8975,37.51
2025-02-18,AmazonDynamoDB,eu-west-1,RCU/WCU,29.3662,25.57
2025-02-18,AmazonDynamoDB,ap-south-1,RCU/WCU,16.6058,16.53
2025-02-19,AmazonEC2,us-east-1,InstanceHours,885.6177399999999,525.97
2025-02-19,AmazonEC2,us-west-2,InstanceHours,282.5795,348.9
2025-02-19,AmazonEC2,eu-west-1,InstanceHours,223.917,195.11
2025-02-19,AmazonEC2,ap-south-1,InstanceHours,145.9829,138.07
2025-02-19,AmazonS3,us-east-1,GB-Month,96.1299,91.46
2025-02-19,AmazonS3,us-west-2,GB-Month,58.2649,50.21
2025-02-19,AmazonS3,eu-west-1,GB-Month,46.7461,45.17
2025-02-19,AmazonS3,ap-south-1,GB-Month,33.4008,36.14
2025-02-19,AmazonRDS,us-east-1,InstanceHours,261.7256,249.91
2025-02-19,AmazonRDS,us-west-2,InstanceHours,201.0788,214.68
2025-02-19,AmazonRDS,eu-west-1,InstanceHours,144.6491,123.4
2025-02-19,AmazonRDS,ap-south-1,InstanceHours,84.7979,80.72
2025-02-19,AWSLambda,us-east-1,Requests(M),36.3638,39.58
2025-02-19,AWSLambda,us-west-2,Requests(M),21.985,21.33
2025-02-19,AWSLambda,eu-west-1,Requests(M),18.6839,17.19
2025-02-19,AWSLambda,ap-south-1,Requests(M),14.6207,15.78
2025-02-19,AmazonCloudFront,us-east-1,GB-Transfer,64.0499,57.54
2025-02-19,AmazonCloudFront,us-west-2,GB-Transfer,41.962,39.38
2025-02-19,AmazonCloudFront,eu-west-1,GB-Transfer,33.0617,30.99
2025-02-19,AmazonCloudFront,ap-south-1,GB-Transfer,23.3677,28.09
2025-02-19,AmazonEBS,us-east-1,GB-Month,85.6483,78.16
2025-02-19,AmazonEBS,us-west-2,GB-Month,45.8762,55.24
2025-02-19,AmazonEBS,eu-west-1,GB-Month,40.5481,36.98
2025-02-19,AmazonEBS,ap-south-1,GB-Month,30.1209,32.34
2025-02-19,AmazonDynamoDB,us-east-1,RCU/WCU,59.8369,50.61
2025-02-19,AmazonDynamoDB,us-west-2,RCU/WCU,33.5627,28.67
2025-02-19,AmazonDynamoDB,eu-west-1,RCU/WCU,26.0619,28.36
2025-02-19,AmazonDynamoDB,ap-south-1,RCU/WCU,15.7675,16.15
2025-02-20,AmazonEC2,us-east-1,InstanceHours,822.01144,412.72
2025-02-20,AmazonEC2,us-west-2,InstanceHours,248.7669,225.13
2025-02-20,AmazonEC2,eu-west-1,InstanceHours,249.9889,307.54
2025-02-20,AmazonEC2,ap-south-1,InstanceHours,147.7677,180.4
2025-02-20,AmazonS3,us-east-1,GB-Month,102.1464,99.05
2025-02-20,AmazonS3,us-west-2,GB-Month,67.5474,82.27
2025-02-20,AmazonS3,eu-west-1,GB-Month,53.4121,46.7
2025-02-20,AmazonS3,ap-south-1,GB-Month,27.0437,23.18
2025-02-20,AmazonRDS,us-east-1,InstanceHours,363.3381,320.62
2025-02-20,AmazonRDS,us-west-2,InstanceHours,175.1193,172.52
2025-02-20,AmazonRDS,eu-west-1,InstanceHours,156.2574,140.02
2025-02-20,AmazonRDS,ap-south-1,InstanceHours,87.6261,75.3
2025-02-20,AWSLambda,us-east-1,Requests(M),39.6081,34.84
2025-02-20,AWSLambda,us-west-2,Requests(M),20.6898,24.5
2025-02-20,AWSLambda,eu-west-1,Requests(M),18.7275,16.67
2025-02-20,AWSLambda,ap-south-1,Requests(M),12.2466,11.72
2025-02-20,AmazonCloudFront,us-east-1,GB-Transfer,66.5522,62.04
2025-02-20,AmazonCloudFront,us-west-2,GB-Transfer,35.8452,34.02
2025-02-20,AmazonCloudFront,eu-west-1,GB-Transfer,36.0145,35.74
2025-02-20,AmazonCloudFront,ap-south-1,GB-Transfer,19.8961,19.85
2025-02-20,AmazonEBS,us-east-1,GB-Month,84.7738,75.59
2025-02-20,AmazonEBS,us-west-2,GB-Month,45.1111,50.91
2025-02-20,AmazonEBS,eu-west-1,GB-Month,36.6079,33.16
2025-02-20,AmazonEBS,ap-south-1,GB-Month,25.5415,24.9
2025-02-20,AmazonDynamoDB,us-east-1,RCU/WCU,61.8697,60.68
2025-02-20,AmazonDynamoDB,us-west-2,RCU/WCU,35.924,37.67
2025-02-20,AmazonDynamoDB,eu-west-1,RCU/WCU,29.5803,30.6
2025-02-20,AmazonDynamoDB,ap-south-1,RCU/WCU,17.144,18.52
2025-02-21,AmazonEC2,us-east-1,InstanceHours,810.3311899999999,514.2
2025-02-21,AmazonEC2,us-west-2,InstanceHours,236.7427,236.89
2025-02-21,AmazonEC2,eu-west-1,InstanceHours,284.5977,301.12
2025-02-21,AmazonEC2,ap-south-1,InstanceHours,139.2146,133.19
2025-02-21,AmazonS3,us-east-1,GB-Month,96.5254,81.27
2025-02-21,AmazonS3,us-west-2,GB-Month,60.9488,56.31
2025-02-21,AmazonS3,eu-west-1,GB-Month,46.7383,54.51
2025-02-21,AmazonS3,ap-south-1,GB-Month,29.2186,33.7
2025-02-21,AmazonRDS,us-east-1,InstanceHours,334.4168,295.62
2025-02-21,AmazonRDS,us-west-2,InstanceHours,180.0067,161.21
2025-02-21,AmazonRDS,eu-west-1,InstanceHours,152.7359,140.21
2025-02-21,AmazonRDS,ap-south-1,InstanceHours,86.7807,104.77
2025-02-21,AWSLambda,us-east-1,Requests(M),42.8277,36.85
2025-02-21,AWSLambda,us-west-2,Requests(M),25.6391,27.01
2025-02-21,AWSLambda,eu-west-1,Requests(M),19.2949,20.68
2025-02-21,AWSLambda,ap-south-1,Requests(M),11.7919,14.29
2025-02-21,AmazonCloudFront,us-east-1,GB-Transfer,74.411,84.31
2025-02-21,AmazonCloudFront,us-west-2,GB-Transfer,40.6181,40.18
2025-02-21,AmazonCloudFront,eu-west-1,GB-Transfer,32.7688,32.63
2025-02-21,AmazonCloudFront,ap-south-1,GB-Transfer,19.7708,23.77
2025-02-21,AmazonEBS,us-east-1,GB-Month,81.1159,96.26
2025-02-21,AmazonEBS,us-west-2,GB-Month,50.7225,49.73
2025-02-21,AmazonEBS,eu-west-1,GB-Month,40.6604,39.5
2025-02-21,AmazonEBS,ap-south-1,GB-Month,25.356,22.33
2025-02-21,AmazonDynamoDB,us-east-1,RCU/WCU,53.0345,51.14
2025-02-21,AmazonDynamoDB,us-west-2,RCU/WCU,34.6725,32.44
2025-02-21,AmazonDynamoDB,eu-west-1,RCU/WCU,29.2265,27.75
2025-02-21,AmazonDynamoDB,ap-south-1,RCU/WCU,17.7752,16.59
2025-02-22,AmazonEC2,us-east-1,InstanceHours,794.14129,448.9
2025-02-22,AmazonEC2,us-west-2,InstanceHours,260.4137,274.01
2025-02-22,AmazonEC2,eu-west-1,InstanceHours,202.4326,187.01
2025-02-22,AmazonEC2,ap-south-1,InstanceHours,120.6111,100.71
2025-02-22,AmazonS3,us-east-1,GB-Month,81.9518,83.76
2025-02-22,AmazonS3,us-west-2,GB-Month,54.8044,59.26
2025-02-22,AmazonS3,eu-west-1,GB-Month,41.178,43.28
2025-02-22,AmazonS3,ap-south-1,GB-Month,22.3392,21.21
2025-02-22,AmazonRDS,us-east-1,InstanceHours,235.8699,266.37
2025-02-22,AmazonRDS,us-west-2,InstanceHours,159.2997,149.33
2025-02-22,AmazonRDS,eu-west-1,InstanceHours,130.5172,161.86
2025-02-22,AmazonRDS,ap-south-1,InstanceHours,75.9775,66.58
2025-02-22,AWSLambda,us-east-1,Requests(M),39.5389,47.26
2025-02-22,AWSLambda,us-west-2,Requests(M),20.638,21.21
2025-02-22,AWSLambda,eu-west-1,Requests(M),15.6681,15.64
2025-02-22,AWSLambda,ap-south-1,Requests(M),9.3356,8.3
2025-02-22,AmazonCloudFront,us-east-1,GB-Transfer,59.703,58.78
2025-02-22,AmazonCloudFront,us-west-2,GB-Transfer,38.4237,39.57
2025-02-22,AmazonCloudFront,eu-west-1,GB-Transfer,28.6866,31.82
2025-02-22,AmazonCloudFront,ap-south-1,GB-Transfer,17.7324,19.88
2025-02-22,AmazonEBS,us-east-1,GB-Month,74.1923,92.38
2025-02-22,AmazonEBS,us-west-2,GB-Month,51.0125,45.06
2025-02-22,AmazonEBS,eu-west-1,GB-Month,38.5655,46.6
2025-02-22,AmazonEBS,ap-south-1,GB-Month,23.5886,24.97
2025-02-22,AmazonDynamoDB,us-east-1,RCU/WCU,44.6267,45.55
2025-02-22,AmazonDynamoDB,us-west-2,RCU/WCU,27.4444,29.12
2025-02-22,AmazonDynamoDB,eu-west-1,RCU/WCU,22.7331,19.61
2025-02-22,AmazonDynamoDB,ap-south-1,RCU/WCU,14.0797,17.27
2025-02-23,AmazonEC2,us-east-1,InstanceHours,767.70317,343.39
2025-02-23,AmazonEC2,us-west-2,InstanceHours,246.8603,280.57
2025-02-23,AmazonEC2,eu-west-1,InstanceHours,199.6813,203.7
2025-02-23,AmazonEC2,ap-south-1,InstanceHours,114.3724,122.64
2025-02-23,AmazonS3,us-east-1,GB-Month,79.0144,72.24
2025-02-23,AmazonS3,us-west-2,GB-Month,53.3248,48.89
2025-02-23,AmazonS3,eu-west-1,GB-Month,45.4342,52.42
2025-02-23,AmazonS3,ap-south-1,GB-Month,25.4294,28.04
2025-02-23,AmazonRDS,us-east-1,InstanceHours,217.6691,251.49
2025-02-23,AmazonRDS,us-west-2,InstanceHours,160.2962,196.43
2025-02-23,AmazonRDS,eu-west-1,InstanceHours,122.0302,135.76
2025-02-23,AmazonRDS,ap-south-1,InstanceHours,66.8521,73.98
2025-02-23,AWSLambda,us-east-1,Requests(M),33.4347,30.63
2025-02-23,AWSLambda,us-west-2,Requests(M),21.6993,26.65
2025-02-23,AWSLambda,eu-west-1,Requests(M),16.1962,18.52
2025-02-23,AWSLambda,ap-south-1,Requests(M),8.1947,9.66
2025-02-23,AmazonCloudFront,us-east-1,GB-Transfer,56.0922,47.4
2025-02-23,AmazonCloudFront,us-west-2,GB-Transfer,32.5517,39.07
2025-02-23,AmazonCloudFront,eu-west-1,GB-Transfer,29.0568,24.39
2025-02-23,AmazonCloudFront,ap-south-1,GB-Transfer,17.2267,17.43
2025-02-23,AmazonEBS,us-east-1,GB-Month,68.9448,59.65
2025-02-23,AmazonEBS,us-west-2,GB-Month,41.1724,35.35
2025-02-23,AmazonEBS,eu-west-1,GB-Month,39.6416,36.17
2025-02-23,AmazonEBS,ap-south-1,GB-Month,22.3785,21.02
2025-02-23,AmazonDynamoDB,us-east-1,RCU/WCU,49.6028,48.94
2025-02-23,AmazonDynamoDB,us-west-2,RCU/WCU,30.6812,34.29
2025-02-23,AmazonDynamoDB,eu-west-1,RCU/WCU,23.4521,25.55
2025-02-23,AmazonDynamoDB,ap-south-1,RCU/WCU,16.1966,14.45
2025-02-24,AmazonEC2,us-east-1,InstanceHours,920.4150999999999,559.27
2025-02-24,AmazonEC2,us-west-2,InstanceHours,286.0261,269.92
2025-02-24,AmazonEC2,eu-west-1,InstanceHours,241.9741,288.13
2025-02-24,AmazonEC2,ap-south-1,InstanceHours,138.5443,130.4
2025-02-24,AmazonS3,us-east-1,GB-Month,96.0821,81.31
2025-02-24,AmazonS3,us-west-2,GB-Month,66.1595,58.02
2025-02-24,AmazonS3,eu-west-1,GB-Month,46.1602,39.93
2025-02-24,AmazonS3,ap-south-1,GB-Month,27.8746,23.49
2025-02-24,AmazonRDS,us-east-1,InstanceHours,289.9984,284.5
2025-02-24,AmazonRDS,us-west-2,InstanceHours,163.9308,195.82
2025-02-24,AmazonRDS,eu-west-1,InstanceHours,128.069,126.25
2025-02-24,AmazonRDS,ap-south-1,InstanceHours,80.3156,75.45
2025-02-24,AWSLambda,us-east-1,Requests(M),36.8588,32.76
2025-02-24,AWSLambda,us-west-2,Requests(M),24.3069,22.69
2025-02-24,AWSLambda,eu-west-1,Requests(M),19.4006,16.76
2025-02-24,AWSLambda,ap-south-1,Requests(M),12.6787,11.06
2025-02-24,AmazonCloudFront,us-east-1,GB-Transfer,56.2413,47.94
2025-02-24,AmazonCloudFront,us-west-2,GB-Transfer,36.9128,33.99
2025-02-24,AmazonCloudFront,eu-west-1,GB-Transfer,31.1491,33.98
2025-02-24,AmazonCloudFront,ap-south-1,GB-Transfer,20.5784,17.33
2025-02-24,AmazonEBS,us-east-1,GB-Month,79.8078,73.69
2025-02-24,AmazonEBS,us-west-2,GB-Month,49.2833,45.07
2025-02-24,AmazonEBS,eu-west-1,GB-Month,38.6499,39.14
2025-02-24,AmazonEBS,ap-south-1,GB-Month,23.0686,28.52
2025-02-24,AmazonDynamoDB,us-east-1,RCU/WCU,53.0526,46.48
2025-02-24,AmazonDynamoDB,us-west-2,RCU/WCU,36.3972,32.47
2025-02-24,AmazonDynamoDB,eu-west-1,RCU/WCU,25.163,25.0
2025-02-24,AmazonDynamoDB,ap-south-1,RCU/WCU,18.3688,18.78
2025-02-25,AmazonEC2,us-east-1,InstanceHours,505.56,508.92
2025-02-25,AmazonEC2,us-west-2,InstanceHours,272.4767,240.47
2025-02-25,AmazonEC2,eu-west-1,InstanceHours,236.3747,235.45
2025-02-25,AmazonEC2,ap-south-1,InstanceHours,144.9531,143.62
2025-02-25,AmazonS3,us-east-1,GB-Month,106.4539,127.66
2025-02-25,AmazonS3,us-west-2,GB-Month,56.0635,54.47
2025-02-25,AmazonS3,eu-west-1,GB-Month,53.7148,53.16
2025-02-25,AmazonS3,ap-south-1,GB-Month,30.5798,35.77
2025-02-25,AmazonRDS,us-east-1,InstanceHours,271.412,307.89
2025-02-25,AmazonRDS,us-west-2,InstanceHours,176.8336,217.66
2025-02-25,AmazonRDS,eu-west-1,InstanceHours,135.5935,137.27
2025-02-25,AmazonRDS,ap-south-1,InstanceHours,87.5521,74.63
2025-02-25,AWSLambda,us-east-1,Requests(M),37.9742,42.68
2025-02-25,AWSLambda,us-west-2,Requests(M),23.9025,22.35
2025-02-25,AWSLambda,eu-west-1,Requests(M),20.0087,19.65
2025-02-25,AWSLambda,ap-south-1,Requests(M),12.9995,10.99
2025-02-25,AmazonCloudFront,us-east-1,GB-Transfer,70.6392,75.02
2025-02-25,AmazonCloudFront,us-west-2,GB-Transfer,41.7796,40.89
2025-02-25,AmazonCloudFront,eu-west-1,GB-Transfer,29.4243,28.62
2025-02-25,AmazonCloudFront,ap-south-1,GB-Transfer,21.7806,24.35
2025-02-25,AmazonEBS,us-east-1,GB-Month,81.6342,74.5
2025-02-25,AmazonEBS,us-west-2,GB-Month,46.3834,39.76
2025-02-25,AmazonEBS,eu-west-1,GB-Month,49.0908,58.36
2025-02-25,AmazonEBS,ap-south-1,GB-Month,23.9404,20.61
2025-02-25,AmazonDynamoDB,us-east-1,RCU/WCU,62.4517,55.87
2025-02-25,AmazonDynamoDB,us-west-2,RCU/WCU,34.5473,38.28
2025-02-25,AmazonDynamoDB,eu-west-1,RCU/WCU,29.2673,35.01
2025-02-25,AmazonDynamoDB,ap-south-1,RCU/WCU,16.8482,15.7
2025-02-26,AmazonEC2,us-east-1,InstanceHours,439.324,470.57
2025-02-26,AmazonEC2,us-west-2,InstanceHours,299.3876,367.65
2025-02-26,AmazonEC2,eu-west-1,InstanceHours,240.4651,228.34
2025-02-26,AmazonEC2,ap-south-1,InstanceHours,144.115,153.15
2025-02-26,AmazonS3,us-east-1,GB-Month,101.7772,93.32
2025-02-26,AmazonS3,us-west-2,GB-Month,59.4995,51.07
2025-02-26,AmazonS3,eu-west-1,GB-Month,53.4928,48.7
2025-02-26,AmazonS3,ap-south-1,GB-Month,31.5415,29.97
2025-02-26,AmazonRDS,us-east-1,InstanceHours,311.7849,294.03
2025-02-26,AmazonRDS,us-west-2,InstanceHours,172.4768,179.79
2025-02-26,AmazonRDS,eu-west-1,InstanceHours,142.831,140.38
2025-02-26,AmazonRDS,ap-south-1,InstanceHours,84.0535,92.34
2025-02-26,AWSLambda,us-east-1,Requests(M),39.6669,45.7
2025-02-26,AWSLambda,us-west-2,Requests(M),20.6692,18.45
2025-02-26,AWSLambda,eu-west-1,Requests(M),23.8184,27.73
2025-02-26,AWSLambda,ap-south-1,Requests(M),11.2243,12.07
2025-02-26,AmazonCloudFront,us-east-1,GB-Transfer,74.0699,66.85
2025-02-26,AmazonCloudFront,us-west-2,GB-Transfer,39.1176,43.99
2025-02-26,AmazonCloudFront,eu-west-1,GB-Transfer,29.8896,25.01
2025-02-26,AmazonCloudFront,ap-south-1,GB-Transfer,21.1682,17.93
2025-02-26,AmazonEBS,us-east-1,GB-Month,95.971,85.64
2025-02-26,AmazonEBS,us-west-2,GB-Month,52.6846,48.41
2025-02-26,AmazonEBS,eu-west-1,GB-Month,47.7446,41.89
2025-02-26,AmazonEBS,ap-south-1,GB-Month,27.6391,25.88
2025-02-26,AmazonDynamoDB,us-east-1,RCU/WCU,52.031,54.86
2025-02-26,AmazonDynamoDB,us-west-2,RCU/WCU,35.6867,41.55
2025-02-26,AmazonDynamoDB,eu-west-1,RCU/WCU,21.0951,17.6
2025-02-26,AmazonDynamoDB,ap-south-1,RCU/WCU,17.3395,16.6
2025-02-27,AmazonEC2,us-east-1,InstanceHours,446.1698,393.93
2025-02-27,AmazonEC2,us-west-2,InstanceHours,307.3288,293.8
2025-02-27,AmazonEC2,eu-west-1,InstanceHours,214.811,210.71
2025-02-27,AmazonEC2,ap-south-1,InstanceHours,152.843,145.07
2025-02-27,AmazonS3,us-east-1,GB-Month,107.1734,92.45
2025-02-27,AmazonS3,us-west-2,GB-Month,61.3006,51.58
2025-02-27,AmazonS3,eu-west-1,GB-Month,48.2845,49.73
2025-02-27,AmazonS3,ap-south-1,GB-Month,32.0815,35.83
2025-02-27,AmazonRDS,us-east-1,InstanceHours,249.9415,226.26
2025-02-27,AmazonRDS,us-west-2,InstanceHours,164.8846,145.53
2025-02-27,AmazonRDS,eu-west-1,InstanceHours,146.193,148.48
2025-02-27,AmazonRDS,ap-south-1,InstanceHours,88.5509,96.03
2025-02-27,AWSLambda,us-east-1,Requests(M),37.0633,38.46
2025-02-27,AWSLambda,us-west-2,Requests(M),22.2799,18.62
2025-02-27,AWSLambda,eu-west-1,Requests(M),20.5401,21.83
2025-02-27,AWSLambda,ap-south-1,Requests(M),10.9504,11.14
2025-02-27,AmazonCloudFront,us-east-1,GB-Transfer,65.6188,78.0
2025-02-27,AmazonCloudFront,us-west-2,GB-Transfer,36.8111,36.33
2025-02-27,AmazonCloudFront,eu-west-1,GB-Transfer,33.881,33.0
2025-02-27,AmazonCloudFront,ap-south-1,GB-Transfer,19.9267,18.29
2025-02-27,AmazonEBS,us-east-1,GB-Month,71.6376,85.36
2025-02-27,AmazonEBS,us-west-2,GB-Month,45.3,44.87
2025-02-27,AmazonEBS,eu-west-1,GB-Month,32.0263,29.22
2025-02-27,AmazonEBS,ap-south-1,GB-Month,27.9207,24.64
2025-02-27,AmazonDynamoDB,us-east-1,RCU/WCU,53.2792,50.8
2025-02-27,AmazonDynamoDB,us-west-2,RCU/WCU,34.7496,41.76
2025-02-27,AmazonDynamoDB,eu-west-1,RCU/WCU,25.9379,30.41
2025-02-27,AmazonDynamoDB,ap-south-1,RCU/WCU,18.8379,16.45
2025-02-28,AmazonEC2,us-east-1,InstanceHours,411.3089,506.36
2025-02-28,AmazonEC2,us-west-2,InstanceHours,310.064,305.5
2025-02-28,AmazonEC2,eu-west-1,InstanceHours,238.3423,200.51
2025-02-28,AmazonEC2,ap-south-1,InstanceHours,149.3992,174.82
2025-02-28,AmazonS3,us-east-1,GB-Month,111.8214,110.69
2025-02-28,AmazonS3,us-west-2,GB-Month,61.9951,74.12
2025-02-28,AmazonS3,eu-west-1,GB-Month,57.7253,52.89
2025-02-28,AmazonS3,ap-south-1,GB-Month,33.5003,30.33
2025-02-28,AmazonRDS,us-east-1,InstanceHours,307.4944,346.93
2025-02-28,AmazonRDS,us-west-2,InstanceHours,190.9166,198.52
2025-02-28,AmazonRDS,eu-west-1,InstanceHours,146.4038,158.27
2025-02-28,AmazonRDS,ap-south-1,InstanceHours,81.6461,91.72
2025-02-28,AWSLambda,us-east-1,Requests(M),46.9939,58.46
2025-02-28,AWSLambda,us-west-2,Requests(M),23.7761,21.38
2025-02-28,AWSLambda,eu-west-1,Requests(M),20.1675,20.78
2025-02-28,AWSLambda,ap-south-1,Requests(M),10.61,11.36
2025-02-28,AmazonCloudFront,us-east-1,GB-Transfer,74.9317,92.6
2025-02-28,AmazonCloudFront,us-west-2,GB-Transfer,41.3982,34.85
2025-02-28,AmazonCloudFront,eu-west-1,GB-Transfer,35.209,31.89
2025-02-28,AmazonCloudFront,ap-south-1,GB-Transfer,21.3512,22.34
2025-02-28,AmazonEBS,us-east-1,GB-Month,79.7475,68.78
2025-02-28,AmazonEBS,us-west-2,GB-Month,56.0699,64.38
2025-02-28,AmazonEBS,eu-west-1,GB-Month,43.4861,46.88
2025-02-28,AmazonEBS,ap-south-1,GB-Month,21.5933,22.27
2025-02-28,AmazonDynamoDB,us-east-1,RCU/WCU,61.2115,60.65
2025-02-28,AmazonDynamoDB,us-west-2,RCU/WCU,33.5335,35.49
2025-02-28,AmazonDynamoDB,eu-west-1,RCU/WCU,26.7968,26.63
2025-02-28,AmazonDynamoDB,ap-south-1,RCU/WCU,14.8058,13.48
2025-03-01,AmazonEC2,us-east-1,InstanceHours,395.6832,415.69
2025-03-01,AmazonEC2,us-west-2,InstanceHours,235.3484,249.27
2025-03-01,AmazonEC2,eu-west-1,InstanceHours,223.4232,240.33
2025-03-01,AmazonEC2,ap-south-1,InstanceHours,116.9501,116.86
2025-03-01,AmazonS3,us-east-1,GB-Month,77.6718,71.42
2025-03-01,AmazonS3,us-west-2,GB-Month,54.638,53.63
2025-03-01,AmazonS3,eu-west-1,GB-Month,48.078,53.57
2025-03-01,AmazonS3,ap-south-1,GB-Month,25.5675,22.17
2025-03-01,AmazonRDS,us-east-1,InstanceHours,292.0685,253.97
2025-03-01,AmazonRDS,us-west-2,InstanceHours,164.3352,145.81
2025-03-01,AmazonRDS,eu-west-1,InstanceHours,139.9143,143.75
2025-03-01,AmazonRDS,ap-south-1,InstanceHours,78.7396,77.28
2025-03-01,AWSLambda,us-east-1,Requests(M),35.0122,43.74
2025-03-01,AWSLambda,us-west-2,Requests(M),19.4243,21.28
2025-03-01,AWSLambda,eu-west-1,Requests(M),19.2554,17.33
2025-03-01,AWSLambda,ap-south-1,Requests(M),11.3831,11.36
2025-03-01,AmazonCloudFront,us-east-1,GB-Transfer,66.1422,66.18
2025-03-01,AmazonCloudFront,us-west-2,GB-Transfer,34.9377,33.48
2025-03-01,AmazonCloudFront,eu-west-1,GB-Transfer,28.4458,29.82
2025-03-01,AmazonCloudFront,ap-south-1,GB-Transfer,18.5684,23.17
2025-03-01,AmazonEBS,us-east-1,GB-Month,70.3083,70.19
2025-03-01,AmazonEBS,us-west-2,GB-Month,43.7101,38.97
2025-03-01,AmazonEBS,eu-west-1,GB-Month,31.2723,28.06
2025-03-01,AmazonEBS,ap-south-1,GB-Month,22.3447,24.61
2025-03-01,AmazonDynamoDB,us-east-1,RCU/WCU,50.9241,58.67
2025-03-01,AmazonDynamoDB,us-west-2,RCU/WCU,32.3494,27.84
2025-03-01,AmazonDynamoDB,eu-west-1,RCU/WCU,25.8698,23.16
2025-03-01,AmazonDynamoDB,ap-south-1,RCU/WCU,15.7334,17.43
2025-03-02,AmazonEC2,us-east-1,InstanceHours,469.0035,480.58
2025-03-02,AmazonEC2,us-west-2,InstanceHours,229.7232,212.92
2025-03-02,AmazonEC2,eu-west-1,InstanceHours,188.7889,169.71
2025-03-02,AmazonEC2,ap-south-1,InstanceHours,124.439,114.35
2025-03-02,AmazonS3,us-east-1,GB-Month,80.1469,88.35
2025-03-02,AmazonS3,us-west-2,GB-Month,53.9075,56.31
2025-03-02,AmazonS3,eu-west-1,GB-Month,40.1882,35.81
2025-03-02,AmazonS3,ap-south-1,GB-Month,24.4835,23.2
2025-03-02,AmazonRDS,us-east-1,InstanceHours,221.2725,189.57
2025-03-02,AmazonRDS,us-west-2,InstanceHours,154.7386,176.55
2025-03-02,AmazonRDS,eu-west-1,InstanceHours,113.6112,128.88
2025-03-02,AmazonRDS,ap-south-1,InstanceHours,79.0376,85.0
2025-03-02,AWSLambda,us-east-1,Requests(M),35.9264,38.07
2025-03-02,AWSLambda,us-west-2,Requests(M),19.3085,19.46
2025-03-02,AWSLambda,eu-west-1,Requests(M),18.1616,20.44
2025-03-02,AWSLambda,ap-south-1,Requests(M),10.7951,10.79
2025-03-02,AmazonCloudFront,us-east-1,GB-Transfer,63.4853,60.52
2025-03-02,AmazonCloudFront,us-west-2,GB-Transfer,32.8798,33.2
2025-03-02,AmazonCloudFront,eu-west-1,GB-Transfer,27.3133,24.8
2025-03-02,AmazonCloudFront,ap-south-1,GB-Transfer,18.3966,16.05
2025-03-02,AmazonEBS,us-east-1,GB-Month,73.9886,76.81
2025-03-02,AmazonEBS,us-west-2,GB-Month,44.721,37.49
2025-03-02,AmazonEBS,eu-west-1,GB-Month,40.5522,46.91
2025-03-02,AmazonEBS,ap-south-1,GB-Month,19.4274,16.3
2025-03-02,AmazonDynamoDB,us-east-1,RCU/WCU,52.1793,63.15
2025-03-02,AmazonDynamoDB,us-west-2,RCU/WCU,30.8466,27.91
2025-03-02,AmazonDynamoDB,eu-west-1,RCU/WCU,25.4663,27.78
2025-03-02,AmazonDynamoDB,ap-south-1,RCU/WCU,15.7644,15.83
2025-03-03,AmazonEC2,us-east-1,InstanceHours,473.943,528.05
2025-03-03,AmazonEC2,us-west-2,InstanceHours,263.3399,280.26
2025-03-03,AmazonEC2,eu-west-1,InstanceHours,229.248,275.99
2025-03-03,AmazonEC2,ap-south-1,InstanceHours,136.1841,116.6
2025-03-03,AmazonS3,us-east-1,GB-Month,82.7205,81.58
2025-03-03,AmazonS3,us-west-2,GB-Month,64.7233,61.56
2025-03-03,AmazonS3,eu-west-1,GB-Month,50.2459,58.49
2025-03-03,AmazonS3,ap-south-1,GB-Month,30.5108,37.64
2025-03-03,AmazonRDS,us-east-1,InstanceHours,285.1614,342.48
2025-03-03,AmazonRDS,us-west-2,InstanceHours,178.3354,179.66
2025-03-03,AmazonRDS,eu-west-1,InstanceHours,167.4148,171.61
2025-03-03,AmazonRDS,ap-south-1,InstanceHours,77.9974,66.46
2025-03-03,AWSLambda,us-east-1,Requests(M),45.7658,39.5
2025-03-03,AWSLambda,us-west-2,Requests(M),24.485,28.51
2025-03-03,AWSLambda,eu-west-1,Requests(M),19.2906,22.54
2025-03-03,AWSLambda,ap-south-1,Requests(M),11.6813,11.62
2025-03-03,AmazonCloudFront,us-east-1,GB-Transfer,63.9221,53.58
2025-03-03,AmazonCloudFront,us-west-2,GB-Transfer,35.0254,40.6
2025-03-03,AmazonCloudFront,eu-west-1,GB-Transfer,31.5358,34.0
2025-03-03,AmazonCloudFront,ap-south-1,GB-Transfer,20.5835,20.36
2025-03-03,AmazonEBS,us-east-1,GB-Month,84.1906,101.93
2025-03-03,AmazonEBS,us-west-2,GB-Month,53.3771,55.88
2025-03-03,AmazonEBS,eu-west-1,GB-Month,41.1591,39.3
2025-03-03,AmazonEBS,ap-south-1,GB-Month,24.4327,29.54
2025-03-03,AmazonDynamoDB,us-east-1,RCU/WCU,67.2269,69.4
2025-03-03,AmazonDynamoDB,us-west-2,RCU/WCU,32.0242,39.65
2025-03-03,AmazonDynamoDB,eu-west-1,RCU/WCU,26.8147,27.09
2025-03-03,AmazonDynamoDB,ap-south-1,RCU/WCU,18.5208,19.39
2025-03-04,AmazonEC2,us-east-1,InstanceHours,507.9072,471.96
2025-03-04,AmazonEC2,us-west-2,InstanceHours,279.2907,325.45
2025-03-04,AmazonEC2,eu-west-1,InstanceHours,255.6322,236.69
2025-03-04,AmazonEC2,ap-south-1,InstanceHours,145.4198,169.2
2025-03-04,AmazonS3,us-east-1,GB-Month,98.8645,100.71
2025-03-04,AmazonS3,us-west-2,GB-Month,64.9438,64.27
2025-03-04,AmazonS3,eu-west-1,GB-Month,51.5288,51.95
2025-03-04,AmazonS3,ap-south-1,GB-Month,26.3897,25.33
2025-03-04,AmazonRDS,us-east-1,InstanceHours,312.7204,348.93
2025-03-04,AmazonRDS,us-west-2,InstanceHours,176.5597,194.1
2025-03-04,AmazonRDS,eu-west-1,InstanceHours,166.2674,165.9
2025-03-04,AmazonRDS,ap-south-1,InstanceHours,95.3003,88.43
2025-03-04,AWSLambda,us-east-1,Requests(M),40.64,47.48
2025-03-04,AWSLambda,us-west-2,Requests(M),23.3255,24.29
2025-03-04,AWSLambda,eu-west-1,Requests(M),19.996,18.72
2025-03-04,AWSLambda,ap-south-1,Requests(M),11.165,9.49
2025-03-04,AmazonCloudFront,us-east-1,GB-Transfer,69.6673,59.39
2025-03-04,AmazonCloudFront,us-west-2,GB-Transfer,46.3357,46.74
2025-03-04,AmazonCloudFront,eu-west-1,GB-Transfer,39.6383,41.12
2025-03-04,AmazonCloudFront,ap-south-1,GB-Transfer,22.5655,19.87
2025-03-04,AmazonEBS,us-east-1,GB-Month,86.6889,79.61
2025-03-04,AmazonEBS,us-west-2,GB-Month,45.6885,39.33
2025-03-04,AmazonEBS,eu-west-1,GB-Month,42.6421,40.33
2025-03-04,AmazonEBS,ap-south-1,GB-Month,27.6361,28.86
2025-03-04,AmazonDynamoDB,us-east-1,RCU/WCU,60.844,51.9
2025-03-04,AmazonDynamoDB,us-west-2,RCU/WCU,33.8576,29.23
2025-03-04,AmazonDynamoDB,eu-west-1,RCU/WCU,28.0374,27.83
2025-03-04,AmazonDynamoDB,ap-south-1,RCU/WCU,17.6796,15.9
2025-03-05,AmazonEC2,us-east-1,InstanceHours,482.1928,490.89
2025-03-05,AmazonEC2,us-west-2,InstanceHours,286.4346,263.85
2025-03-05,AmazonEC2,eu-west-1,InstanceHours,237.7873,208.08
2025-03-05,AmazonEC2,ap-south-1,InstanceHours,159.7529,156.86
2025-03-05,AmazonS3,us-east-1,GB-Month,94.703,98.92
2025-03-05,AmazonS3,us-west-2,GB-Month,60.2834,55.13
2025-03-05,AmazonS3,eu-west-1,GB-Month,50.4568,53.56
2025-03-05,AmazonS3,ap-south-1,GB-Month,31.2743,36.3
2025-03-05,AmazonRDS,us-east-1,InstanceHours,297.7591,281.87
2025-03-05,AmazonRDS,us-west-2,InstanceHours,177.7212,169.77
2025-03-05,AmazonRDS,eu-west-1,InstanceHours,137.4448,125.89
2025-03-05,AmazonRDS,ap-south-1,InstanceHours,89.318,85.82
2025-03-05,AWSLambda,us-east-1,Requests(M),42.0084,37.72
2025-03-05,AWSLambda,us-west-2,Requests(M),24.3897,21.93
2025-03-05,AWSLambda,eu-west-1,Requests(M),18.3884,18.69
2025-03-05,AWSLambda,ap-south-1,Requests(M),12.1013,10.85
2025-03-05,AmazonCloudFront,us-east-1,GB-Transfer,68.8052,68.77
2025-03-05,AmazonCloudFront,us-west-2,GB-Transfer,40.0673,42.28
2025-03-05,AmazonCloudFront,eu-west-1,GB-Transfer,34.8721,37.56
2025-03-05,AmazonCloudFront,ap-south-1,GB-Transfer,19.5924,21.62
2025-03-05,AmazonEBS,us-east-1,GB-Month,90.3291,95.59
2025-03-05,AmazonEBS,us-west-2,GB-Month,59.1347,55.97
2025-03-05,AmazonEBS,eu-west-1,GB-Month,45.4725,50.99
2025-03-05,AmazonEBS,ap-south-1,GB-Month,24.1827,28.0
2025-03-05,AmazonDynamoDB,us-east-1,RCU/WCU,59.9555,68.67
2025-03-05,AmazonDynamoDB,us-west-2,RCU/WCU,36.663,43.31
2025-03-05,AmazonDynamoDB,eu-west-1,RCU/WCU,29.4289,31.61
2025-03-05,AmazonDynamoDB,ap-south-1,RCU/WCU,17.7986,16.74
2025-03-06,AmazonEC2,us-east-1,InstanceHours,477.4638,591.29
2025-03-06,AmazonEC2,us-west-2,InstanceHours,261.5819,273.44
2025-03-06,AmazonEC2,eu-west-1,InstanceHours,237.4586,245.14
2025-03-06,AmazonEC2,ap-south-1,InstanceHours,133.8603,136.91
2025-03-06,AmazonS3,us-east-1,GB-Month,101.078,91.67
2025-03-06,AmazonS3,us-west-2,GB-Month,59.1767,62.45
2025-03-06,AmazonS3,eu-west-1,GB-Month,47.5633,49.07
2025-03-06,AmazonS3,ap-south-1,GB-Month,34.1185,33.27
2025-03-06,AmazonRDS,us-east-1,InstanceHours,297.2809,252.01
2025-03-06,AmazonRDS,us-west-2,InstanceHours,171.3984,143.32
2025-03-06,AmazonRDS,eu-west-1,InstanceHours,113.1791,106.98
2025-03-06,AmazonRDS,ap-south-1,InstanceHours,78.2985,76.59
2025-03-06,AWSLambda,us-east-1,Requests(M),42.5937,38.77
2025-03-06,AWSLambda,us-west-2,Requests(M),24.4521,24.48
2025-03-06,AWSLambda,eu-west-1,Requests(M),23.2761,23.7
2025-03-06,AWSLambda,ap-south-1,Requests(M),11.358,11.55
2025-03-06,AmazonCloudFront,us-east-1,GB-Transfer,75.3016,82.61
2025-03-06,AmazonCloudFront,us-west-2,GB-Transfer,40.7062,40.34
2025-03-06,AmazonCloudFront,eu-west-1,GB-Transfer,31.9983,27.04
2025-03-06,AmazonCloudFront,ap-south-1,GB-Transfer,19.9471,17.47
2025-03-06,AmazonEBS,us-east-1,GB-Month,86.5404,92.16
2025-03-06,AmazonEBS,us-west-2,GB-Month,49.4464,41.28
2025-03-06,AmazonEBS,eu-west-1,GB-Month,39.0304,38.0
2025-03-06,AmazonEBS,ap-south-1,GB-Month,23.9346,21.11
2025-03-06,AmazonDynamoDB,us-east-1,RCU/WCU,59.5292,72.19
2025-03-06,AmazonDynamoDB,us-west-2,RCU/WCU,31.6015,27.07
2025-03-06,AmazonDynamoDB,eu-west-1,RCU/WCU,21.6698,18.22
2025-03-06,AmazonDynamoDB,ap-south-1,RCU/WCU,16.3125,13.64
2025-03-07,AmazonEC2,us-east-1,InstanceHours,443.6525,442.56
2025-03-07,AmazonEC2,us-west-2,InstanceHours,294.006,290.62
2025-03-07,AmazonEC2,eu-west-1,InstanceHours,290.5193,359.78
2025-03-07,AmazonEC2,ap-south-1,InstanceHours,149.5172,137.87
2025-03-07,AmazonS3,us-east-1,GB-Month,97.0026,94.35
2025-03-07,AmazonS3,us-west-2,GB-Month,62.9959,61.32
2025-03-07,AmazonS3,eu-west-1,GB-Month,48.7242,46.38
2025-03-07,AmazonS3,ap-south-1,GB-Month,31.2657,34.27
2025-03-07,AmazonRDS,us-east-1,InstanceHours,331.7716,306.55
2025-03-07,AmazonRDS,us-west-2,InstanceHours,177.6238,209.57
2025-03-07,AmazonRDS,eu-west-1,InstanceHours,152.4777,176.74
2025-03-07,AmazonRDS,ap-south-1,InstanceHours,89.1047,78.08
2025-03-07,AWSLambda,us-east-1,Requests(M),42.8901,46.99
2025-03-07,AWSLambda,us-west-2,Requests(M),25.2388,27.58
2025-03-07,AWSLambda,eu-west-1,Requests(M),19.4583,23.58
2025-03-07,AWSLambda,ap-south-1,Requests(M),12.62,12.13
2025-03-07,AmazonCloudFront,us-east-1,GB-Transfer,69.5248,65.79
2025-03-07,AmazonCloudFront,us-west-2,GB-Transfer,39.7786,34.59
2025-03-07,AmazonCloudFront,eu-west-1,GB-Transfer,33.1912,34.85
2025-03-07,AmazonCloudFront,ap-south-1,GB-Transfer,20.8084,18.75
2025-03-07,AmazonEBS,us-east-1,GB-Month,87.8671,80.3
2025-03-07,AmazonEBS,us-west-2,GB-Month,50.7871,63.0
2025-03-07,AmazonEBS,eu-west-1,GB-Month,44.0164,38.41
2025-03-07,AmazonEBS,ap-south-1,GB-Month,24.2002,23.85
2025-03-07,AmazonDynamoDB,us-east-1,RCU/WCU,52.496,56.02
2025-03-07,AmazonDynamoDB,us-west-2,RCU/WCU,30.4287,32.7
2025-03-07,AmazonDynamoDB,eu-west-1,RCU/WCU,29.7264,25.62
2025-03-07,AmazonDynamoDB,ap-south-1,RCU/WCU,15.1102,16.37
2025-03-08,AmazonEC2,us-east-1,InstanceHours,418.7013,381.78
2025-03-08,AmazonEC2,us-west-2,InstanceHours,235.6181,200.98
2025-03-08,AmazonEC2,eu-west-1,InstanceHours,198.963,195.72
2025-03-08,AmazonEC2,ap-south-1,InstanceHours,119.5082,114.28
2025-03-08,AmazonS3,us-east-1,GB-Month,104.0586,119.31
2025-03-08,AmazonS3,us-west-2,GB-Month,50.0253,50.44
2025-03-08,AmazonS3,eu-west-1,GB-Month,40.602,37.88
2025-03-08,AmazonS3,ap-south-1,GB-Month,30.0116,30.61
2025-03-08,AmazonRDS,us-east-1,InstanceHours,225.8847,234.23
2025-03-08,AmazonRDS,us-west-2,InstanceHours,137.8171,170.31
2025-03-08,AmazonRDS,eu-west-1,InstanceHours,134.6792,142.99
2025-03-08,AmazonRDS,ap-south-1,InstanceHours,77.9642,95.26
2025-03-08,AWSLambda,us-east-1,Requests(M),32.9044,30.04
2025-03-08,AWSLambda,us-west-2,Requests(M),18.7773,20.46
2025-03-08,AWSLambda,eu-west-1,Requests(M),14.4139,17.02
2025-03-08,AWSLambda,ap-south-1,Requests(M),11.4406,12.27
2025-03-08,AmazonCloudFront,us-east-1,GB-Transfer,61.3107,72.31
2025-03-08,AmazonCloudFront,us-west-2,GB-Transfer,38.8576,44.91
2025-03-08,AmazonCloudFront,eu-west-1,GB-Transfer,31.5303,33.55
2025-03-08,AmazonCloudFront,ap-south-1,GB-Transfer,18.0627,17.4
2025-03-08,AmazonEBS,us-east-1,GB-Month,69.3356,85.8
2025-03-08,AmazonEBS,us-west-2,GB-Month,40.2492,36.35
2025-03-08,AmazonEBS,eu-west-1,GB-Month,39.7225,36.67
2025-03-08,AmazonEBS,ap-south-1,GB-Month,21.0409,18.6
2025-03-08,AmazonDynamoDB,us-east-1,RCU/WCU,44.9099,37.78
2025-03-08,AmazonDynamoDB,us-west-2,RCU/WCU,27.5835,25.38
2025-03-08,AmazonDynamoDB,eu-west-1,RCU/WCU,26.6152,32.02
2025-03-08,AmazonDynamoDB,ap-south-1,RCU/WCU,13.5735,13.22
2025-03-09,AmazonEC2,us-east-1,InstanceHours,395.0181,441.66
2025-03-09,AmazonEC2,us-west-2,InstanceHours,242.2192,265.03
2025-03-09,AmazonEC2,eu-west-1,InstanceHours,207.2374,231.04
2025-03-09,AmazonEC2,ap-south-1,InstanceHours,113.3437,124.41
2025-03-09,AmazonS3,us-east-1,GB-Month,86.2863,90.18
2025-03-09,AmazonS3,us-west-2,GB-Month,56.0296,51.42
2025-03-09,AmazonS3,eu-west-1,GB-Month,50.882,54.86
2025-03-09,AmazonS3,ap-south-1,GB-Month,23.9546,21.6
2025-03-09,AmazonRDS,us-east-1,InstanceHours,233.3584,197.26
2025-03-09,AmazonRDS,us-west-2,InstanceHours,141.5341,143.92
2025-03-09,AmazonRDS,eu-west-1,InstanceHours,132.1386,144.61
2025-03-09,AmazonRDS,ap-south-1,InstanceHours,69.5677,76.71
2025-03-09,AWSLambda,us-east-1,Requests(M),33.4654,32.09
2025-03-09,AWSLambda,us-west-2,Requests(M),19.9191,23.46
2025-03-09,AWSLambda,eu-west-1,Requests(M),19.9391,17.5
2025-03-09,AWSLambda,ap-south-1,Requests(M),9.7209,10.9
2025-03-09,AmazonCloudFront,us-east-1,GB-Transfer,55.2972,51.65
2025-03-09,AmazonCloudFront,us-west-2,GB-Transfer,36.5897,37.63
2025-03-09,AmazonCloudFront,eu-west-1,GB-Transfer,29.7408,33.53
2025-03-09,AmazonCloudFront,ap-south-1,GB-Transfer,16.5041,18.96
2025-03-09,AmazonEBS,us-east-1,GB-Month,80.3024,89.86
2025-03-09,AmazonEBS,us-west-2,GB-Month,39.0073,44.66
2025-03-09,AmazonEBS,eu-west-1,GB-Month,36.1327,37.19
2025-03-09,AmazonEBS,ap-south-1,GB-Month,21.2361,23.77
2025-03-09,AmazonDynamoDB,us-east-1,RCU/WCU,47.8533,42.91
2025-03-09,AmazonDynamoDB,us-west-2,RCU/WCU,27.4882,25.31
2025-03-09,AmazonDynamoDB,eu-west-1,RCU/WCU,23.9675,20.04
2025-03-09,AmazonDynamoDB,ap-south-1,RCU/WCU,14.7381,16.36
2025-03-10,AmazonEC2,us-east-1,InstanceHours,394.286,418.43
2025-03-10,AmazonEC2,us-west-2,InstanceHours,276.3845,243.1
2025-03-10,AmazonEC2,eu-west-1,InstanceHours,224.2919,268.28
2025-03-10,AmazonEC2,ap-south-1,InstanceHours,169.0686,141.05
2025-03-10,AmazonS3,us-east-1,GB-Month,117.0155,121.55
2025-03-10,AmazonS3,us-west-2,GB-Month,63.5826,62.39
2025-03-10,AmazonS3,eu-west-1,GB-Month,47.8571,42.85
2025-03-10,AmazonS3,ap-south-1,GB-Month,29.4929,35.76
2025-03-10,AmazonRDS,us-east-1,InstanceHours,289.529,287.9
2025-03-10,AmazonRDS,us-west-2,InstanceHours,170.12,176.75
2025-03-10,AmazonRDS,eu-west-1,InstanceHours,153.9673,172.03
2025-03-10,AmazonRDS,ap-south-1,InstanceHours,99.8753,110.38
2025-03-10,AWSLambda,us-east-1,Requests(M),31.208,34.05
2025-03-10,AWSLambda,us-west-2,Requests(M),23.2752,20.73
2025-03-10,AWSLambda,eu-west-1,Requests(M),23.2684,26.57
2025-03-10,AWSLambda,ap-south-1,Requests(M),11.6729,11.52
2025-03-10,AmazonCloudFront,us-east-1,GB-Transfer,69.6648,62.63
2025-03-10,AmazonCloudFront,us-west-2,GB-Transfer,34.39,31.05
2025-03-10,AmazonCloudFront,eu-west-1,GB-Transfer,37.7527,32.09
2025-03-10,AmazonCloudFront,ap-south-1,GB-Transfer,18.763,17.86
2025-03-10,AmazonEBS,us-east-1,GB-Month,88.1369,104.68
2025-03-10,AmazonEBS,us-west-2,GB-Month,47.5394,41.38
2025-03-10,AmazonEBS,eu-west-1,GB-Month,34.4178,41.83
2025-03-10,AmazonEBS,ap-south-1,GB-Month,26.2463,27.56
2025-03-10,AmazonDynamoDB,us-east-1,RCU/WCU,60.2183,62.86
2025-03-10,AmazonDynamoDB,us-west-2,RCU/WCU,33.9276,34.93
2025-03-10,AmazonDynamoDB,eu-west-1,RCU/WCU,25.8123,29.76
2025-03-10,AmazonDynamoDB,ap-south-1,RCU/WCU,20.2843,25.12
2025-03-11,AmazonEC2,us-east-1,InstanceHours,504.2638,598.5
2025-03-11,AmazonEC2,us-west-2,InstanceHours,290.3358,328.29
2025-03-11,AmazonEC2,eu-west-1,InstanceHours,260.6061,287.1
2025-03-11,AmazonEC2,ap-south-1,InstanceHours,137.3972,119.18
2025-03-11,AmazonS3,us-east-1,GB-Month,118.005,124.6
2025-03-11,AmazonS3,us-west-2,GB-Month,64.9296,58.35
2025-03-11,AmazonS3,eu-west-1,GB-Month,55.3985,50.27
2025-03-11,AmazonS3,ap-south-1,GB-Month,29.8787,29.68
2025-03-11,AmazonRDS,us-east-1,InstanceHours,270.4822,238.04
2025-03-11,AmazonRDS,us-west-2,InstanceHours,179.939,161.41
2025-03-11,AmazonRDS,eu-west-1,InstanceHours,142.2289,119.95
2025-03-11,AmazonRDS,ap-south-1,InstanceHours,103.3058,89.71
2025-03-11,AWSLambda,us-east-1,Requests(M),35.6097,34.0
2025-03-11,AWSLambda,us-west-2,Requests(M),26.6168,25.84
2025-03-11,AWSLambda,eu-west-1,Requests(M),17.3388,18.01
2025-03-11,AWSLambda,ap-south-1,Requests(M),11.0892,10.77
2025-03-11,AmazonCloudFront,us-east-1,GB-Transfer,59.348,53.74
2025-03-11,AmazonCloudFront,us-west-2,GB-Transfer,39.2638,38.78
2025-03-11,AmazonCloudFront,eu-west-1,GB-Transfer,33.5453,29.07
2025-03-11,AmazonCloudFront,ap-south-1,GB-Transfer,19.4359,17.64
2025-03-11,AmazonEBS,us-east-1,GB-Month,88.1298,106.1
2025-03-11,AmazonEBS,us-west-2,GB-Month,50.3477,42.51
2025-03-11,AmazonEBS,eu-west-1,GB-Month,35.9054,35.35
2025-03-11,AmazonEBS,ap-south-1,GB-Month,23.6628,21.15
2025-03-11,AmazonDynamoDB,us-east-1,RCU/WCU,55.2857,56.88
2025-03-11,AmazonDynamoDB,us-west-2,RCU/WCU,37.0959,43.17
2025-03-11,AmazonDynamoDB,eu-west-1,RCU/WCU,28.6877,34.74
2025-03-11,AmazonDynamoDB,ap-south-1,RCU/WCU,16.4238,15.02
2025-03-12,AmazonEC2,us-east-1,InstanceHours,423.3347,416.75
2025-03-12,AmazonEC2,us-west-2,InstanceHours,290.1725,332.31
2025-03-12,AmazonEC2,eu-west-1,InstanceHours,264.552,268.64
2025-03-12,AmazonEC2,ap-south-1,InstanceHours,139.7949,162.65
2025-03-12,AmazonS3,us-east-1,GB-Month,95.3511,87.05
2025-03-12,AmazonS3,us-west-2,GB-Month,64.205,64.74
2025-03-12,AmazonS3,eu-west-1,GB-Month,55.827,51.53
2025-03-12,AmazonS3,ap-south-1,GB-Month,30.2697,37.22
2025-03-12,AmazonRDS,us-east-1,InstanceHours,311.9941,386.45
2025-03-12,AmazonRDS,us-west-2,InstanceHours,171.4899,168.44
2025-03-12,AmazonRDS,eu-west-1,InstanceHours,156.5972,141.82
2025-03-12,AmazonRDS,ap-south-1,InstanceHours,98.679,90.51
2025-03-12,AWSLambda,us-east-1,Requests(M),42.6584,40.31
2025-03-12,AWSLambda,us-west-2,Requests(M),24.8861,25.9
2025-03-12,AWSLambda,eu-west-1,Requests(M),22.7297,19.76
2025-03-12,AWSLambda,ap-south-1,Requests(M),11.6945,12.87
2025-03-12,AmazonCloudFront,us-east-1,GB-Transfer,71.1008,68.94
2025-03-12,AmazonCloudFront,us-west-2,GB-Transfer,40.1999,46.12
2025-03-12,AmazonCloudFront,eu-west-1,GB-Transfer,35.5521,40.25
2025-03-12,AmazonCloudFront,ap-south-1,GB-Transfer,21.6163,18.79
2025-03-12,AmazonEBS,us-east-1,GB-Month,91.8942,98.61
2025-03-12,AmazonEBS,us-west-2,GB-Month,51.3441,62.25
2025-03-12,AmazonEBS,eu-west-1,GB-Month,36.6175,33.71
2025-03-12,AmazonEBS,ap-south-1,GB-Month,25.1652,21.28
2025-03-12,AmazonDynamoDB,us-east-1,RCU/WCU,59.8755,61.02
2025-03-12,AmazonDynamoDB,us-west-2,RCU/WCU,34.9756,31.55
2025-03-12,AmazonDynamoDB,eu-west-1,RCU/WCU,29.4812,29.39
2025-03-12,AmazonDynamoDB,ap-south-1,RCU/WCU,18.1047,17.24
2025-03-13,AmazonEC2,us-east-1,InstanceHours,436.8789,388.74
2025-03-13,AmazonEC2,us-west-2,InstanceHours,305.422,258.8
2025-03-13,AmazonEC2,eu-west-1,InstanceHours,273.9257,250.2
2025-03-13,AmazonEC2,ap-south-1,InstanceHours,139.3198,130.83
2025-03-13,AmazonS3,us-east-1,GB-Month,110.4615,112.77
2025-03-13,AmazonS3,us-west-2,GB-Month,61.9056,75.09
2025-03-13,AmazonS3,eu-west-1,GB-Month,52.9488,46.46
2025-03-13,AmazonS3,ap-south-1,GB-Month,32.8716,38.43
2025-03-13,AmazonRDS,us-east-1,InstanceHours,302.9838,268.3
2025-03-13,AmazonRDS,us-west-2,InstanceHours,171.6787,158.45
2025-03-13,AmazonRDS,eu-west-1,InstanceHours,152.0309,131.56
2025-03-13,AmazonRDS,ap-south-1,InstanceHours,82.6078,85.14
2025-03-13,AWSLambda,us-east-1,Requests(M),35.3298,42.42
2025-03-13,AWSLambda,us-west-2,Requests(M),19.8437,17.15
2025-03-13,AWSLambda,eu-west-1,Requests(M),22.2588,25.26
2025-03-13,AWSLambda,ap-south-1,Requests(M),12.4051,11.63
2025-03-13,AmazonCloudFront,us-east-1,GB-Transfer,72.1181,63.69
2025-03-13,AmazonCloudFront,us-west-2,GB-Transfer,41.7597,35.53
2025-03-13,AmazonCloudFront,eu-west-1,GB-Transfer,29.7343,36.15
2025-03-13,AmazonCloudFront,ap-south-1,GB-Transfer,22.7578,21.25
2025-03-13,AmazonEBS,us-east-1,GB-Month,82.5509,76.96
2025-03-13,AmazonEBS,us-west-2,GB-Month,42.8408,36.78
2025-03-13,AmazonEBS,eu-west-1,GB-Month,41.9017,43.87
2025-03-13,AmazonEBS,ap-south-1,GB-Month,28.1494,31.42
2025-03-13,AmazonDynamoDB,us-east-1,RCU/WCU,52.891,44.5
2025-03-13,AmazonDynamoDB,us-west-2,RCU/WCU,33.2906,32.33
2025-03-13,AmazonDynamoDB,eu-west-1,RCU/WCU,27.5874,27.08
2025-03-13,AmazonDynamoDB,ap-south-1,RCU/WCU,15.83,15.62
2025-03-14,AmazonEC2,us-east-1,InstanceHours,482.1644,563.86
2025-03-14,AmazonEC2,us-west-2,InstanceHours,268.7037,329.02
2025-03-14,AmazonEC2,eu-west-1,InstanceHours,266.484,315.46
2025-03-14,AmazonEC2,ap-south-1,InstanceHours,126.4579,136.66
2025-03-14,AmazonS3,us-east-1,GB-Month,92.6743,92.45
2025-03-14,AmazonS3,us-west-2,GB-Month,59.917,71.84
2025-03-14,AmazonS3,eu-west-1,GB-Month,51.186,56.93
2025-03-14,AmazonS3,ap-south-1,GB-Month,29.1217,34.75
2025-03-14,AmazonRDS,us-east-1,InstanceHours,314.2188,288.36
2025-03-14,AmazonRDS,us-west-2,InstanceHours,174.9575,155.35
2025-03-14,AmazonRDS,eu-west-1,InstanceHours,154.2963,163.07
2025-03-14,AmazonRDS,ap-south-1,InstanceHours,98.3593,112.71
2025-03-14,AWSLambda,us-east-1,Requests(M),45.3288,45.42
2025-03-14,AWSLambda,us-west-2,Requests(M),23.3443,24.0
2025-03-14,AWSLambda,eu-west-1,Requests(M),20.0769,21.21
2025-03-14,AWSLambda,ap-south-1,Requests(M),9.4223,8.57
2025-03-14,AmazonCloudFront,us-east-1,GB-Transfer,69.89,74.62
2025-03-14,AmazonCloudFront,us-west-2,GB-Transfer,40.1213,43.43
2025-03-14,AmazonCloudFront,eu-west-1,GB-Transfer,31.5028,38.36
2025-03-14,AmazonCloudFront,ap-south-1,GB-Transfer,22.2044,23.39
2025-03-14,AmazonEBS,us-east-1,GB-Month,78.7603,74.88
2025-03-14,AmazonEBS,us-west-2,GB-Month,55.9625,52.59
2025-03-14,AmazonEBS,eu-west-1,GB-Month,44.2392,45.47
2025-03-14,AmazonEBS,ap-south-1,GB-Month,26.1296,30.15
2025-03-14,AmazonDynamoDB,us-east-1,RCU/WCU,53.6453,49.42
2025-03-14,AmazonDynamoDB,us-west-2,RCU/WCU,29.0773,36.11
2025-03-14,AmazonDynamoDB,eu-west-1,RCU/WCU,30.7745,28.81
2025-03-14,AmazonDynamoDB,ap-south-1,RCU/WCU,16.0773,14.71
2025-03-15,AmazonEC2,us-east-1,InstanceHours,423.2413,394.49
2025-03-15,AmazonEC2,us-west-2,InstanceHours,255.0372,261.34
2025-03-15,AmazonEC2,eu-west-1,InstanceHours,203.2965,230.73
2025-03-15,AmazonEC2,ap-south-1,InstanceHours,124.4947,135.74
2025-03-15,AmazonS3,us-east-1,GB-Month,90.1429,103.44
2025-03-15,AmazonS3,us-west-2,GB-Month,53.003,63.63
2025-03-15,AmazonS3,eu-west-1,GB-Month,40.6723,38.22
2025-03-15,AmazonS3,ap-south-1,GB-Month,23.0508,24.73
2025-03-15,AmazonRDS,us-east-1,InstanceHours,238.529,288.68
2025-03-15,AmazonRDS,us-west-2,InstanceHours,146.4205,132.84
2025-03-15,AmazonRDS,eu-west-1,InstanceHours,139.9693,157.24
2025-03-15,AmazonRDS,ap-south-1,InstanceHours,68.4951,76.43
2025-03-15,AWSLambda,us-east-1,Requests(M),38.1371,34.44
2025-03-15,AWSLambda,us-west-2,Requests(M),23.4906,21.29
2025-03-15,AWSLambda,eu-west-1,Requests(M),16.0993,13.92
2025-03-15,AWSLambda,ap-south-1,Requests(M),11.708,11.16
2025-03-15,AmazonCloudFront,us-east-1,GB-Transfer,57.3963,55.79
2025-03-15,AmazonCloudFront,us-west-2,GB-Transfer,33.9863,31.22
2025-03-15,AmazonCloudFront,eu-west-1,GB-Transfer,32.303,35.38
2025-03-15,AmazonCloudFront,ap-south-1,GB-Transfer,17.7202,20.28
2025-03-15,AmazonEBS,us-east-1,GB-Month,72.9523,67.83
2025-03-15,AmazonEBS,us-west-2,GB-Month,41.2379,44.32
2025-03-15,AmazonEBS,eu-west-1,GB-Month,34.6011,41.21
2025-03-15,AmazonEBS,ap-south-1,GB-Month,21.9469,20.31
2025-03-15,AmazonDynamoDB,us-east-1,RCU/WCU,53.8361,47.53
2025-03-15,AmazonDynamoDB,us-west-2,RCU/WCU,26.3559,23.1
2025-03-15,AmazonDynamoDB,eu-west-1,RCU/WCU,24.0141,21.96
2025-03-15,AmazonDynamoDB,ap-south-1,RCU/WCU,12.9698,11.69
2025-03-16,AmazonEC2,us-east-1,InstanceHours,383.296,437.05
2025-03-16,AmazonEC2,us-west-2,InstanceHours,256.8772,247.95
2025-03-16,AmazonEC2,eu-west-1,InstanceHours,188.7572,224.21
2025-03-16,AmazonEC2,ap-south-1,InstanceHours,132.6279,122.05
2025-03-16,AmazonS3,us-east-1,GB-Month,80.8644,94.13
2025-03-16,AmazonS3,us-west-2,GB-Month,49.9485,53.94
2025-03-16,AmazonS3,eu-west-1,GB-Month,37.3644,46.23
2025-03-16,AmazonS3,ap-south-1,GB-Month,28.4239,33.89
2025-03-16,AmazonRDS,us-east-1,InstanceHours,270.3125,322.03
2025-03-16,AmazonRDS,us-west-2,InstanceHours,135.1709,131.97
2025-03-16,AmazonRDS,eu-west-1,InstanceHours,122.7931,141.32
2025-03-16,AmazonRDS,ap-south-1,InstanceHours,73.175,88.49
2025-03-16,AWSLambda,us-east-1,Requests(M),32.6105,28.8
2025-03-16,AWSLambda,us-west-2,Requests(M),23.5061,28.0
2025-03-16,AWSLambda,eu-west-1,Requests(M),16.2884,14.72
2025-03-16,AWSLambda,ap-south-1,Requests(M),9.4749,10.27
2025-03-16,AmazonCloudFront,us-east-1,GB-Transfer,50.2344,60.37
2025-03-16,AmazonCloudFront,us-west-2,GB-Transfer,32.6121,27.74
2025-03-16,AmazonCloudFront,eu-west-1,GB-Transfer,32.2925,30.37
2025-03-16,AmazonCloudFront,ap-south-1,GB-Transfer,17.7045,17.6
2025-03-16,AmazonEBS,us-east-1,GB-Month,73.7822,85.58
2025-03-16,AmazonEBS,us-west-2,GB-Month,40.9541,42.41
2025-03-16,AmazonEBS,eu-west-1,GB-Month,39.8131,37.07
2025-03-16,AmazonEBS,ap-south-1,GB-Month,22.7046,21.25
2025-03-16,AmazonDynamoDB,us-east-1,RCU/WCU,46.6391,57.07
2025-03-16,AmazonDynamoDB,us-west-2,RCU/WCU,26.755,24.6
2025-03-16,AmazonDynamoDB,eu-west-1,RCU/WCU,24.019,21.02
2025-03-16,AmazonDynamoDB,ap-south-1,RCU/WCU,13.4609,13.19
2025-03-17,AmazonEC2,us-east-1,InstanceHours,470.2878,402.4
2025-03-17,AmazonEC2,us-west-2,InstanceHours,289.4521,295.28
2025-03-17,AmazonEC2,eu-west-1,InstanceHours,225.6167,198.99
2025-03-17,AmazonEC2,ap-south-1,InstanceHours,117.8809,110.81
2025-03-17,AmazonS3,us-east-1,GB-Month,105.7978,100.33
2025-03-17,AmazonS3,us-west-2,GB-Month,58.1508,66.46
2025-03-17,AmazonS3,eu-west-1,GB-Month,51.6531,53.37
2025-03-17,AmazonS3,ap-south-1,GB-Month,30.3366,28.57
2025-03-17,AmazonRDS,us-east-1,InstanceHours,337.0051,339.83
2025-03-17,AmazonRDS,us-west-2,InstanceHours,177.5102,194.01
2025-03-17,AmazonRDS,eu-west-1,InstanceHours,158.8759,160.93
2025-03-17,AmazonRDS,ap-south-1,InstanceHours,85.9445,97.07
2025-03-17,AWSLambda,us-east-1,Requests(M),37.0009,41.35
2025-03-17,AWSLambda,us-west-2,Requests(M),24.7728,23.0
2025-03-17,AWSLambda,eu-west-1,Requests(M),18.741,20.76
2025-03-17,AWSLambda,ap-south-1,Requests(M),12.6389,13.7
2025-03-17,AmazonCloudFront,us-east-1,GB-Transfer,61.6785,73.28
2025-03-17,AmazonCloudFront,us-west-2,GB-Transfer,42.0107,39.21
2025-03-17,AmazonCloudFront,eu-west-1,GB-Transfer,34.0639,36.03
2025-03-17,AmazonCloudFront,ap-south-1,GB-Transfer,22.9259,23.57
2025-03-17,AmazonEBS,us-east-1,GB-Month,88.2241,79.68
2025-03-17,AmazonEBS,us-west-2,GB-Month,50.6239,57.32
2025-03-17,AmazonEBS,eu-west-1,GB-Month,45.4201,43.46
2025-03-17,AmazonEBS,ap-south-1,GB-Month,21.026,21.3
2025-03-17,AmazonDynamoDB,us-east-1,RCU/WCU,59.3987,59.28
2025-03-17,AmazonDynamoDB,us-west-2,RCU/WCU,35.8917,31.44
2025-03-17,AmazonDynamoDB,eu-west-1,RCU/WCU,30.1835,25.52
2025-03-17,AmazonDynamoDB,ap-south-1,RCU/WCU,18.003,19.86
2025-03-18,AmazonEC2,us-east-1,InstanceHours,497.2569,448.43
2025-03-18,AmazonEC2,us-west-2,InstanceHours,278.6519,238.04
2025-03-18,AmazonEC2,eu-west-1,InstanceHours,241.6308,281.67
2025-03-18,AmazonEC2,ap-south-1,InstanceHours,136.2787,136.07
2025-03-18,AmazonS3,us-east-1,GB-Month,95.689,102.99
2025-03-18,AmazonS3,us-west-2,GB-Month,59.9058,69.05
2025-03-18,AmazonS3,eu-west-1,GB-Month,50.4052,53.99
2025-03-18,AmazonS3,ap-south-1,GB-Month,31.6312,27.85
2025-03-18,AmazonRDS,us-east-1,InstanceHours,326.6191,309.77
2025-03-18,AmazonRDS,us-west-2,InstanceHours,190.3552,161.53
2025-03-18,AmazonRDS,eu-west-1,InstanceHours,151.3169,142.09
2025-03-18,AmazonRDS,ap-south-1,InstanceHours,96.9372,91.49
2025-03-18,AWSLambda,us-east-1,Requests(M),39.8563,41.89
2025-03-18,AWSLambda,us-west-2,Requests(M),24.8932,22.53
2025-03-18,AWSLambda,eu-west-1,Requests(M),19.3565,17.69
2025-03-18,AWSLambda,ap-south-1,Requests(M),11.9328,10.92
2025-03-18,AmazonCloudFront,us-east-1,GB-Transfer,66.8423,79.02
2025-03-18,AmazonCloudFront,us-west-2,GB-Transfer,35.9287,34.5
2025-03-18,AmazonCloudFront,eu-west-1,GB-Transfer,29.9914,26.52
2025-03-18,AmazonCloudFront,ap-south-1,GB-Transfer,18.3643,22.85
2025-03-18,AmazonEBS,us-east-1,GB-Month,87.3477,73.13
2025-03-18,AmazonEBS,us-west-2,GB-Month,56.6362,54.68
2025-03-18,AmazonEBS,eu-west-1,GB-Month,46.5903,46.79
2025-03-18,AmazonEBS,ap-south-1,GB-Month,22.3822,18.86
2025-03-18,AmazonDynamoDB,us-east-1,RCU/WCU,59.3199,54.75
2025-03-18,AmazonDynamoDB,us-west-2,RCU/WCU,32.733,27.62
2025-03-18,AmazonDynamoDB,eu-west-1,RCU/WCU,26.5183,25.52
2025-03-18,AmazonDynamoDB,ap-south-1,RCU/WCU,17.2164,16.02
2025-03-19,AmazonEC2,us-east-1,InstanceHours,457.3386,440.0
2025-03-19,AmazonEC2,us-west-2,InstanceHours,255.3364,268.88
2025-03-19,AmazonEC2,eu-west-1,InstanceHours,220.1385,187.15
2025-03-19,AmazonEC2,ap-south-1,InstanceHours,139.2859,126.6
2025-03-19,AmazonS3,us-east-1,GB-Month,112.9469,115.12
2025-03-19,AmazonS3,us-west-2,GB-Month,53.3767,48.04
2025-03-19,AmazonS3,eu-west-1,GB-Month,46.3819,38.96
2025-03-19,AmazonS3,ap-south-1,GB-Month,30.0386,33.49
2025-03-19,AmazonRDS,us-east-1,InstanceHours,278.0409,298.45
2025-03-19,AmazonRDS,us-west-2,InstanceHours,183.3041,187.66
2025-03-19,AmazonRDS,eu-west-1,InstanceHours,144.9465,167.98
2025-03-19,AmazonRDS,ap-south-1,InstanceHours,78.9224,77.1
2025-03-19,AWSLambda,us-east-1,Requests(M),38.1741,33.24
2025-03-19,AWSLambda,us-west-2,Requests(M),24.1832,27.67
2025-03-19,AWSLambda,eu-west-1,Requests(M),20.9435,21.21
2025-03-19,AWSLambda,ap-south-1,Requests(M),10.8135,10.82
2025-03-19,AmazonCloudFront,us-east-1,GB-Transfer,69.4475,66.34
2025-03-19,AmazonCloudFront,us-west-2,GB-Transfer,39.8767,46.69
2025-03-19,AmazonCloudFront,eu-west-1,GB-Transfer,37.2444,36.25
2025-03-19,AmazonCloudFront,ap-south-1,GB-Transfer,19.652,23.3
2025-03-19,AmazonEBS,us-east-1,GB-Month,76.0295,75.5
2025-03-19,AmazonEBS,us-west-2,GB-Month,48.3767,42.53
2025-03-19,AmazonEBS,eu-west-1,GB-Month,36.1629,31.12
2025-03-19,AmazonEBS,ap-south-1,GB-Month,21.8662,21.22
2025-03-19,AmazonDynamoDB,us-east-1,RCU/WCU,49.406,47.37
2025-03-19,AmazonDynamoDB,us-west-2,RCU/WCU,35.275,34.24
2025-03-19,AmazonDynamoDB,eu-west-1,RCU/WCU,29.1269,28.7
2025-03-19,AmazonDynamoDB,ap-south-1,RCU/WCU,17.7153,17.99
2025-03-20,AmazonEC2,us-east-1,InstanceHours,454.7531,409.84
2025-03-20,AmazonEC2,us-west-2,InstanceHours,264.6607,269.65
2025-03-20,AmazonEC2,eu-west-1,InstanceHours,280.453,278.58
2025-03-20,AmazonEC2,ap-south-1,InstanceHours,144.4448,124.99
2025-03-20,AmazonS3,us-east-1,GB-Month,93.6691,85.67
2025-03-20,AmazonS3,us-west-2,GB-Month,68.5308,71.22
2025-03-20,AmazonS3,eu-west-1,GB-Month,56.3808,55.31
2025-03-20,AmazonS3,ap-south-1,GB-Month,32.1504,31.65
2025-03-20,AmazonRDS,us-east-1,InstanceHours,290.9629,285.73
2025-03-20,AmazonRDS,us-west-2,InstanceHours,165.6036,168.16
2025-03-20,AmazonRDS,eu-west-1,InstanceHours,142.36,130.98
2025-03-20,AmazonRDS,ap-south-1,InstanceHours,96.5688,100.79
2025-03-20,AWSLambda,us-east-1,Requests(M),37.5,45.27
2025-03-20,AWSLambda,us-west-2,Requests(M),21.5626,23.12
2025-03-20,AWSLambda,eu-west-1,Requests(M),20.81,22.49
2025-03-20,AWSLambda,ap-south-1,Requests(M),11.8685,10.22
2025-03-20,AmazonCloudFront,us-east-1,GB-Transfer,64.4765,63.99
2025-03-20,AmazonCloudFront,us-west-2,GB-Transfer,38.9525,36.44
2025-03-20,AmazonCloudFront,eu-west-1,GB-Transfer,28.6462,26.4
2025-03-20,AmazonCloudFront,ap-south-1,GB-Transfer,19.5798,19.49
2025-03-20,AmazonEBS,us-east-1,GB-Month,92.1304,82.85
2025-03-20,AmazonEBS,us-west-2,GB-Month,47.3089,39.91
2025-03-20,AmazonEBS,eu-west-1,GB-Month,50.797,54.39
2025-03-20,AmazonEBS,ap-south-1,GB-Month,25.4738,23.78
2025-03-20,AmazonDynamoDB,us-east-1,RCU/WCU,45.8623,40.15
2025-03-20,AmazonDynamoDB,us-west-2,RCU/WCU,30.2134,36.84
2025-03-20,AmazonDynamoDB,eu-west-1,RCU/WCU,20.9967,22.23
2025-03-20,AmazonDynamoDB,ap-south-1,RCU/WCU,19.9017,16.62
2025-03-21,AmazonEC2,us-east-1,InstanceHours,484.8814,452.03
2025-03-21,AmazonEC2,us-west-2,InstanceHours,264.8627,225.66
2025-03-21,AmazonEC2,eu-west-1,InstanceHours,250.19,295.48
2025-03-21,AmazonEC2,ap-south-1,InstanceHours,156.848,165.19
2025-03-21,AmazonS3,us-east-1,GB-Month,108.9146,102.66
2025-03-21,AmazonS3,us-west-2,GB-Month,65.224,65.04
2025-03-21,AmazonS3,eu-west-1,GB-Month,49.2861,57.66
2025-03-21,AmazonS3,ap-south-1,GB-Month,28.4389,26.09
2025-03-21,AmazonRDS,us-east-1,InstanceHours,306.7982,284.89
2025-03-21,AmazonRDS,us-west-2,InstanceHours,165.2606,168.0
2025-03-21,AmazonRDS,eu-west-1,InstanceHours,142.7624,153.83
2025-03-21,AmazonRDS,ap-south-1,InstanceHours,82.8722,76.72
2025-03-21,AWSLambda,us-east-1,Requests(M),37.5228,34.5
2025-03-21,AWSLambda,us-west-2,Requests(M),24.9344,23.36
2025-03-21,AWSLambda,eu-west-1,Requests(M),18.6752,21.64
2025-03-21,AWSLambda,ap-south-1,Requests(M),12.4857,13.96
2025-03-21,AmazonCloudFront,us-east-1,GB-Transfer,74.6551,68.17
2025-03-21,AmazonCloudFront,us-west-2,GB-Transfer,39.0636,33.38
2025-03-21,AmazonCloudFront,eu-west-1,GB-Transfer,31.1333,33.35
2025-03-21,AmazonCloudFront,ap-south-1,GB-Transfer,22.009,21.6
2025-03-21,AmazonEBS,us-east-1,GB-Month,87.0142,93.56
2025-03-21,AmazonEBS,us-west-2,GB-Month,47.9166,45.5
2025-03-21,AmazonEBS,eu-west-1,GB-Month,41.3487,35.27
2025-03-21,AmazonEBS,ap-south-1,GB-Month,26.2771,25.96
2025-03-21,AmazonDynamoDB,us-east-1,RCU/WCU,49.8564,44.93
2025-03-21,AmazonDynamoDB,us-west-2,RCU/WCU,38.5498,36.98
2025-03-21,AmazonDynamoDB,eu-west-1,RCU/WCU,30.3595,31.93
2025-03-21,AmazonDynamoDB,ap-south-1,RCU/WCU,17.0092,19.15
2025-03-22,AmazonEC2,us-east-1,InstanceHours,456.7216,468.13
2025-03-22,AmazonEC2,us-west-2,InstanceHours,270.0629,271.52
2025-03-22,AmazonEC2,eu-west-1,InstanceHours,199.1503,167.32
2025-03-22,AmazonEC2,ap-south-1,InstanceHours,118.7607,108.9
2025-03-22,AmazonS3,us-east-1,GB-Month,85.0925,77.59
2025-03-22,AmazonS3,us-west-2,GB-Month,54.2993,50.02
2025-03-22,AmazonS3,eu-west-1,GB-Month,44.9617,42.78
2025-03-22,AmazonS3,ap-south-1,GB-Month,22.2957,22.47
2025-03-22,AmazonRDS,us-east-1,InstanceHours,258.3443,226.57
2025-03-22,AmazonRDS,us-west-2,InstanceHours,154.9296,138.16
2025-03-22,AmazonRDS,eu-west-1,InstanceHours,101.5068,89.63
2025-03-22,AmazonRDS,ap-south-1,InstanceHours,73.8086,74.1
2025-03-22,AWSLambda,us-east-1,Requests(M),33.895,39.56
2025-03-22,AWSLambda,us-west-2,Requests(M),17.5911,16.34
2025-03-22,AWSLambda,eu-west-1,Requests(M),15.2397,12.89
2025-03-22,AWSLambda,ap-south-1,Requests(M),9.4539,8.51
2025-03-22,AmazonCloudFront,us-east-1,GB-Transfer,60.3972,53.18
2025-03-22,AmazonCloudFront,us-west-2,GB-Transfer,38.2284,34.64
2025-03-22,AmazonCloudFront,eu-west-1,GB-Transfer,30.0378,34.26
2025-03-22,AmazonCloudFront,ap-south-1,GB-Transfer,17.5063,14.87
2025-03-22,AmazonEBS,us-east-1,GB-Month,76.3904,89.97
2025-03-22,AmazonEBS,us-west-2,GB-Month,35.0131,34.46
2025-03-22,AmazonEBS,eu-west-1,GB-Month,39.5439,44.61
2025-03-22,AmazonEBS,ap-south-1,GB-Month,21.4513,21.4
2025-03-22,AmazonDynamoDB,us-east-1,RCU/WCU,52.1615,59.92
2025-03-22,AmazonDynamoDB,us-west-2,RCU/WCU,30.395,27.92
2025-03-22,AmazonDynamoDB,eu-west-1,RCU/WCU,22.626,26.77
2025-03-22,AmazonDynamoDB,ap-south-1,RCU/WCU,14.7301,17.47
2025-03-23,AmazonEC2,us-east-1,InstanceHours,382.6824,387.69
2025-03-23,AmazonEC2,us-west-2,InstanceHours,251.5754,266.84
2025-03-23,AmazonEC2,eu-west-1,InstanceHours,231.7189,215.78
2025-03-23,AmazonEC2,ap-south-1,InstanceHours,125.8324,125.06
2025-03-23,AmazonS3,us-east-1,GB-Month,70.6015,61.67
2025-03-23,AmazonS3,us-west-2,GB-Month,48.6985,52.23
2025-03-23,AmazonS3,eu-west-1,GB-Month,46.455,49.22
2025-03-23,AmazonS3,ap-south-1,GB-Month,24.2436,21.29
2025-03-23,AmazonRDS,us-east-1,InstanceHours,275.1487,336.35
2025-03-23,AmazonRDS,us-west-2,InstanceHours,138.0679,144.69
2025-03-23,AmazonRDS,eu-west-1,InstanceHours,136.0131,114.6
2025-03-23,AmazonRDS,ap-south-1,InstanceHours,72.1033,73.25
2025-03-23,AWSLambda,us-east-1,Requests(M),35.2392,29.69
2025-03-23,AWSLambda,us-west-2,Requests(M),21.6973,19.3
2025-03-23,AWSLambda,eu-west-1,Requests(M),17.1683,16.93
2025-03-23,AWSLambda,ap-south-1,Requests(M),9.7909,12.14
2025-03-23,AmazonCloudFront,us-east-1,GB-Transfer,59.0408,50.44
2025-03-23,AmazonCloudFront,us-west-2,GB-Transfer,34.3221,30.66
2025-03-23,AmazonCloudFront,eu-west-1,GB-Transfer,28.987,25.45
2025-03-23,AmazonCloudFront,ap-south-1,GB-Transfer,15.2577,13.33
2025-03-23,AmazonEBS,us-east-1,GB-Month,76.2192,76.22
2025-03-23,AmazonEBS,us-west-2,GB-Month,44.0428,38.11
2025-03-23,AmazonEBS,eu-west-1,GB-Month,31.1468,26.7
2025-03-23,AmazonEBS,ap-south-1,GB-Month,21.0844,22.07
2025-03-23,AmazonDynamoDB,us-east-1,RCU/WCU,40.2483,37.79
2025-03-23,AmazonDynamoDB,us-west-2,RCU/WCU,29.0378,24.24
2025-03-23,AmazonDynamoDB,eu-west-1,RCU/WCU,25.1099,30.61
2025-03-23,AmazonDynamoDB,ap-south-1,RCU/WCU,13.7054,13.42
2025-03-24,AmazonEC2,us-east-1,InstanceHours,448.877,404.86
2025-03-24,AmazonEC2,us-west-2,InstanceHours,276.6747,311.93
2025-03-24,AmazonEC2,eu-west-1,InstanceHours,224.3359,216.81
2025-03-24,AmazonEC2,ap-south-1,InstanceHours,132.68,124.71
2025-03-24,AmazonS3,us-east-1,GB-Month,86.9377,75.36
2025-03-24,AmazonS3,us-west-2,GB-Month,57.5402,51.6
2025-03-24,AmazonS3,eu-west-1,GB-Month,44.9848,41.64
2025-03-24,AmazonS3,ap-south-1,GB-Month,33.4853,29.44
2025-03-24,AmazonRDS,us-east-1,InstanceHours,327.1296,297.49
2025-03-24,AmazonRDS,us-west-2,InstanceHours,183.4666,178.35
2025-03-24,AmazonRDS,eu-west-1,InstanceHours,160.5488,181.88
2025-03-24,AmazonRDS,ap-south-1,InstanceHours,82.5701,74.27
2025-03-24,AWSLambda,us-east-1,Requests(M),41.3272,41.78
2025-03-24,AWSLambda,us-west-2,Requests(M),24.7438,28.21
2025-03-24,AWSLambda,eu-west-1,Requests(M),20.284,17.57
2025-03-24,AWSLambda,ap-south-1,Requests(M),11.5015,10.85
2025-03-24,AmazonCloudFront,us-east-1,GB-Transfer,67.9333,65.45
2025-03-24,AmazonCloudFront,us-west-2,GB-Transfer,41.5942,37.44
2025-03-24,AmazonCloudFront,eu-west-1,GB-Transfer,34.597,32.13
2025-03-24,AmazonCloudFront,ap-south-1,GB-Transfer,18.8641,16.32
2025-03-24,AmazonEBS,us-east-1,GB-Month,93.8673,96.68
2025-03-24,AmazonEBS,us-west-2,GB-Month,51.2665,52.91
2025-03-24,AmazonEBS,eu-west-1,GB-Month,45.0675,37.73
2025-03-24,AmazonEBS,ap-south-1,GB-Month,24.3726,27.0
2025-03-24,AmazonDynamoDB,us-east-1,RCU/WCU,58.7329,65.19
2025-03-24,AmazonDynamoDB,us-west-2,RCU/WCU,34.3612,41.48
2025-03-24,AmazonDynamoDB,eu-west-1,RCU/WCU,26.4106,29.19
2025-03-24,AmazonDynamoDB,ap-south-1,RCU/WCU,17.0035,19.99
2025-03-25,AmazonEC2,us-east-1,InstanceHours,464.3573,393.0
2025-03-25,AmazonEC2,us-west-2,InstanceHours,280.8329,308.13
2025-03-25,AmazonEC2,eu-west-1,InstanceHours,255.934,238.98
2025-03-25,AmazonEC2,ap-south-1,InstanceHours,141.5251,135.14
2025-03-25,AmazonS3,us-east-1,GB-Month,109.1366,94.81
2025-03-25,AmazonS3,us-west-2,GB-Month,63.9106,60.46
2025-03-25,AmazonS3,eu-west-1,GB-Month,51.4401,56.47
2025-03-25,AmazonS3,ap-south-1,GB-Month,33.0588,28.7
2025-03-25,AmazonRDS,us-east-1,InstanceHours,316.2492,387.53
2025-03-25,AmazonRDS,us-west-2,InstanceHours,178.3558,185.98
2025-03-25,AmazonRDS,eu-west-1,InstanceHours,149.5097,141.21
2025-03-25,AmazonRDS,ap-south-1,InstanceHours,95.5873,83.28
2025-03-25,AWSLambda,us-east-1,Requests(M),41.6307,34.9
2025-03-25,AWSLambda,us-west-2,Requests(M),26.2599,24.44
2025-03-25,AWSLambda,eu-west-1,Requests(M),19.6242,20.57
2025-03-25,AWSLambda,ap-south-1,Requests(M),10.8541,9.75
2025-03-25,AmazonCloudFront,us-east-1,GB-Transfer,64.339,70.71
2025-03-25,AmazonCloudFront,us-west-2,GB-Transfer,34.9886,33.91
2025-03-25,AmazonCloudFront,eu-west-1,GB-Transfer,32.0063,35.79
2025-03-25,AmazonCloudFront,ap-south-1,GB-Transfer,21.3914,19.15
2025-03-25,AmazonEBS,us-east-1,GB-Month,84.2114,104.06
2025-03-25,AmazonEBS,us-west-2,GB-Month,47.5096,50.61
2025-03-25,AmazonEBS,eu-west-1,GB-Month,40.6952,35.22
2025-03-25,AmazonEBS,ap-south-1,GB-Month,26.0814,22.41
2025-03-25,AmazonDynamoDB,us-east-1,RCU/WCU,54.4725,67.92
2025-03-25,AmazonDynamoDB,us-west-2,RCU/WCU,33.3848,34.65
2025-03-25,AmazonDynamoDB,eu-west-1,RCU/WCU,25.0501,22.08
2025-03-25,AmazonDynamoDB,ap-south-1,RCU/WCU,18.5681,17.09
2025-03-26,AmazonEC2,us-east-1,InstanceHours,525.9117,447.13
2025-03-26,AmazonEC2,us-west-2,InstanceHours,267.1378,319.07
2025-03-26,AmazonEC2,eu-west-1,InstanceHours,231.5161,231.7
2025-03-26,AmazonEC2,ap-south-1,InstanceHours,121.3316,119.32
2025-03-26,AmazonS3,us-east-1,GB-Month,110.6385,104.57
2025-03-26,AmazonS3,us-west-2,GB-Month,55.219,53.55
2025-03-26,AmazonS3,eu-west-1,GB-Month,50.8287,53.93
2025-03-26,AmazonS3,ap-south-1,GB-Month,28.1667,28.27
2025-03-26,AmazonRDS,us-east-1,InstanceHours,294.2056,365.2
2025-03-26,AmazonRDS,us-west-2,InstanceHours,188.6888,193.42
2025-03-26,AmazonRDS,eu-west-1,InstanceHours,153.7774,152.96
2025-03-26,AmazonRDS,ap-south-1,InstanceHours,92.8079,103.13
2025-03-26,AWSLambda,us-east-1,Requests(M),47.4666,39.56
2025-03-26,AWSLambda,us-west-2,Requests(M),21.2894,20.13
2025-03-26,AWSLambda,eu-west-1,Requests(M),19.7268,20.95
2025-03-26,AWSLambda,ap-south-1,Requests(M),13.7688,12.24
2025-03-26,AmazonCloudFront,us-east-1,GB-Transfer,69.223,70.43
2025-03-26,AmazonCloudFront,us-west-2,GB-Transfer,40.8531,49.39
2025-03-26,AmazonCloudFront,eu-west-1,GB-Transfer,33.2874,36.98
2025-03-26,AmazonCloudFront,ap-south-1,GB-Transfer,20.6143,21.9
2025-03-26,AmazonEBS,us-east-1,GB-Month,84.8439,104.56
2025-03-26,AmazonEBS,us-west-2,GB-Month,58.083,55.49
2025-03-26,AmazonEBS,eu-west-1,GB-Month,45.1302,45.14
2025-03-26,AmazonEBS,ap-south-1,GB-Month,25.2141,23.27
2025-03-26,AmazonDynamoDB,us-east-1,RCU/WCU,59.9303,55.06
2025-03-26,AmazonDynamoDB,us-west-2,RCU/WCU,31.9945,27.54
2025-03-26,AmazonDynamoDB,eu-west-1,RCU/WCU,28.2467,26.36
2025-03-26,AmazonDynamoDB,ap-south-1,RCU/WCU,16.3416,19.5
2025-03-27,AmazonEC2,us-east-1,InstanceHours,500.6852,513.85
2025-03-27,AmazonEC2,us-west-2,InstanceHours,283.1103,237.08
2025-03-27,AmazonEC2,eu-west-1,InstanceHours,240.2287,232.69
2025-03-27,AmazonEC2,ap-south-1,InstanceHours,140.7167,140.69
2025-03-27,AmazonS3,us-east-1,GB-Month,104.6967,115.87
2025-03-27,AmazonS3,us-west-2,GB-Month,64.454,55.53
2025-03-27,AmazonS3,eu-west-1,GB-Month,56.3622,58.99
2025-03-27,AmazonS3,ap-south-1,GB-Month,29.9312,26.25
2025-03-27,AmazonRDS,us-east-1,InstanceHours,272.437,257.05
2025-03-27,AmazonRDS,us-west-2,InstanceHours,182.2358,207.9
2025-03-27,AmazonRDS,eu-west-1,InstanceHours,133.4542,165.0
2025-03-27,AmazonRDS,ap-south-1,InstanceHours,86.2707,97.51
2025-03-27,AWSLambda,us-east-1,Requests(M),35.175,35.15
2025-03-27,AWSLambda,us-west-2,Requests(M),29.2201,32.5
2025-03-27,AWSLambda,eu-west-1,Requests(M),21.6792,22.99
2025-03-27,AWSLambda,ap-south-1,Requests(M),12.9056,11.2
2025-03-27,AmazonCloudFront,us-east-1,GB-Transfer,75.4607,82.84
2025-03-27,AmazonCloudFront,us-west-2,GB-Transfer,43.8457,54.79
2025-03-27,AmazonCloudFront,eu-west-1,GB-Transfer,34.6283,40.77
2025-03-27,AmazonCloudFront,ap-south-1,GB-Transfer,20.8232,21.93
2025-03-27,AmazonEBS,us-east-1,GB-Month,93.55,81.76
2025-03-27,AmazonEBS,us-west-2,GB-Month,56.4367,65.92
2025-03-27,AmazonEBS,eu-west-1,GB-Month,39.5521,41.38
2025-03-27,AmazonEBS,ap-south-1,GB-Month,25.2233,31.29
2025-03-27,AmazonDynamoDB,us-east-1,RCU/WCU,57.0419,50.04
2025-03-27,AmazonDynamoDB,us-west-2,RCU/WCU,36.6293,44.46
2025-03-27,AmazonDynamoDB,eu-west-1,RCU/WCU,26.6788,27.95
2025-03-27,AmazonDynamoDB,ap-south-1,RCU/WCU,15.8723,14.16
2025-03-28,AmazonEC2,us-east-1,InstanceHours,428.5329,518.81
2025-03-28,AmazonEC2,us-west-2,InstanceHours,274.9195,330.51
2025-03-28,AmazonEC2,eu-west-1,InstanceHours,232.0566,212.8
2025-03-28,AmazonEC2,ap-south-1,InstanceHours,160.8,149.87
2025-03-28,AmazonS3,us-east-1,GB-Month,108.8508,114.43
2025-03-28,AmazonS3,us-west-2,GB-Month,65.9296,79.34
2025-03-28,AmazonS3,eu-west-1,GB-Month,47.0302,55.87
2025-03-28,AmazonS3,ap-south-1,GB-Month,30.129,26.01
2025-03-28,AmazonRDS,us-east-1,InstanceHours,311.2504,331.71
2025-03-28,AmazonRDS,us-west-2,InstanceHours,178.9663,167.12
2025-03-28,AmazonRDS,eu-west-1,InstanceHours,153.4548,180.15
2025-03-28,AmazonRDS,ap-south-1,InstanceHours,79.689,99.51
2025-03-28,AWSLambda,us-east-1,Requests(M),40.0243,34.19
2025-03-28,AWSLambda,us-west-2,Requests(M),25.2467,27.04
2025-03-28,AWSLambda,eu-west-1,Requests(M),18.3375,16.94
2025-03-28,AWSLambda,ap-south-1,Requests(M),10.3313,10.07
2025-03-28,AmazonCloudFront,us-east-1,GB-Transfer,62.6735,71.87
2025-03-28,AmazonCloudFront,us-west-2,GB-Transfer,44.8551,44.67
2025-03-28,AmazonCloudFront,eu-west-1,GB-Transfer,30.9678,35.16
2025-03-28,AmazonCloudFront,ap-south-1,GB-Transfer,20.4558,21.24
2025-03-28,AmazonEBS,us-east-1,GB-Month,73.5886,85.63
2025-03-28,AmazonEBS,us-west-2,GB-Month,47.6153,59.39
2025-03-28,AmazonEBS,eu-west-1,GB-Month,43.2224,40.42
2025-03-28,AmazonEBS,ap-south-1,GB-Month,25.5244,30.84
2025-03-28,AmazonDynamoDB,us-east-1,RCU/WCU,61.4717,53.02
2025-03-28,AmazonDynamoDB,us-west-2,RCU/WCU,35.1236,35.87
2025-03-28,AmazonDynamoDB,eu-west-1,RCU/WCU,26.1961,30.23
2025-03-28,AmazonDynamoDB,ap-south-1,RCU/WCU,16.7187,17.09
2025-03-29,AmazonEC2,us-east-1,InstanceHours,391.5845,403.0
2025-03-29,AmazonEC2,us-west-2,InstanceHours,202.7604,191.68
2025-03-29,AmazonEC2,eu-west-1,InstanceHours,228.3049,257.63
2025-03-29,AmazonEC2,ap-south-1,InstanceHours,121.9289,107.75
2025-03-29,AmazonS3,us-east-1,GB-Month,88.2718,104.79
2025-03-29,AmazonS3,us-west-2,GB-Month,54.8076,47.32
2025-03-29,AmazonS3,eu-west-1,GB-Month,45.7218,56.12
2025-03-29,AmazonS3,ap-south-1,GB-Month,27.6628,24.71
2025-03-29,AmazonRDS,us-east-1,InstanceHours,243.4437,236.16
2025-03-29,AmazonRDS,us-west-2,InstanceHours,144.7174,159.73
2025-03-29,AmazonRDS,eu-west-1,InstanceHours,136.2774,161.61
2025-03-29,AmazonRDS,ap-south-1,InstanceHours,84.9788,79.99
2025-03-29,AWSLambda,us-east-1,Requests(M),29.1819,29.66
2025-03-29,AWSLambda,us-west-2,Requests(M),21.9481,23.99
2025-03-29,AWSLambda,eu-west-1,Requests(M),16.5802,13.9
2025-03-29,AWSLambda,ap-south-1,Requests(M),10.0736,9.59
2025-03-29,AmazonCloudFront,us-east-1,GB-Transfer,46.6999,45.98
2025-03-29,AmazonCloudFront,us-west-2,GB-Transfer,34.7717,36.52
2025-03-29,AmazonCloudFront,eu-west-1,GB-Transfer,27.6572,30.38
2025-03-29,AmazonCloudFront,ap-south-1,GB-Transfer,14.3689,16.48
2025-03-29,AmazonEBS,us-east-1,GB-Month,79.2486,92.03
2025-03-29,AmazonEBS,us-west-2,GB-Month,44.0967,54.23
2025-03-29,AmazonEBS,eu-west-1,GB-Month,37.175,31.73
2025-03-29,AmazonEBS,ap-south-1,GB-Month,23.7581,24.29
2025-03-29,AmazonDynamoDB,us-east-1,RCU/WCU,50.8765,53.48
2025-03-29,AmazonDynamoDB,us-west-2,RCU/WCU,25.9638,24.71
2025-03-29,AmazonDynamoDB,eu-west-1,RCU/WCU,25.8888,28.44
2025-03-29,AmazonDynamoDB,ap-south-1,RCU/WCU,12.7149,15.5
2025-03-30,AmazonEC2,us-east-1,InstanceHours,424.6845,499.41
2025-03-30,AmazonEC2,us-west-2,InstanceHours,279.3301,318.98
2025-03-30,AmazonEC2,eu-west-1,InstanceHours,212.4914,244.47
2025-03-30,AmazonEC2,ap-south-1,InstanceHours,118.3552,101.23
2025-03-30,AmazonS3,us-east-1,GB-Month,99.4576,117.83
2025-03-30,AmazonS3,us-west-2,GB-Month,52.8975,58.28
2025-03-30,AmazonS3,eu-west-1,GB-Month,40.1735,47.17
2025-03-30,AmazonS3,ap-south-1,GB-Month,24.7401,27.7
2025-03-30,AmazonRDS,us-east-1,InstanceHours,237.6275,232.63
2025-03-30,AmazonRDS,us-west-2,InstanceHours,175.7712,207.05
2025-03-30,AmazonRDS,eu-west-1,InstanceHours,131.3625,162.45
2025-03-30,AmazonRDS,ap-south-1,InstanceHours,79.0438,82.91
2025-03-30,AWSLambda,us-east-1,Requests(M),34.986,39.11
2025-03-30,AWSLambda,us-west-2,Requests(M),20.6917,21.06
2025-03-30,AWSLambda,eu-west-1,Requests(M),16.2511,16.11
2025-03-30,AWSLambda,ap-south-1,Requests(M),9.2007,11.2
2025-03-30,AmazonCloudFront,us-east-1,GB-Transfer,59.5462,52.62
2025-03-30,AmazonCloudFront,us-west-2,GB-Transfer,39.678,43.66
2025-03-30,AmazonCloudFront,eu-west-1,GB-Transfer,29.6509,33.85
2025-03-30,AmazonCloudFront,ap-south-1,GB-Transfer,19.166,17.9
2025-03-30,AmazonEBS,us-east-1,GB-Month,62.3824,58.11
2025-03-30,AmazonEBS,us-west-2,GB-Month,44.4948,37.34
2025-03-30,AmazonEBS,eu-west-1,GB-Month,34.6487,34.08
2025-03-30,AmazonEBS,ap-south-1,GB-Month,20.0045,23.04
2025-03-30,AmazonDynamoDB,us-east-1,RCU/WCU,54.0557,45.76
2025-03-30,AmazonDynamoDB,us-west-2,RCU/WCU,27.9963,23.44
2025-03-30,AmazonDynamoDB,eu-west-1,RCU/WCU,25.2577,31.02
2025-03-30,AmazonDynamoDB,ap-south-1,RCU/WCU,14.3529,13.07
2025-03-31,AmazonEC2,us-east-1,InstanceHours,427.5281,426.28
2025-03-31,AmazonEC2,us-west-2,InstanceHours,302.8337,355.51
2025-03-31,AmazonEC2,eu-west-1,InstanceHours,231.8379,220.71
2025-03-31,AmazonEC2,ap-south-1,InstanceHours,153.2275,177.45
2025-03-31,AmazonS3,us-east-1,GB-Month,95.2872,95.17
2025-03-31,AmazonS3,us-west-2,GB-Month,58.7839,58.91
2025-03-31,AmazonS3,eu-west-1,GB-Month,53.3246,56.45
2025-03-31,AmazonS3,ap-south-1,GB-Month,28.7638,32.89
2025-03-31,AmazonRDS,us-east-1,InstanceHours,312.0241,286.11
2025-03-31,AmazonRDS,us-west-2,InstanceHours,150.259,151.36
2025-03-31,AmazonRDS,eu-west-1,InstanceHours,134.1649,115.08
2025-03-31,AmazonRDS,ap-south-1,InstanceHours,89.0993,76.06
2025-03-31,AWSLambda,us-east-1,Requests(M),46.7271,39.01
2025-03-31,AWSLambda,us-west-2,Requests(M),25.0404,20.89
2025-03-31,AWSLambda,eu-west-1,Requests(M),20.0626,17.91
2025-03-31,AWSLambda,ap-south-1,Requests(M),12.4005,12.88
2025-03-31,AmazonCloudFront,us-east-1,GB-Transfer,65.9245,76.77
2025-03-31,AmazonCloudFront,us-west-2,GB-Transfer,34.4558,36.55
2025-03-31,AmazonCloudFront,eu-west-1,GB-Transfer,33.284,28.54
2025-03-31,AmazonCloudFront,ap-south-1,GB-Transfer,20.0066,17.35
2025-03-31,AmazonEBS,us-east-1,GB-Month,93.2795,93.49
2025-03-31,AmazonEBS,us-west-2,GB-Month,53.916,45.06
2025-03-31,AmazonEBS,eu-west-1,GB-Month,38.9571,33.34
2025-03-31,AmazonEBS,ap-south-1,GB-Month,21.0814,20.59
2025-03-31,AmazonDynamoDB,us-east-1,RCU/WCU,56.2582,58.2
2025-03-31,AmazonDynamoDB,us-west-2,RCU/WCU,32.5931,27.48
2025-03-31,AmazonDynamoDB,eu-west-1,RCU/WCU,32.2016,29.67
2025-03-31,AmazonDynamoDB,ap-south-1,RCU/WCU,18.704,16.88
2025-04-01,AmazonEC2,us-east-1,InstanceHours,433.1479,376.78
2025-04-01,AmazonEC2,us-west-2,InstanceHours,305.1708,279.24
2025-04-01,AmazonEC2,eu-west-1,InstanceHours,251.0172,212.63
2025-04-01,AmazonEC2,ap-south-1,InstanceHours,150.1484,174.5
2025-04-01,AmazonS3,us-east-1,GB-Month,125.8632,135.09
2025-04-01,AmazonS3,us-west-2,GB-Month,61.7215,54.34
2025-04-01,AmazonS3,eu-west-1,GB-Month,55.0233,45.9
2025-04-01,AmazonS3,ap-south-1,GB-Month,33.3833,36.94
2025-04-01,AmazonRDS,us-east-1,InstanceHours,307.7171,332.6
2025-04-01,AmazonRDS,us-west-2,InstanceHours,203.357,235.3
2025-04-01,AmazonRDS,eu-west-1,InstanceHours,152.0401,134.55
2025-04-01,AmazonRDS,ap-south-1,InstanceHours,96.0207,94.31
2025-04-01,AWSLambda,us-east-1,Requests(M),38.1194,40.02
2025-04-01,AWSLambda,us-west-2,Requests(M),21.9464,18.46
2025-04-01,AWSLambda,eu-west-1,Requests(M),20.999,21.91
2025-04-01,AWSLambda,ap-south-1,Requests(M),12.0485,14.87
2025-04-01,AmazonCloudFront,us-east-1,GB-Transfer,69.1592,83.3
2025-04-01,AmazonCloudFront,us-west-2,GB-Transfer,40.3899,44.16
2025-04-01,AmazonCloudFront,eu-west-1,GB-Transfer,36.8644,34.28
2025-04-01,AmazonCloudFront,ap-south-1,GB-Transfer,21.0213,17.69
2025-04-01,AmazonEBS,us-east-1,GB-Month,101.8216,98.81
2025-04-01,AmazonEBS,us-west-2,GB-Month,52.4153,52.75
2025-04-01,AmazonEBS,eu-west-1,GB-Month,44.552,39.76
2025-04-01,AmazonEBS,ap-south-1,GB-Month,27.9246,25.05
2025-04-01,AmazonDynamoDB,us-east-1,RCU/WCU,59.964,68.15
2025-04-01,AmazonDynamoDB,us-west-2,RCU/WCU,31.4582,30.44
2025-04-01,AmazonDynamoDB,eu-west-1,RCU/WCU,28.349,25.12
2025-04-01,AmazonDynamoDB,ap-south-1,RCU/WCU,16.2486,14.28
2025-04-02,AmazonEC2,us-east-1,InstanceHours,501.5915,539.84
2025-04-02,AmazonEC2,us-west-2,InstanceHours,296.4607,354.93
2025-04-02,AmazonEC2,eu-west-1,InstanceHours,259.2821,277.05
2025-04-02,AmazonEC2,ap-south-1,InstanceHours,157.2786,165.22
2025-04-02,AmazonS3,us-east-1,GB-Month,97.4814,119.52
2025-04-02,AmazonS3,us-west-2,GB-Month,67.2926,61.34
2025-04-02,AmazonS3,eu-west-1,GB-Month,56.7796,52.43
2025-04-02,AmazonS3,ap-south-1,GB-Month,28.753,28.36
2025-04-02,AmazonRDS,us-east-1,InstanceHours,308.9343,337.76
2025-04-02,AmazonRDS,us-west-2,InstanceHours,199.8014,182.69
2025-04-02,AmazonRDS,eu-west-1,InstanceHours,147.2278,126.85
2025-04-02,AmazonRDS,ap-south-1,InstanceHours,89.9494,88.34
2025-04-02,AWSLambda,us-east-1,Requests(M),41.566,43.02
2025-04-02,AWSLambda,us-west-2,Requests(M),18.4773,18.86
2025-04-02,AWSLambda,eu-west-1,Requests(M),20.4073,23.99
2025-04-02,AWSLambda,ap-south-1,Requests(M),12.3073,11.79
2025-04-02,AmazonCloudFront,us-east-1,GB-Transfer,72.7213,77.35
2025-04-02,AmazonCloudFront,us-west-2,GB-Transfer,43.7723,46.14
2025-04-02,AmazonCloudFront,eu-west-1,GB-Transfer,34.4996,33.55
2025-04-02,AmazonCloudFront,ap-south-1,GB-Transfer,23.6672,21.81
2025-04-02,AmazonEBS,us-east-1,GB-Month,81.213,94.57
2025-04-02,AmazonEBS,us-west-2,GB-Month,55.4215,60.46
2025-04-02,AmazonEBS,eu-west-1,GB-Month,35.7283,34.78
2025-04-02,AmazonEBS,ap-south-1,GB-Month,26.0869,31.76
2025-04-02,AmazonDynamoDB,us-east-1,RCU/WCU,46.923,46.28
2025-04-02,AmazonDynamoDB,us-west-2,RCU/WCU,34.9687,36.09
2025-04-02,AmazonDynamoDB,eu-west-1,RCU/WCU,29.9503,34.27
2025-04-02,AmazonDynamoDB,ap-south-1,RCU/WCU,16.8654,15.72
2025-04-03,AmazonEC2,us-east-1,InstanceHours,485.7966,422.22
2025-04-03,AmazonEC2,us-west-2,InstanceHours,308.226,362.64
2025-04-03,AmazonEC2,eu-west-1,InstanceHours,181.7183,226.23
2025-04-03,AmazonEC2,ap-south-1,InstanceHours,139.7158,142.96
2025-04-03,AmazonS3,us-east-1,GB-Month,115.5648,98.33
2025-04-03,AmazonS3,us-west-2,GB-Month,56.5165,67.74
2025-04-03,AmazonS3,eu-west-1,GB-Month,49.1784,50.08
2025-04-03,AmazonS3,ap-south-1,GB-Month,26.291,23.69
2025-04-03,AmazonRDS,us-east-1,InstanceHours,288.5133,266.15
2025-04-03,AmazonRDS,us-west-2,InstanceHours,178.6468,154.82
2025-04-03,AmazonRDS,eu-west-1,InstanceHours,181.1687,209.4
2025-04-03,AmazonRDS,ap-south-1,InstanceHours,92.9574,104.65
2025-04-03,AWSLambda,us-east-1,Requests(M),38.9853,33.28
2025-04-03,AWSLambda,us-west-2,Requests(M),21.2485,21.06
2025-04-03,AWSLambda,eu-west-1,Requests(M),19.1375,20.07
2025-04-03,AWSLambda,ap-south-1,Requests(M),11.2951,10.76
2025-04-03,AmazonCloudFront,us-east-1,GB-Transfer,57.5856,56.13
2025-04-03,AmazonCloudFront,us-west-2,GB-Transfer,37.5816,41.91
2025-04-03,AmazonCloudFront,eu-west-1,GB-Transfer,33.5045,35.85
2025-04-03,AmazonCloudFront,ap-south-1,GB-Transfer,20.3362,18.33
2025-04-03,AmazonEBS,us-east-1,GB-Month,91.5981,80.28
2025-04-03,AmazonEBS,us-west-2,GB-Month,58.0069,63.55
2025-04-03,AmazonEBS,eu-west-1,GB-Month,42.2907,44.04
2025-04-03,AmazonEBS,ap-south-1,GB-Month,27.7879,28.88
2025-04-03,AmazonDynamoDB,us-east-1,RCU/WCU,55.7002,60.04
2025-04-03,AmazonDynamoDB,us-west-2,RCU/WCU,32.0466,38.62
2025-04-03,AmazonDynamoDB,eu-west-1,RCU/WCU,30.406,32.49
2025-04-03,AmazonDynamoDB,ap-south-1,RCU/WCU,16.6874,19.64
2025-04-04,AmazonEC2,us-east-1,InstanceHours,453.2802,381.31
2025-04-04,AmazonEC2,us-west-2,InstanceHours,268.146,307.68
2025-04-04,AmazonEC2,eu-west-1,InstanceHours,210.3365,179.32
2025-04-04,AmazonEC2,ap-south-1,InstanceHours,145.7054,122.17
2025-04-04,AmazonS3,us-east-1,GB-Month,98.7911,102.76
2025-04-04,AmazonS3,us-west-2,GB-Month,66.9005,74.59
2025-04-04,AmazonS3,eu-west-1,GB-Month,59.2554,68.41
2025-04-04,AmazonS3,ap-south-1,GB-Month,28.716,29.48
2025-04-04,AmazonRDS,us-east-1,InstanceHours,266.7456,282.86
2025-04-04,AmazonRDS,us-west-2,InstanceHours,201.607,251.88
2025-04-04,AmazonRDS,eu-west-1,InstanceHours,151.5456,127.59
2025-04-04,AmazonRDS,ap-south-1,InstanceHours,90.6593,83.35
2025-04-04,AWSLambda,us-east-1,Requests(M),34.7879,29.0
2025-04-04,AWSLambda,us-west-2,Requests(M),24.8431,23.98
2025-04-04,AWSLambda,eu-west-1,Requests(M),21.9884,19.32
2025-04-04,AWSLambda,ap-south-1,Requests(M),13.1854,16.4
2025-04-04,AmazonCloudFront,us-east-1,GB-Transfer,72.6892,62.77
2025-04-04,AmazonCloudFront,us-west-2,GB-Transfer,37.6591,35.06
2025-04-04,AmazonCloudFront,eu-west-1,GB-Transfer,29.5473,26.98
2025-04-04,AmazonCloudFront,ap-south-1,GB-Transfer,18.8432,17.18
2025-04-04,AmazonEBS,us-east-1,GB-Month,75.5648,64.58
2025-04-04,AmazonEBS,us-west-2,GB-Month,55.0414,53.92
2025-04-04,AmazonEBS,eu-west-1,GB-Month,40.9359,43.66
2025-04-04,AmazonEBS,ap-south-1,GB-Month,27.2105,23.66
2025-04-04,AmazonDynamoDB,us-east-1,RCU/WCU,57.5817,58.01
2025-04-04,AmazonDynamoDB,us-west-2,RCU/WCU,32.7101,29.72
2025-04-04,AmazonDynamoDB,eu-west-1,RCU/WCU,26.6293,22.75
2025-04-04,AmazonDynamoDB,ap-south-1,RCU/WCU,16.2622,15.81
2025-04-05,AmazonEC2,us-east-1,InstanceHours,366.6761,317.68
2025-04-05,AmazonEC2,us-west-2,InstanceHours,282.7407,256.55
2025-04-05,AmazonEC2,eu-west-1,InstanceHours,203.679,176.82
2025-04-05,AmazonEC2,ap-south-1,InstanceHours,123.3548,126.15
2025-04-05,AmazonS3,us-east-1,GB-Month,87.9192,81.58
2025-04-05,AmazonS3,us-west-2,GB-Month,56.0241,67.69
2025-04-05,AmazonS3,eu-west-1,GB-Month,41.1585,43.76
2025-04-05,AmazonS3,ap-south-1,GB-Month,28.9611,34.17
2025-04-05,AmazonRDS,us-east-1,InstanceHours,247.7462,266.03
2025-04-05,AmazonRDS,us-west-2,InstanceHours,148.1721,128.09
2025-04-05,AmazonRDS,eu-west-1,InstanceHours,141.2456,169.54
2025-04-05,AmazonRDS,ap-south-1,InstanceHours,71.2526,68.75
2025-04-05,AWSLambda,us-east-1,Requests(M),35.3647,31.06
2025-04-05,AWSLambda,us-west-2,Requests(M),20.5013,20.88
2025-04-05,AWSLambda,eu-west-1,Requests(M),16.2108,15.82
2025-04-05,AWSLambda,ap-south-1,Requests(M),10.7453,12.95
2025-04-05,AmazonCloudFront,us-east-1,GB-Transfer,53.0404,48.77
2025-04-05,AmazonCloudFront,us-west-2,GB-Transfer,33.3249,33.46
2025-04-05,AmazonCloudFront,eu-west-1,GB-Transfer,29.5615,35.42
2025-04-05,AmazonCloudFront,ap-south-1,GB-Transfer,19.9241,18.21
2025-04-05,AmazonEBS,us-east-1,GB-Month,82.3408,74.8
2025-04-05,AmazonEBS,us-west-2,GB-Month,45.5254,52.8
2025-04-05,AmazonEBS,eu-west-1,GB-Month,35.7982,29.85
2025-04-05,AmazonEBS,ap-south-1,GB-Month,18.494,19.02
2025-04-05,AmazonDynamoDB,us-east-1,RCU/WCU,52.5347,59.58
2025-04-05,AmazonDynamoDB,us-west-2,RCU/WCU,31.8937,38.73
2025-04-05,AmazonDynamoDB,eu-west-1,RCU/WCU,28.0307,23.37
2025-04-05,AmazonDynamoDB,ap-south-1,RCU/WCU,15.1577,16.07
2025-04-06,AmazonEC2,us-east-1,InstanceHours,402.3809,374.04
2025-04-06,AmazonEC2,us-west-2,InstanceHours,262.7846,252.85
2025-04-06,AmazonEC2,eu-west-1,InstanceHours,204.5421,186.23
2025-04-06,AmazonEC2,ap-south-1,InstanceHours,121.5335,139.84
2025-04-06,AmazonS3,us-east-1,GB-Month,77.0783,68.89
2025-04-06,AmazonS3,us-west-2,GB-Month,56.0623,50.08
2025-04-06,AmazonS3,eu-west-1,GB-Month,44.4739,48.67
2025-04-06,AmazonS3,ap-south-1,GB-Month,29.6292,26.37
2025-04-06,AmazonRDS,us-east-1,InstanceHours,242.1708,277.22
2025-04-06,AmazonRDS,us-west-2,InstanceHours,141.7587,132.52
2025-04-06,AmazonRDS,eu-west-1,InstanceHours,138.0888,142.91
2025-04-06,AmazonRDS,ap-south-1,InstanceHours,84.3146,100.37
2025-04-06,AWSLambda,us-east-1,Requests(M),34.258,35.58
2025-04-06,AWSLambda,us-west-2,Requests(M),21.9792,21.23
2025-04-06,AWSLambda,eu-west-1,Requests(M),16.6708,17.33
2025-04-06,AWSLambda,ap-south-1,Requests(M),10.0453,11.28
2025-04-06,AmazonCloudFront,us-east-1,GB-Transfer,60.6571,59.92
2025-04-06,AmazonCloudFront,us-west-2,GB-Transfer,34.4055,34.63
2025-04-06,AmazonCloudFront,eu-west-1,GB-Transfer,29.9495,35.45
2025-04-06,AmazonCloudFront,ap-south-1,GB-Transfer,17.7522,15.66
2025-04-06,AmazonEBS,us-east-1,GB-Month,66.8732,72.78
2025-04-06,AmazonEBS,us-west-2,GB-Month,44.9049,45.22
2025-04-06,AmazonEBS,eu-west-1,GB-Month,33.5177,33.06
2025-04-06,AmazonEBS,ap-south-1,GB-Month,23.3924,21.78
2025-04-06,AmazonDynamoDB,us-east-1,RCU/WCU,53.1881,46.34
2025-04-06,AmazonDynamoDB,us-west-2,RCU/WCU,28.9596,29.3
2025-04-06,AmazonDynamoDB,eu-west-1,RCU/WCU,27.6882,27.95
2025-04-06,AmazonDynamoDB,ap-south-1,RCU/WCU,16.1887,19.05
2025-04-07,AmazonEC2,us-east-1,InstanceHours,493.7236,430.39
2025-04-07,AmazonEC2,us-west-2,InstanceHours,283.7796,265.32
2025-04-07,AmazonEC2,eu-west-1,InstanceHours,260.8743,296.05
2025-04-07,AmazonEC2,ap-south-1,InstanceHours,164.4426,169.3
2025-04-07,AmazonS3,us-east-1,GB-Month,106.4662,131.86
2025-04-07,AmazonS3,us-west-2,GB-Month,71.4588,60.49
2025-04-07,AmazonS3,eu-west-1,GB-Month,49.7753,47.56
2025-04-07,AmazonS3,ap-south-1,GB-Month,32.7561,28.01
2025-04-07,AmazonRDS,us-east-1,InstanceHours,299.1656,304.5
2025-04-07,AmazonRDS,us-west-2,InstanceHours,166.1469,172.34
2025-04-07,AmazonRDS,eu-west-1,InstanceHours,144.832,175.45
2025-04-07,AmazonRDS,ap-south-1,InstanceHours,97.5751,118.08
2025-04-07,AWSLambda,us-east-1,Requests(M),39.9179,36.71
2025-04-07,AWSLambda,us-west-2,Requests(M),23.1472,26.26
2025-04-07,AWSLambda,eu-west-1,Requests(M),22.312,24.73
2025-04-07,AWSLambda,ap-south-1,Requests(M),13.1023,12.6
2025-04-07,AmazonCloudFront,us-east-1,GB-Transfer,67.0588,71.74
2025-04-07,AmazonCloudFront,us-west-2,GB-Transfer,47.8495,45.67
2025-04-07,AmazonCloudFront,eu-west-1,GB-Transfer,34.3466,35.9
2025-04-07,AmazonCloudFront,ap-south-1,GB-Transfer,21.3013,21.61
2025-04-07,AmazonEBS,us-east-1,GB-Month,86.9319,93.33
2025-04-07,AmazonEBS,us-west-2,GB-Month,48.4887,57.14
2025-04-07,AmazonEBS,eu-west-1,GB-Month,42.6638,44.41
2025-04-07,AmazonEBS,ap-south-1,GB-Month,25.8562,30.7
2025-04-07,AmazonDynamoDB,us-east-1,RCU/WCU,49.4159,49.54
2025-04-07,AmazonDynamoDB,us-west-2,RCU/WCU,35.3585,36.28
2025-04-07,AmazonDynamoDB,eu-west-1,RCU/WCU,30.8641,36.29
2025-04-07,AmazonDynamoDB,ap-south-1,RCU/WCU,15.7881,19.22
2025-04-08,AmazonEC2,us-east-1,InstanceHours,510.6829,510.98
2025-04-08,AmazonEC2,us-west-2,InstanceHours,316.5945,320.73
2025-04-08,AmazonEC2,eu-west-1,InstanceHours,185.9401,194.26
2025-04-08,AmazonEC2,ap-south-1,InstanceHours,143.5297,143.55
2025-04-08,AmazonS3,us-east-1,GB-Month,119.4377,110.13
2025-04-08,AmazonS3,us-west-2,GB-Month,63.5209,66.79
2025-04-08,AmazonS3,eu-west-1,GB-Month,44.3162,43.68
2025-04-08,AmazonS3,ap-south-1,GB-Month,27.9967,28.53
2025-04-08,AmazonRDS,us-east-1,InstanceHours,306.9497,264.73
2025-04-08,AmazonRDS,us-west-2,InstanceHours,188.8637,174.28
2025-04-08,AmazonRDS,eu-west-1,InstanceHours,150.4338,126.9
2025-04-08,AmazonRDS,ap-south-1,InstanceHours,91.6441,106.16
2025-04-08,AWSLambda,us-east-1,Requests(M),40.5965,34.02
2025-04-08,AWSLambda,us-west-2,Requests(M),22.9742,23.76
2025-04-08,AWSLambda,eu-west-1,Requests(M),20.303,19.16
2025-04-08,AWSLambda,ap-south-1,Requests(M),10.6475,11.5
2025-04-08,AmazonCloudFront,us-east-1,GB-Transfer,67.3054,72.32
2025-04-08,AmazonCloudFront,us-west-2,GB-Transfer,43.3366,45.68
2025-04-08,AmazonCloudFront,eu-west-1,GB-Transfer,32.1717,29.12
2025-04-08,AmazonCloudFront,ap-south-1,GB-Transfer,20.3314,21.49
2025-04-08,AmazonEBS,us-east-1,GB-Month,87.4887,91.53
2025-04-08,AmazonEBS,us-west-2,GB-Month,59.4046,58.97
2025-04-08,AmazonEBS,eu-west-1,GB-Month,46.7683,55.86
2025-04-08,AmazonEBS,ap-south-1,GB-Month,22.7502,21.7
2025-04-08,AmazonDynamoDB,us-east-1,RCU/WCU,67.3565,69.39
2025-04-08,AmazonDynamoDB,us-west-2,RCU/WCU,38.4733,46.41
2025-04-08,AmazonDynamoDB,eu-west-1,RCU/WCU,29.3126,34.64
2025-04-08,AmazonDynamoDB,ap-south-1,RCU/WCU,18.4415,18.36
2025-04-09,AmazonEC2,us-east-1,InstanceHours,455.2735,436.61
2025-04-09,AmazonEC2,us-west-2,InstanceHours,289.6961,257.89
2025-04-09,AmazonEC2,eu-west-1,InstanceHours,226.5576,197.88
2025-04-09,AmazonEC2,ap-south-1,InstanceHours,152.4159,162.66
2025-04-09,AmazonS3,us-east-1,GB-Month,124.4236,138.39
2025-04-09,AmazonS3,us-west-2,GB-Month,60.3174,54.41
2025-04-09,AmazonS3,eu-west-1,GB-Month,51.2852,49.15
2025-04-09,AmazonS3,ap-south-1,GB-Month,31.1234,31.23
2025-04-09,AmazonRDS,us-east-1,InstanceHours,291.6663,286.95
2025-04-09,AmazonRDS,us-west-2,InstanceHours,187.8225,202.7
2025-04-09,AmazonRDS,eu-west-1,InstanceHours,163.159,163.26
2025-04-09,AmazonRDS,ap-south-1,InstanceHours,85.914,89.62
2025-04-09,AWSLambda,us-east-1,Requests(M),40.3053,40.84
2025-04-09,AWSLambda,us-west-2,Requests(M),25.5489,23.9
2025-04-09,AWSLambda,eu-west-1,Requests(M),18.7464,15.98
2025-04-09,AWSLambda,ap-south-1,Requests(M),10.9478,10.22
2025-04-09,AmazonCloudFront,us-east-1,GB-Transfer,65.988,64.85
2025-04-09,AmazonCloudFront,us-west-2,GB-Transfer,43.979,37.0
2025-04-09,AmazonCloudFront,eu-west-1,GB-Transfer,32.0093,31.87
2025-04-09,AmazonCloudFront,ap-south-1,GB-Transfer,19.902,20.84
2025-04-09,AmazonEBS,us-east-1,GB-Month,86.4318,77.88
2025-04-09,AmazonEBS,us-west-2,GB-Month,52.5303,45.93
2025-04-09,AmazonEBS,eu-west-1,GB-Month,42.7442,49.53
2025-04-09,AmazonEBS,ap-south-1,GB-Month,25.9757,31.36
2025-04-09,AmazonDynamoDB,us-east-1,RCU/WCU,51.0401,61.8
2025-04-09,AmazonDynamoDB,us-west-2,RCU/WCU,32.8889,32.5
2025-04-09,AmazonDynamoDB,eu-west-1,RCU/WCU,30.7283,38.26
2025-04-09,AmazonDynamoDB,ap-south-1,RCU/WCU,16.3411,14.37
2025-04-10,AmazonEC2,us-east-1,InstanceHours,491.358,556.07
2025-04-10,AmazonEC2,us-west-2,InstanceHours,292.5025,244.19
2025-04-10,AmazonEC2,eu-west-1,InstanceHours,255.9181,270.97
2025-04-10,AmazonEC2,ap-south-1,InstanceHours,155.342,152.55
2025-04-10,AmazonS3,us-east-1,GB-Month,113.3875,104.8
2025-04-10,AmazonS3,us-west-2,GB-Month,69.6877,83.66
2025-04-10,AmazonS3,eu-west-1,GB-Month,48.062,53.15
2025-04-10,AmazonS3,ap-south-1,GB-Month,26.2102,30.16
2025-04-10,AmazonRDS,us-east-1,InstanceHours,290.512,291.28
2025-04-10,AmazonRDS,us-west-2,InstanceHours,165.6377,200.73
2025-04-10,AmazonRDS,eu-west-1,InstanceHours,140.2881,134.7
2025-04-10,AmazonRDS,ap-south-1,InstanceHours,93.6003,92.5
2025-04-10,AWSLambda,us-east-1,Requests(M),43.8747,50.9
2025-04-10,AWSLambda,us-west-2,Requests(M),24.6197,30.54
2025-04-10,AWSLambda,eu-west-1,Requests(M),19.1264,22.6
2025-04-10,AWSLambda,ap-south-1,Requests(M),12.3588,11.26
2025-04-10,AmazonCloudFront,us-east-1,GB-Transfer,73.3262,62.84
2025-04-10,AmazonCloudFront,us-west-2,GB-Transfer,36.7695,39.68
2025-04-10,AmazonCloudFront,eu-west-1,GB-Transfer,33.7063,39.55
2025-04-10,AmazonCloudFront,ap-south-1,GB-Transfer,20.3576,24.68
2025-04-10,AmazonEBS,us-east-1,GB-Month,85.2993,91.88
2025-04-10,AmazonEBS,us-west-2,GB-Month,48.2906,44.61
2025-04-10,AmazonEBS,eu-west-1,GB-Month,44.2226,43.69
2025-04-10,AmazonEBS,ap-south-1,GB-Month,26.7313,31.79
2025-04-10,AmazonDynamoDB,us-east-1,RCU/WCU,53.3157,63.91
2025-04-10,AmazonDynamoDB,us-west-2,RCU/WCU,38.3393,33.72
2025-04-10,AmazonDynamoDB,eu-west-1,RCU/WCU,26.1308,22.75
2025-04-10,AmazonDynamoDB,ap-south-1,RCU/WCU,16.3476,14.08
2025-04-11,AmazonEC2,us-east-1,InstanceHours,435.6959,422.25
2025-04-11,AmazonEC2,us-west-2,InstanceHours,258.3231,236.26
2025-04-11,AmazonEC2,eu-west-1,InstanceHours,244.2105,206.76
2025-04-11,AmazonEC2,ap-south-1,InstanceHours,137.289,151.73
2025-04-11,AmazonS3,us-east-1,GB-Month,111.015,123.97
2025-04-11,AmazonS3,us-west-2,GB-Month,58.0053,52.97
2025-04-11,AmazonS3,eu-west-1,GB-Month,49.0817,45.18
2025-04-11,AmazonS3,ap-south-1,GB-Month,32.9336,29.28
2025-04-11,AmazonRDS,us-east-1,InstanceHours,273.8918,327.31
2025-04-11,AmazonRDS,us-west-2,InstanceHours,172.9886,167.93
2025-04-11,AmazonRDS,eu-west-1,InstanceHours,165.8967,181.94
2025-04-11,AmazonRDS,ap-south-1,InstanceHours,72.4636,83.75
2025-04-11,AWSLambda,us-east-1,Requests(M),31.0925,30.82
2025-04-11,AWSLambda,us-west-2,Requests(M),21.4525,18.16
2025-04-11,AWSLambda,eu-west-1,Requests(M),22.6577,26.62
2025-04-11,AWSLambda,ap-south-1,Requests(M),13.5677,11.32
2025-04-11,AmazonCloudFront,us-east-1,GB-Transfer,71.3904,73.92
2025-04-11,AmazonCloudFront,us-west-2,GB-Transfer,42.4374,42.4
2025-04-11,AmazonCloudFront,eu-west-1,GB-Transfer,30.651,28.49
2025-04-11,AmazonCloudFront,ap-south-1,GB-Transfer,20.8667,17.97
2025-04-11,AmazonEBS,us-east-1,GB-Month,80.092,76.31
2025-04-11,AmazonEBS,us-west-2,GB-Month,55.6309,51.59
2025-04-11,AmazonEBS,eu-west-1,GB-Month,46.5391,45.63
2025-04-11,AmazonEBS,ap-south-1,GB-Month,24.7174,21.54
2025-04-11,AmazonDynamoDB,us-east-1,RCU/WCU,59.8532,74.07
2025-04-11,AmazonDynamoDB,us-west-2,RCU/WCU,35.5086,39.57
2025-04-11,AmazonDynamoDB,eu-west-1,RCU/WCU,28.4706,24.63
2025-04-11,AmazonDynamoDB,ap-south-1,RCU/WCU,16.0632,16.27
2025-04-12,AmazonEC2,us-east-1,InstanceHours,396.0502,423.21
2025-04-12,AmazonEC2,us-west-2,InstanceHours,263.9347,227.88
2025-04-12,AmazonEC2,eu-west-1,InstanceHours,228.0819,254.94
2025-04-12,AmazonEC2,ap-south-1,InstanceHours,119.6617,101.45
2025-04-12,AmazonS3,us-east-1,GB-Month,98.5992,117.97
2025-04-12,AmazonS3,us-west-2,GB-Month,54.6182,54.78
2025-04-12,AmazonS3,eu-west-1,GB-Month,43.6769,44.69
2025-04-12,AmazonS3,ap-south-1,GB-Month,25.9623,29.88
2025-04-12,AmazonRDS,us-east-1,InstanceHours,237.8071,253.35
2025-04-12,AmazonRDS,us-west-2,InstanceHours,159.6386,149.85
2025-04-12,AmazonRDS,eu-west-1,InstanceHours,144.4823,121.98
2025-04-12,AmazonRDS,ap-south-1,InstanceHours,75.4609,89.13
2025-04-12,AWSLambda,us-east-1,Requests(M),31.5439,32.66
2025-04-12,AWSLambda,us-west-2,Requests(M),21.7719,26.77
2025-04-12,AWSLambda,eu-west-1,Requests(M),16.553,17.67
2025-04-12,AWSLambda,ap-south-1,Requests(M),9.5931,8.27
2025-04-12,AmazonCloudFront,us-east-1,GB-Transfer,51.9092,55.75
2025-04-12,AmazonCloudFront,us-west-2,GB-Transfer,36.7413,39.59
2025-04-12,AmazonCloudFront,eu-west-1,GB-Transfer,32.1229,31.73
2025-04-12,AmazonCloudFront,ap-south-1,GB-Transfer,15.911,16.68
2025-04-12,AmazonEBS,us-east-1,GB-Month,71.5303,64.2
2025-04-12,AmazonEBS,us-west-2,GB-Month,43.2216,51.15
2025-04-12,AmazonEBS,eu-west-1,GB-Month,34.4489,41.54
2025-04-12,AmazonEBS,ap-south-1,GB-Month,24.591,21.86
2025-04-12,AmazonDynamoDB,us-east-1,RCU/WCU,43.1029,37.23
2025-04-12,AmazonDynamoDB,us-west-2,RCU/WCU,30.3687,37.12
2025-04-12,AmazonDynamoDB,eu-west-1,RCU/WCU,25.6928,23.71
2025-04-12,AmazonDynamoDB,ap-south-1,RCU/WCU,13.7714,15.04
2025-04-13,AmazonEC2,us-east-1,InstanceHours,378.0062,375.59
2025-04-13,AmazonEC2,us-west-2,InstanceHours,234.3748,201.34
2025-04-13,AmazonEC2,eu-west-1,InstanceHours,175.7623,160.13
2025-04-13,AmazonEC2,ap-south-1,InstanceHours,140.3791,118.33
2025-04-13,AmazonS3,us-east-1,GB-Month,84.2448,72.3
2025-04-13,AmazonS3,us-west-2,GB-Month,51.0842,47.85
2025-04-13,AmazonS3,eu-west-1,GB-Month,50.8886,46.34
2025-04-13,AmazonS3,ap-south-1,GB-Month,22.8874,20.63
2025-04-13,AmazonRDS,us-east-1,InstanceHours,251.3612,274.0
2025-04-13,AmazonRDS,us-west-2,InstanceHours,162.0941,153.52
2025-04-13,AmazonRDS,eu-west-1,InstanceHours,144.8631,149.65
2025-04-13,AmazonRDS,ap-south-1,InstanceHours,66.7372,77.49
2025-04-13,AWSLambda,us-east-1,Requests(M),39.4811,35.26
2025-04-13,AWSLambda,us-west-2,Requests(M),20.0213,20.07
2025-04-13,AWSLambda,eu-west-1,Requests(M),16.6953,14.98
2025-04-13,AWSLambda,ap-south-1,Requests(M),9.2961,9.63
2025-04-13,AmazonCloudFront,us-east-1,GB-Transfer,58.9825,65.79
2025-04-13,AmazonCloudFront,us-west-2,GB-Transfer,40.6252,36.32
2025-04-13,AmazonCloudFront,eu-west-1,GB-Transfer,29.4448,33.33
2025-04-13,AmazonCloudFront,ap-south-1,GB-Transfer,16.394,19.83
2025-04-13,AmazonEBS,us-east-1,GB-Month,69.3921,64.09
2025-04-13,AmazonEBS,us-west-2,GB-Month,59.7494,54.42
2025-04-13,AmazonEBS,eu-west-1,GB-Month,34.8288,33.09
2025-04-13,AmazonEBS,ap-south-1,GB-Month,24.7554,24.02
2025-04-13,AmazonDynamoDB,us-east-1,RCU/WCU,56.0425,47.54
2025-04-13,AmazonDynamoDB,us-west-2,RCU/WCU,25.8551,29.48
2025-04-13,AmazonDynamoDB,eu-west-1,RCU/WCU,22.2678,21.2
2025-04-13,AmazonDynamoDB,ap-south-1,RCU/WCU,13.4851,15.82
2025-04-14,AmazonEC2,us-east-1,InstanceHours,461.0987,393.03
2025-04-14,AmazonEC2,us-west-2,InstanceHours,337.8511,298.38
2025-04-14,AmazonEC2,eu-west-1,InstanceHours,278.2984,271.04
2025-04-14,AmazonEC2,ap-south-1,InstanceHours,144.8251,139.9
2025-04-14,AmazonS3,us-east-1,GB-Month,99.7681,120.02
2025-04-14,AmazonS3,us-west-2,GB-Month,52.1182,55.27
2025-04-14,AmazonS3,eu-west-1,GB-Month,52.6049,44.38
2025-04-14,AmazonS3,ap-south-1,GB-Month,31.2716,30.59
2025-04-14,AmazonRDS,us-east-1,InstanceHours,269.9965,250.43
2025-04-14,AmazonRDS,us-west-2,InstanceHours,185.3038,223.73
2025-04-14,AmazonRDS,eu-west-1,InstanceHours,160.9506,174.17
2025-04-14,AmazonRDS,ap-south-1,InstanceHours,80.9137,98.68
2025-04-14,AWSLambda,us-east-1,Requests(M),38.5941,46.77
2025-04-14,AWSLambda,us-west-2,Requests(M),25.8885,31.19
2025-04-14,AWSLambda,eu-west-1,Requests(M),18.9652,17.09
2025-04-14,AWSLambda,ap-south-1,Requests(M),11.5385,12.42
2025-04-14,AmazonCloudFront,us-east-1,GB-Transfer,66.2817,66.47
2025-04-14,AmazonCloudFront,us-west-2,GB-Transfer,42.9237,39.92
2025-04-14,AmazonCloudFront,eu-west-1,GB-Transfer,37.5693,32.11
2025-04-14,AmazonCloudFront,ap-south-1,GB-Transfer,23.4678,26.33
2025-04-14,AmazonEBS,us-east-1,GB-Month,93.3376,112.3
2025-04-14,AmazonEBS,us-west-2,GB-Month,51.6804,62.84
2025-04-14,AmazonEBS,eu-west-1,GB-Month,45.3403,50.16
2025-04-14,AmazonEBS,ap-south-1,GB-Month,23.2101,26.49
2025-04-14,AmazonDynamoDB,us-east-1,RCU/WCU,67.8068,75.39
2025-04-14,AmazonDynamoDB,us-west-2,RCU/WCU,32.2573,35.05
2025-04-14,AmazonDynamoDB,eu-west-1,RCU/WCU,30.0376,28.08
2025-04-14,AmazonDynamoDB,ap-south-1,RCU/WCU,17.4468,15.67
2025-04-15,AmazonEC2,us-east-1,InstanceHours,429.6617,437.67
2025-04-15,AmazonEC2,us-west-2,InstanceHours,271.0841,241.42
2025-04-15,AmazonEC2,eu-west-1,InstanceHours,264.4443,221.2
2025-04-15,AmazonEC2,ap-south-1,InstanceHours,143.1649,172.74
2025-04-15,AmazonS3,us-east-1,GB-Month,95.4878,83.16
2025-04-15,AmazonS3,us-west-2,GB-Month,60.5934,74.88
2025-04-15,AmazonS3,eu-west-1,GB-Month,47.7423,40.71
2025-04-15,AmazonS3,ap-south-1,GB-Month,29.6452,27.76
2025-04-15,AmazonRDS,us-east-1,InstanceHours,260.9626,297.4
2025-04-15,AmazonRDS,us-west-2,InstanceHours,179.1507,201.48
2025-04-15,AmazonRDS,eu-west-1,InstanceHours,151.0869,142.96
2025-04-15,AmazonRDS,ap-south-1,InstanceHours,85.75,80.43
2025-04-15,AWSLambda,us-east-1,Requests(M),44.0555,43.47
2025-04-15,AWSLambda,us-west-2,Requests(M),23.1938,27.54
2025-04-15,AWSLambda,eu-west-1,Requests(M),19.8829,19.98
2025-04-15,AWSLambda,ap-south-1,Requests(M),11.4869,13.38
2025-04-15,AmazonCloudFront,us-east-1,GB-Transfer,66.7695,59.98
2025-04-15,AmazonCloudFront,us-west-2,GB-Transfer,43.6798,40.88
2025-04-15,AmazonCloudFront,eu-west-1,GB-Transfer,31.0243,34.93
2025-04-15,AmazonCloudFront,ap-south-1,GB-Transfer,21.3642,26.09
2025-04-15,AmazonEBS,us-east-1,GB-Month,81.2305,71.68
2025-04-15,AmazonEBS,us-west-2,GB-Month,46.6975,49.33
2025-04-15,AmazonEBS,eu-west-1,GB-Month,41.8405,37.56
2025-04-15,AmazonEBS,ap-south-1,GB-Month,29.1155,24.46
2025-04-15,AmazonDynamoDB,us-east-1,RCU/WCU,60.0248,57.24
2025-04-15,AmazonDynamoDB,us-west-2,RCU/WCU,33.4123,29.65
2025-04-15,AmazonDynamoDB,eu-west-1,RCU/WCU,26.6051,29.85
2025-04-15,AmazonDynamoDB,ap-south-1,RCU/WCU,19.8151,23.93
2025-04-16,AmazonEC2,us-east-1,InstanceHours,493.0263,450.16
2025-04-16,AmazonEC2,us-west-2,InstanceHours,290.2358,311.77
2025-04-16,AmazonEC2,eu-west-1,InstanceHours,251.4938,275.56
2025-04-16,AmazonEC2,ap-south-1,InstanceHours,152.1941,188.89
2025-04-16,AmazonS3,us-east-1,GB-Month,99.2976,108.63
2025-04-16,AmazonS3,us-west-2,GB-Month,66.2438,59.3
2025-04-16,AmazonS3,eu-west-1,GB-Month,45.8837,45.42
2025-04-16,AmazonS3,ap-south-1,GB-Month,32.4941,36.37
2025-04-16,AmazonRDS,us-east-1,InstanceHours,288.3019,254.35
2025-04-16,AmazonRDS,us-west-2,InstanceHours,196.8903,206.68
2025-04-16,AmazonRDS,eu-west-1,InstanceHours,143.3501,146.87
2025-04-16,AmazonRDS,ap-south-1,InstanceHours,96.8759,92.6
2025-04-16,AWSLambda,us-east-1,Requests(M),41.1904,36.27
2025-04-16,AWSLambda,us-west-2,Requests(M),29.4606,25.7
2025-04-16,AWSLambda,eu-west-1,Requests(M),21.3945,25.9
2025-04-16,AWSLambda,ap-south-1,Requests(M),12.1147,14.33
2025-04-16,AmazonCloudFront,us-east-1,GB-Transfer,59.5761,60.44
2025-04-16,AmazonCloudFront,us-west-2,GB-Transfer,45.1501,48.48
2025-04-16,AmazonCloudFront,eu-west-1,GB-Transfer,37.8325,36.47
2025-04-16,AmazonCloudFront,ap-south-1,GB-Transfer,20.1096,16.77
2025-04-16,AmazonEBS,us-east-1,GB-Month,81.4635,89.94
2025-04-16,AmazonEBS,us-west-2,GB-Month,55.3902,59.28
2025-04-16,AmazonEBS,eu-west-1,GB-Month,44.0721,41.74
2025-04-16,AmazonEBS,ap-south-1,GB-Month,25.4963,28.62
2025-04-16,AmazonDynamoDB,us-east-1,RCU/WCU,59.6366,51.52
2025-04-16,AmazonDynamoDB,us-west-2,RCU/WCU,33.5071,37.13
2025-04-16,AmazonDynamoDB,eu-west-1,RCU/WCU,31.4878,28.41
2025-04-16,AmazonDynamoDB,ap-south-1,RCU/WCU,16.8597,14.98
2025-04-17,AmazonEC2,us-east-1,InstanceHours,516.9764,555.66
2025-04-17,AmazonEC2,us-west-2,InstanceHours,290.7113,336.99
2025-04-17,AmazonEC2,eu-west-1,InstanceHours,248.1239,217.3
2025-04-17,AmazonEC2,ap-south-1,InstanceHours,165.9796,199.38
2025-04-17,AmazonS3,us-east-1,GB-Month,99.4923,93.69
2025-04-17,AmazonS3,us-west-2,GB-Month,66.0982,81.0
2025-04-17,AmazonS3,eu-west-1,GB-Month,58.0237,61.24
2025-04-17,AmazonS3,ap-south-1,GB-Month,32.9485,37.18
2025-04-17,AmazonRDS,us-east-1,InstanceHours,329.0488,354.04
2025-04-17,AmazonRDS,us-west-2,InstanceHours,181.4362,201.37
2025-04-17,AmazonRDS,eu-west-1,InstanceHours,157.9138,185.47
2025-04-17,AmazonRDS,ap-south-1,InstanceHours,96.8359,81.1
2025-04-17,AWSLambda,us-east-1,Requests(M),40.3075,42.3
2025-04-17,AWSLambda,us-west-2,Requests(M),28.9323,24.95
2025-04-17,AWSLambda,eu-west-1,Requests(M),18.8117,22.16
2025-04-17,AWSLambda,ap-south-1,Requests(M),11.1333,10.09
2025-04-17,AmazonCloudFront,us-east-1,GB-Transfer,78.2391,88.17
2025-04-17,AmazonCloudFront,us-west-2,GB-Transfer,46.2564,43.62
2025-04-17,AmazonCloudFront,eu-west-1,GB-Transfer,32.6447,29.13
2025-04-17,AmazonCloudFront,ap-south-1,GB-Transfer,22.7794,24.25
2025-04-17,AmazonEBS,us-east-1,GB-Month,89.5248,75.07
2025-04-17,AmazonEBS,us-west-2,GB-Month,51.9641,56.93
2025-04-17,AmazonEBS,eu-west-1,GB-Month,40.7002,35.41
2025-04-17,AmazonEBS,ap-south-1,GB-Month,25.6799,24.99
2025-04-17,AmazonDynamoDB,us-east-1,RCU/WCU,53.4256,45.33
2025-04-17,AmazonDynamoDB,us-west-2,RCU/WCU,33.7746,33.37
2025-04-17,AmazonDynamoDB,eu-west-1,RCU/WCU,26.6605,29.35
2025-04-17,AmazonDynamoDB,ap-south-1,RCU/WCU,15.4331,14.83
2025-04-18,AmazonEC2,us-east-1,InstanceHours,532.6516,549.55
2025-04-18,AmazonEC2,us-west-2,InstanceHours,286.185,317.66
2025-04-18,AmazonEC2,eu-west-1,InstanceHours,248.8247,211.89
2025-04-18,AmazonEC2,ap-south-1,InstanceHours,138.7249,138.07
2025-04-18,AmazonS3,us-east-1,GB-Month,101.8259,91.24
2025-04-18,AmazonS3,us-west-2,GB-Month,57.4447,58.89
2025-04-18,AmazonS3,eu-west-1,GB-Month,58.7262,56.87
2025-04-18,AmazonS3,ap-south-1,GB-Month,26.0325,22.79
2025-04-18,AmazonRDS,us-east-1,InstanceHours,321.1017,312.85
2025-04-18,AmazonRDS,us-west-2,InstanceHours,171.4994,186.37
2025-04-18,AmazonRDS,eu-west-1,InstanceHours,138.2459,131.78
2025-04-18,AmazonRDS,ap-south-1,InstanceHours,79.7376,89.36
2025-04-18,AWSLambda,us-east-1,Requests(M),40.699,34.84
2025-04-18,AWSLambda,us-west-2,Requests(M),25.6617,31.35
2025-04-18,AWSLambda,eu-west-1,Requests(M),21.2022,26.03
2025-04-18,AWSLambda,ap-south-1,Requests(M),11.6684,11.97
2025-04-18,AmazonCloudFront,us-east-1,GB-Transfer,67.839,59.74
2025-04-18,AmazonCloudFront,us-west-2,GB-Transfer,38.1965,36.4
2025-04-18,AmazonCloudFront,eu-west-1,GB-Transfer,32.2461,27.38
2025-04-18,AmazonCloudFront,ap-south-1,GB-Transfer,22.8218,21.06
2025-04-18,AmazonEBS,us-east-1,GB-Month,74.5239,63.83
2025-04-18,AmazonEBS,us-west-2,GB-Month,44.2679,42.96
2025-04-18,AmazonEBS,eu-west-1,GB-Month,40.8087,45.88
2025-04-18,AmazonEBS,ap-south-1,GB-Month,29.3321,26.92
2025-04-18,AmazonDynamoDB,us-east-1,RCU/WCU,57.6419,54.92
2025-04-18,AmazonDynamoDB,us-west-2,RCU/WCU,41.3363,46.8
2025-04-18,AmazonDynamoDB,eu-west-1,RCU/WCU,28.0077,29.1
2025-04-18,AmazonDynamoDB,ap-south-1,RCU/WCU,18.2255,16.22
2025-04-19,AmazonEC2,us-east-1,InstanceHours,447.2996,382.09
2025-04-19,AmazonEC2,us-west-2,InstanceHours,290.1019,285.98
2025-04-19,AmazonEC2,eu-west-1,InstanceHours,195.5788,236.27
2025-04-19,AmazonEC2,ap-south-1,InstanceHours,123.3548,153.62
2025-04-19,AmazonS3,us-east-1,GB-Month,86.7316,87.84
2025-04-19,AmazonS3,us-west-2,GB-Month,56.1503,49.33
2025-04-19,AmazonS3,eu-west-1,GB-Month,49.3843,53.76
2025-04-19,AmazonS3,ap-south-1,GB-Month,29.623,26.13
2025-04-19,AmazonRDS,us-east-1,InstanceHours,241.7103,264.76
2025-04-19,AmazonRDS,us-west-2,InstanceHours,142.5796,133.48
2025-04-19,AmazonRDS,eu-west-1,InstanceHours,133.9557,160.15
2025-04-19,AmazonRDS,ap-south-1,InstanceHours,69.6507,81.09
2025-04-19,AWSLambda,us-east-1,Requests(M),36.4665,31.88
2025-04-19,AWSLambda,us-west-2,Requests(M),20.5558,17.31
2025-04-19,AWSLambda,eu-west-1,Requests(M),18.9313,18.03
2025-04-19,AWSLambda,ap-south-1,Requests(M),11.201,10.68
2025-04-19,AmazonCloudFront,us-east-1,GB-Transfer,59.3239,62.16
2025-04-19,AmazonCloudFront,us-west-2,GB-Transfer,31.9278,32.68
2025-04-19,AmazonCloudFront,eu-west-1,GB-Transfer,26.7827,28.38
2025-04-19,AmazonCloudFront,ap-south-1,GB-Transfer,17.6919,21.43
2025-04-19,AmazonEBS,us-east-1,GB-Month,76.2023,76.73
2025-04-19,AmazonEBS,us-west-2,GB-Month,42.9175,50.24
2025-04-19,AmazonEBS,eu-west-1,GB-Month,34.0214,38.66
2025-04-19,AmazonEBS,ap-south-1,GB-Month,21.5173,26.21
2025-04-19,AmazonDynamoDB,us-east-1,RCU/WCU,54.1253,52.33
2025-04-19,AmazonDynamoDB,us-west-2,RCU/WCU,28.6904,27.52
2025-04-19,AmazonDynamoDB,eu-west-1,RCU/WCU,23.305,20.48
2025-04-19,AmazonDynamoDB,ap-south-1,RCU/WCU,13.3592,16.0
2025-04-20,AmazonEC2,us-east-1,InstanceHours,408.8239,360.24
2025-04-20,AmazonEC2,us-west-2,InstanceHours,269.0579,290.18
2025-04-20,AmazonEC2,eu-west-1,InstanceHours,225.12,202.08
2025-04-20,AmazonEC2,ap-south-1,InstanceHours,115.5384,129.55
2025-04-20,AmazonS3,us-east-1,GB-Month,89.0437,81.76
2025-04-20,AmazonS3,us-west-2,GB-Month,49.8879,42.12
2025-04-20,AmazonS3,eu-west-1,GB-Month,42.7482,41.06
2025-04-20,AmazonS3,ap-south-1,GB-Month,26.2436,28.65
2025-04-20,AmazonRDS,us-east-1,InstanceHours,244.4172,295.97
2025-04-20,AmazonRDS,us-west-2,InstanceHours,118.5309,119.2
2025-04-20,AmazonRDS,eu-west-1,InstanceHours,144.2436,136.3
2025-04-20,AmazonRDS,ap-south-1,InstanceHours,72.674,83.14
2025-04-20,AWSLambda,us-east-1,Requests(M),32.4049,37.18
2025-04-20,AWSLambda,us-west-2,Requests(M),19.2475,18.11
2025-04-20,AWSLambda,eu-west-1,Requests(M),15.112,16.34
2025-04-20,AWSLambda,ap-south-1,Requests(M),11.681,10.03
2025-04-20,AmazonCloudFront,us-east-1,GB-Transfer,58.6337,64.0
2025-04-20,AmazonCloudFront,us-west-2,GB-Transfer,36.6141,33.04
2025-04-20,AmazonCloudFront,eu-west-1,GB-Transfer,30.184,26.77
2025-04-20,AmazonCloudFront,ap-south-1,GB-Transfer,16.8818,19.86
2025-04-20,AmazonEBS,us-east-1,GB-Month,73.2733,81.56
2025-04-20,AmazonEBS,us-west-2,GB-Month,46.576,45.1
2025-04-20,AmazonEBS,eu-west-1,GB-Month,32.6744,33.7
2025-04-20,AmazonEBS,ap-south-1,GB-Month,21.3432,20.03
2025-04-20,AmazonDynamoDB,us-east-1,RCU/WCU,48.0608,59.55
2025-04-20,AmazonDynamoDB,us-west-2,RCU/WCU,28.0667,25.52
2025-04-20,AmazonDynamoDB,eu-west-1,RCU/WCU,23.3543,19.69
2025-04-20,AmazonDynamoDB,ap-south-1,RCU/WCU,14.8716,18.38
2025-04-21,AmazonEC2,us-east-1,InstanceHours,537.126,481.66
2025-04-21,AmazonEC2,us-west-2,InstanceHours,300.3712,369.14
2025-04-21,AmazonEC2,eu-west-1,InstanceHours,225.9758,276.27
2025-04-21,AmazonEC2,ap-south-1,InstanceHours,176.8154,172.54
2025-04-21,AmazonS3,us-east-1,GB-Month,115.1922,119.8
2025-04-21,AmazonS3,us-west-2,GB-Month,59.7697,55.68
2025-04-21,AmazonS3,eu-west-1,GB-Month,57.6703,55.23
2025-04-21,AmazonS3,ap-south-1,GB-Month,31.5494,30.63
2025-04-21,AmazonRDS,us-east-1,InstanceHours,271.908,287.8
2025-04-21,AmazonRDS,us-west-2,InstanceHours,197.7099,213.58
2025-04-21,AmazonRDS,eu-west-1,InstanceHours,139.8912,173.73
2025-04-21,AmazonRDS,ap-south-1,InstanceHours,93.3141,89.86
2025-04-21,AWSLambda,us-east-1,Requests(M),40.7209,36.58
2025-04-21,AWSLambda,us-west-2,Requests(M),25.2924,23.66
2025-04-21,AWSLambda,eu-west-1,Requests(M),23.0553,20.41
2025-04-21,AWSLambda,ap-south-1,Requests(M),12.0544,13.55
2025-04-21,AmazonCloudFront,us-east-1,GB-Transfer,62.6837,63.91
2025-04-21,AmazonCloudFront,us-west-2,GB-Transfer,39.1521,33.93
2025-04-21,AmazonCloudFront,eu-west-1,GB-Transfer,31.1654,27.24
2025-04-21,AmazonCloudFront,ap-south-1,GB-Transfer,18.2329,18.12
2025-04-21,AmazonEBS,us-east-1,GB-Month,94.037,94.39
2025-04-21,AmazonEBS,us-west-2,GB-Month,52.209,48.67
2025-04-21,AmazonEBS,eu-west-1,GB-Month,42.6469,35.95
2025-04-21,AmazonEBS,ap-south-1,GB-Month,20.5604,17.3
2025-04-21,AmazonDynamoDB,us-east-1,RCU/WCU,55.4421,46.76
2025-04-21,AmazonDynamoDB,us-west-2,RCU/WCU,36.8516,34.26
2025-04-21,AmazonDynamoDB,eu-west-1,RCU/WCU,32.3471,40.1
2025-04-21,AmazonDynamoDB,ap-south-1,RCU/WCU,16.1043,18.76
2025-04-22,AmazonEC2,us-east-1,InstanceHours,500.8614,529.63
2025-04-22,AmazonEC2,us-west-2,InstanceHours,314.0708,313.99
2025-04-22,AmazonEC2,eu-west-1,InstanceHours,246.2776,256.74
2025-04-22,AmazonEC2,ap-south-1,InstanceHours,153.7265,181.25
2025-04-22,AmazonS3,us-east-1,GB-Month,93.9325,93.99
2025-04-22,AmazonS3,us-west-2,GB-Month,49.3315,42.76
2025-04-22,AmazonS3,eu-west-1,GB-Month,58.3644,61.07
2025-04-22,AmazonS3,ap-south-1,GB-Month,33.1796,40.88
2025-04-22,AmazonRDS,us-east-1,InstanceHours,312.543,274.69
2025-04-22,AmazonRDS,us-west-2,InstanceHours,193.2767,185.8
2025-04-22,AmazonRDS,eu-west-1,InstanceHours,145.9518,122.8
2025-04-22,AmazonRDS,ap-south-1,InstanceHours,82.5445,87.77
2025-04-22,AWSLambda,us-east-1,Requests(M),36.3811,44.33
2025-04-22,AWSLambda,us-west-2,Requests(M),21.5675,25.44
2025-04-22,AWSLambda,eu-west-1,Requests(M),20.8453,25.26
2025-04-22,AWSLambda,ap-south-1,Requests(M),11.6825,12.71
2025-04-22,AmazonCloudFront,us-east-1,GB-Transfer,77.3937,81.49
2025-04-22,AmazonCloudFront,us-west-2,GB-Transfer,45.579,51.6
2025-04-22,AmazonCloudFront,eu-west-1,GB-Transfer,36.846,43.07
2025-04-22,AmazonCloudFront,ap-south-1,GB-Transfer,21.6968,21.81
2025-04-22,AmazonEBS,us-east-1,GB-Month,81.5405,74.55
2025-04-22,AmazonEBS,us-west-2,GB-Month,49.6106,48.87
2025-04-22,AmazonEBS,eu-west-1,GB-Month,40.7553,34.34
2025-04-22,AmazonEBS,ap-south-1,GB-Month,23.7511,20.84
2025-04-22,AmazonDynamoDB,us-east-1,RCU/WCU,57.0005,54.31
2025-04-22,AmazonDynamoDB,us-west-2,RCU/WCU,37.3476,39.28
2025-04-22,AmazonDynamoDB,eu-west-1,RCU/WCU,28.3543,27.33
2025-04-22,AmazonDynamoDB,ap-south-1,RCU/WCU,16.2366,17.75
2025-04-23,AmazonEC2,us-east-1,InstanceHours,476.3859,503.13
2025-04-23,AmazonEC2,us-west-2,InstanceHours,293.7576,345.61
2025-04-23,AmazonEC2,eu-west-1,InstanceHours,232.0993,255.33
2025-04-23,AmazonEC2,ap-south-1,InstanceHours,143.7339,149.68
2025-04-23,AmazonS3,us-east-1,GB-Month,126.092,138.56
2025-04-23,AmazonS3,us-west-2,GB-Month,55.3266,54.82
2025-04-23,AmazonS3,eu-west-1,GB-Month,43.4822,38.41
2025-04-23,AmazonS3,ap-south-1,GB-Month,31.293,30.73
2025-04-23,AmazonRDS,us-east-1,InstanceHours,308.5572,271.13
2025-04-23,AmazonRDS,us-west-2,InstanceHours,177.2499,148.57
2025-04-23,AmazonRDS,eu-west-1,InstanceHours,138.1428,151.42
2025-04-23,AmazonRDS,ap-south-1,InstanceHours,100.4569,94.3
2025-04-23,AWSLambda,us-east-1,Requests(M),40.3722,35.03
2025-04-23,AWSLambda,us-west-2,Requests(M),24.4283,26.22
2025-04-23,AWSLambda,eu-west-1,Requests(M),21.4641,19.46
2025-04-23,AWSLambda,ap-south-1,Requests(M),11.891,9.97
2025-04-23,AmazonCloudFront,us-east-1,GB-Transfer,67.4496,66.62
2025-04-23,AmazonCloudFront,us-west-2,GB-Transfer,46.3646,39.96
2025-04-23,AmazonCloudFront,eu-west-1,GB-Transfer,30.0034,30.8
2025-04-23,AmazonCloudFront,ap-south-1,GB-Transfer,21.2697,21.13
2025-04-23,AmazonEBS,us-east-1,GB-Month,87.9879,104.28
2025-04-23,AmazonEBS,us-west-2,GB-Month,50.0249,52.0
2025-04-23,AmazonEBS,eu-west-1,GB-Month,42.6137,37.49
2025-04-23,AmazonEBS,ap-south-1,GB-Month,28.7564,30.7
2025-04-23,AmazonDynamoDB,us-east-1,RCU/WCU,53.7909,45.05
2025-04-23,AmazonDynamoDB,us-west-2,RCU/WCU,36.5942,36.56
2025-04-23,AmazonDynamoDB,eu-west-1,RCU/WCU,28.7665,29.09
2025-04-23,AmazonDynamoDB,ap-south-1,RCU/WCU,18.1354,18.51
2025-04-24,AmazonEC2,us-east-1,InstanceHours,499.116,508.77
2025-04-24,AmazonEC2,us-west-2,InstanceHours,242.4226,297.56
2025-04-24,AmazonEC2,eu-west-1,InstanceHours,225.5003,196.6
2025-04-24,AmazonEC2,ap-south-1,InstanceHours,136.8834,131.68
2025-04-24,AmazonS3,us-east-1,GB-Month,95.564,99.41
2025-04-24,AmazonS3,us-west-2,GB-Month,59.2431,59.94
2025-04-24,AmazonS3,eu-west-1,GB-Month,52.3367,57.08
2025-04-24,AmazonS3,ap-south-1,GB-Month,33.3718,30.42
2025-04-24,AmazonRDS,us-east-1,InstanceHours,269.0594,261.04
2025-04-24,AmazonRDS,us-west-2,InstanceHours,179.7101,154.32
2025-04-24,AmazonRDS,eu-west-1,InstanceHours,152.9601,160.87
2025-04-24,AmazonRDS,ap-south-1,InstanceHours,97.8938,117.27
2025-04-24,AWSLambda,us-east-1,Requests(M),45.5134,48.21
2025-04-24,AWSLambda,us-west-2,Requests(M),23.7698,26.58
2025-04-24,AWSLambda,eu-west-1,Requests(M),18.6145,21.7
2025-04-24,AWSLambda,ap-south-1,Requests(M),12.42,14.76
2025-04-24,AmazonCloudFront,us-east-1,GB-Transfer,64.0544,56.33
2025-04-24,AmazonCloudFront,us-west-2,GB-Transfer,42.2977,35.33
2025-04-24,AmazonCloudFront,eu-west-1,GB-Transfer,32.4685,29.93
2025-04-24,AmazonCloudFront,ap-south-1,GB-Transfer,17.1837,14.63
2025-04-24,AmazonEBS,us-east-1,GB-Month,89.8225,83.51
2025-04-24,AmazonEBS,us-west-2,GB-Month,48.9638,57.38
2025-04-24,AmazonEBS,eu-west-1,GB-Month,48.3656,54.5
2025-04-24,AmazonEBS,ap-south-1,GB-Month,25.8981,22.55
2025-04-24,AmazonDynamoDB,us-east-1,RCU/WCU,50.3993,46.31
2025-04-24,AmazonDynamoDB,us-west-2,RCU/WCU,37.1701,33.4
2025-04-24,AmazonDynamoDB,eu-west-1,RCU/WCU,28.3315,26.37
2025-04-24,AmazonDynamoDB,ap-south-1,RCU/WCU,18.0739,17.36
2025-04-25,AmazonEC2,us-east-1,InstanceHours,521.1966,650.47
2025-04-25,AmazonEC2,us-west-2,InstanceHours,291.2796,319.09
2025-04-25,AmazonEC2,eu-west-1,InstanceHours,216.2245,185.9
2025-04-25,AmazonEC2,ap-south-1,InstanceHours,146.7044,138.53
2025-04-25,AmazonS3,us-east-1,GB-Month,114.7102,117.01
2025-04-25,AmazonS3,us-west-2,GB-Month,61.6273,60.21
2025-04-25,AmazonS3,eu-west-1,GB-Month,53.4861,53.94
2025-04-25,AmazonS3,ap-south-1,GB-Month,29.0665,31.57
2025-04-25,AmazonRDS,us-east-1,InstanceHours,264.1444,225.76
2025-04-25,AmazonRDS,us-west-2,InstanceHours,177.0832,215.54
2025-04-25,AmazonRDS,eu-west-1,InstanceHours,149.9158,143.11
2025-04-25,AmazonRDS,ap-south-1,InstanceHours,97.7267,106.1
2025-04-25,AWSLambda,us-east-1,Requests(M),40.5658,33.91
2025-04-25,AWSLambda,us-west-2,Requests(M),26.1377,24.19
2025-04-25,AWSLambda,eu-west-1,Requests(M),19.4299,20.81
2025-04-25,AWSLambda,ap-south-1,Requests(M),10.7881,11.51
2025-04-25,AmazonCloudFront,us-east-1,GB-Transfer,71.6375,87.87
2025-04-25,AmazonCloudFront,us-west-2,GB-Transfer,46.2916,40.22
2025-04-25,AmazonCloudFront,eu-west-1,GB-Transfer,32.9407,32.52
2025-04-25,AmazonCloudFront,ap-south-1,GB-Transfer,21.7418,24.44
2025-04-25,AmazonEBS,us-east-1,GB-Month,90.8631,111.31
2025-04-25,AmazonEBS,us-west-2,GB-Month,45.7548,38.52
2025-04-25,AmazonEBS,eu-west-1,GB-Month,42.4216,42.16
2025-04-25,AmazonEBS,ap-south-1,GB-Month,27.3569,27.73
2025-04-25,AmazonDynamoDB,us-east-1,RCU/WCU,59.1269,64.89
2025-04-25,AmazonDynamoDB,us-west-2,RCU/WCU,36.4782,37.27
2025-04-25,AmazonDynamoDB,eu-west-1,RCU/WCU,29.9783,34.45
2025-04-25,AmazonDynamoDB,ap-south-1,RCU/WCU,17.136,20.5
2025-04-26,AmazonEC2,us-east-1,InstanceHours,411.6048,386.88
2025-04-26,AmazonEC2,us-west-2,InstanceHours,267.7628,261.14
2025-04-26,AmazonEC2,eu-west-1,InstanceHours,207.8016,258.0
2025-04-26,AmazonEC2,ap-south-1,InstanceHours,116.3543,125.11
2025-04-26,AmazonS3,us-east-1,GB-Month,86.6489,73.69
2025-04-26,AmazonS3,us-west-2,GB-Month,54.5403,60.6
2025-04-26,AmazonS3,eu-west-1,GB-Month,47.5623,43.06
2025-04-26,AmazonS3,ap-south-1,GB-Month,23.295,23.28
2025-04-26,AmazonRDS,us-east-1,InstanceHours,249.2661,219.99
2025-04-26,AmazonRDS,us-west-2,InstanceHours,163.8476,153.32
2025-04-26,AmazonRDS,eu-west-1,InstanceHours,118.843,105.58
2025-04-26,AmazonRDS,ap-south-1,InstanceHours,71.3324,84.68
2025-04-26,AWSLambda,us-east-1,Requests(M),34.268,30.27
2025-04-26,AWSLambda,us-west-2,Requests(M),18.0113,20.97
2025-04-26,AWSLambda,eu-west-1,Requests(M),19.5485,17.08
2025-04-26,AWSLambda,ap-south-1,Requests(M),10.5944,9.02
2025-04-26,AmazonCloudFront,us-east-1,GB-Transfer,61.5836,63.26
2025-04-26,AmazonCloudFront,us-west-2,GB-Transfer,38.4682,45.53
2025-04-26,AmazonCloudFront,eu-west-1,GB-Transfer,35.015,32.55
2025-04-26,AmazonCloudFront,ap-south-1,GB-Transfer,17.4836,16.07
2025-04-26,AmazonEBS,us-east-1,GB-Month,64.6434,54.93
2025-04-26,AmazonEBS,us-west-2,GB-Month,45.0801,41.79
2025-04-26,AmazonEBS,eu-west-1,GB-Month,34.4448,29.47
2025-04-26,AmazonEBS,ap-south-1,GB-Month,20.0285,17.34
2025-04-26,AmazonDynamoDB,us-east-1,RCU/WCU,47.0138,57.38
2025-04-26,AmazonDynamoDB,us-west-2,RCU/WCU,29.0956,31.85
2025-04-26,AmazonDynamoDB,eu-west-1,RCU/WCU,26.7541,25.39
2025-04-26,AmazonDynamoDB,ap-south-1,RCU/WCU,16.7942,15.45
2025-04-27,AmazonEC2,us-east-1,InstanceHours,377.5634,454.83
2025-04-27,AmazonEC2,us-west-2,InstanceHours,238.2721,225.55
2025-04-27,AmazonEC2,eu-west-1,InstanceHours,214.7539,190.58
2025-04-27,AmazonEC2,ap-south-1,InstanceHours,130.2641,122.16
2025-04-27,AmazonS3,us-east-1,GB-Month,81.6085,68.17
2025-04-27,AmazonS3,us-west-2,GB-Month,56.7241,64.96
2025-04-27,AmazonS3,eu-west-1,GB-Month,41.5395,34.9
2025-04-27,AmazonS3,ap-south-1,GB-Month,24.4058,20.42
2025-04-27,AmazonRDS,us-east-1,InstanceHours,264.969,262.86
2025-04-27,AmazonRDS,us-west-2,InstanceHours,167.3227,140.81
2025-04-27,AmazonRDS,eu-west-1,InstanceHours,130.228,140.54
2025-04-27,AmazonRDS,ap-south-1,InstanceHours,77.0771,82.57
2025-04-27,AWSLambda,us-east-1,Requests(M),33.9968,28.85
2025-04-27,AWSLambda,us-west-2,Requests(M),20.6586,20.6
2025-04-27,AWSLambda,eu-west-1,Requests(M),16.8114,15.47
2025-04-27,AWSLambda,ap-south-1,Requests(M),10.726,10.8
2025-04-27,AmazonCloudFront,us-east-1,GB-Transfer,59.0287,49.74
2025-04-27,AmazonCloudFront,us-west-2,GB-Transfer,41.7796,38.8
2025-04-27,AmazonCloudFront,eu-west-1,GB-Transfer,30.1508,32.86
2025-04-27,AmazonCloudFront,ap-south-1,GB-Transfer,17.2942,18.23
2025-04-27,AmazonEBS,us-east-1,GB-Month,67.4977,57.78
2025-04-27,AmazonEBS,us-west-2,GB-Month,40.8922,36.44
2025-04-27,AmazonEBS,eu-west-1,GB-Month,37.8141,32.45
2025-04-27,AmazonEBS,ap-south-1,GB-Month,21.068,25.34
2025-04-27,AmazonDynamoDB,us-east-1,RCU/WCU,49.6059,46.46
2025-04-27,AmazonDynamoDB,us-west-2,RCU/WCU,32.3325,32.43
2025-04-27,AmazonDynamoDB,eu-west-1,RCU/WCU,22.1388,19.6
2025-04-27,AmazonDynamoDB,ap-south-1,RCU/WCU,14.4859,15.65
2025-04-28,AmazonEC2,us-east-1,InstanceHours,396.4545,357.49
2025-04-28,AmazonEC2,us-west-2,InstanceHours,256.3428,258.29
2025-04-28,AmazonEC2,eu-west-1,InstanceHours,245.8633,208.56
2025-04-28,AmazonEC2,ap-south-1,InstanceHours,129.2329,155.72
2025-04-28,AmazonS3,us-east-1,GB-Month,93.5875,82.8
2025-04-28,AmazonS3,us-west-2,GB-Month,70.4114,84.96
2025-04-28,AmazonS3,eu-west-1,GB-Month,49.1785,46.81
2025-04-28,AmazonS3,ap-south-1,GB-Month,28.7077,26.73
2025-04-28,AmazonRDS,us-east-1,InstanceHours,329.4755,326.32
2025-04-28,AmazonRDS,us-west-2,InstanceHours,165.765,186.44
2025-04-28,AmazonRDS,eu-west-1,InstanceHours,153.5081,160.17
2025-04-28,AmazonRDS,ap-south-1,InstanceHours,92.3164,89.16
2025-04-28,AWSLambda,us-east-1,Requests(M),43.0182,46.58
2025-04-28,AWSLambda,us-west-2,Requests(M),22.0313,19.37
2025-04-28,AWSLambda,eu-west-1,Requests(M),18.8145,18.75
2025-04-28,AWSLambda,ap-south-1,Requests(M),11.4858,13.03
2025-04-28,AmazonCloudFront,us-east-1,GB-Transfer,64.7348,59.79
2025-04-28,AmazonCloudFront,us-west-2,GB-Transfer,44.0042,42.67
2025-04-28,AmazonCloudFront,eu-west-1,GB-Transfer,35.5111,37.2
2025-04-28,AmazonCloudFront,ap-south-1,GB-Transfer,21.5622,19.58
2025-04-28,AmazonEBS,us-east-1,GB-Month,75.981,74.26
2025-04-28,AmazonEBS,us-west-2,GB-Month,52.5784,53.29
2025-04-28,AmazonEBS,eu-west-1,GB-Month,48.1465,40.66
2025-04-28,AmazonEBS,ap-south-1,GB-Month,30.3544,29.73
2025-04-28,AmazonDynamoDB,us-east-1,RCU/WCU,55.3864,56.79
2025-04-28,AmazonDynamoDB,us-west-2,RCU/WCU,36.9369,37.38
2025-04-28,AmazonDynamoDB,eu-west-1,RCU/WCU,26.9314,25.91
2025-04-28,AmazonDynamoDB,ap-south-1,RCU/WCU,15.2414,14.77
2025-04-29,AmazonEC2,us-east-1,InstanceHours,428.7908,462.89
2025-04-29,AmazonEC2,us-west-2,InstanceHours,319.7471,306.08
2025-04-29,AmazonEC2,eu-west-1,InstanceHours,233.96,286.42
2025-04-29,AmazonEC2,ap-south-1,InstanceHours,138.1747,166.67
2025-04-29,AmazonS3,us-east-1,GB-Month,109.6934,133.05
2025-04-29,AmazonS3,us-west-2,GB-Month,55.9954,57.45
2025-04-29,AmazonS3,eu-west-1,GB-Month,53.7096,57.64
2025-04-29,AmazonS3,ap-south-1,GB-Month,30.5115,36.8
2025-04-29,AmazonRDS,us-east-1,InstanceHours,347.7021,325.41
2025-04-29,AmazonRDS,us-west-2,InstanceHours,173.4167,197.56
2025-04-29,AmazonRDS,eu-west-1,InstanceHours,147.7834,126.89
2025-04-29,AmazonRDS,ap-south-1,InstanceHours,79.5443,98.94
2025-04-29,AWSLambda,us-east-1,Requests(M),47.4354,44.14
2025-04-29,AWSLambda,us-west-2,Requests(M),23.469,28.5
2025-04-29,AWSLambda,eu-west-1,Requests(M),22.9105,27.72
2025-04-29,AWSLambda,ap-south-1,Requests(M),10.4524,12.24
2025-04-29,AmazonCloudFront,us-east-1,GB-Transfer,70.5234,81.56
2025-04-29,AmazonCloudFront,us-west-2,GB-Transfer,48.313,47.64
2025-04-29,AmazonCloudFront,eu-west-1,GB-Transfer,32.7932,40.86
2025-04-29,AmazonCloudFront,ap-south-1,GB-Transfer,21.0426,24.46
2025-04-29,AmazonEBS,us-east-1,GB-Month,95.4325,104.56
2025-04-29,AmazonEBS,us-west-2,GB-Month,50.3451,47.94
2025-04-29,AmazonEBS,eu-west-1,GB-Month,38.1442,37.93
2025-04-29,AmazonEBS,ap-south-1,GB-Month,24.8756,22.23
2025-04-29,AmazonDynamoDB,us-east-1,RCU/WCU,58.8331,62.89
2025-04-29,AmazonDynamoDB,us-west-2,RCU/WCU,35.2675,31.56
2025-04-29,AmazonDynamoDB,eu-west-1,RCU/WCU,30.3331,25.72
2025-04-29,AmazonDynamoDB,ap-south-1,RCU/WCU,16.1034,19.99
2025-04-30,AmazonEC2,us-east-1,InstanceHours,559.6337,517.84
2025-04-30,AmazonEC2,us-west-2,InstanceHours,271.2437,311.62
2025-04-30,AmazonEC2,eu-west-1,InstanceHours,243.0415,280.73
2025-04-30,AmazonEC2,ap-south-1,InstanceHours,148.6889,183.97
2025-04-30,AmazonS3,us-east-1,GB-Month,105.3822,101.19
2025-04-30,AmazonS3,us-west-2,GB-Month,56.6829,52.74
2025-04-30,AmazonS3,eu-west-1,GB-Month,57.3761,48.23
2025-04-30,AmazonS3,ap-south-1,GB-Month,29.7376,32.73
2025-04-30,AmazonRDS,us-east-1,InstanceHours,308.9632,287.54
2025-04-30,AmazonRDS,us-west-2,InstanceHours,182.2326,169.92
2025-04-30,AmazonRDS,eu-west-1,InstanceHours,151.8089,148.1
2025-04-30,AmazonRDS,ap-south-1,InstanceHours,78.8072,72.97
2025-04-30,AWSLambda,us-east-1,Requests(M),38.2908,36.5
2025-04-30,AWSLambda,us-west-2,Requests(M),24.9354,26.82
2025-04-30,AWSLambda,eu-west-1,Requests(M),17.7563,15.49
2025-04-30,AWSLambda,ap-south-1,Requests(M),11.8617,11.47
2025-04-30,AmazonCloudFront,us-east-1,GB-Transfer,69.5881,81.91
2025-04-30,AmazonCloudFront,us-west-2,GB-Transfer,43.503,50.1
2025-04-30,AmazonCloudFront,eu-west-1,GB-Transfer,34.7359,36.0
2025-04-30,AmazonCloudFront,ap-south-1,GB-Transfer,20.3869,22.09
2025-04-30,AmazonEBS,us-east-1,GB-Month,87.9389,106.52
2025-04-30,AmazonEBS,us-west-2,GB-Month,50.7186,55.37
2025-04-30,AmazonEBS,eu-west-1,GB-Month,40.1456,40.01
2025-04-30,AmazonEBS,ap-south-1,GB-Month,24.8543,30.89
2025-04-30,AmazonDynamoDB,us-east-1,RCU/WCU,59.3095,64.17
2025-04-30,AmazonDynamoDB,us-west-2,RCU/WCU,34.0017,36.01
2025-04-30,AmazonDynamoDB,eu-west-1,RCU/WCU,34.7241,30.91
2025-04-30,AmazonDynamoDB,ap-south-1,RCU/WCU,15.6909,17.91
2025-05-01,AmazonEC2,us-east-1,InstanceHours,503.4255,462.26
2025-05-01,AmazonEC2,us-west-2,InstanceHours,305.8133,366.37
2025-05-01,AmazonEC2,eu-west-1,InstanceHours,245.8506,214.67
2025-05-01,AmazonEC2,ap-south-1,InstanceHours,143.1246,138.45
2025-05-01,AmazonS3,us-east-1,GB-Month,104.6638,96.93
2025-05-01,AmazonS3,us-west-2,GB-Month,62.8318,57.71
2025-05-01,AmazonS3,eu-west-1,GB-Month,59.068,54.57
2025-05-01,AmazonS3,ap-south-1,GB-Month,27.0356,24.05
2025-05-01,AmazonRDS,us-east-1,InstanceHours,281.4389,262.28
2025-05-01,AmazonRDS,us-west-2,InstanceHours,185.3979,155.32
2025-05-01,AmazonRDS,eu-west-1,InstanceHours,164.1854,143.97
2025-05-01,AmazonRDS,ap-south-1,InstanceHours,84.8423,79.19
2025-05-01,AWSLambda,us-east-1,Requests(M),37.2813,44.18
2025-05-01,AWSLambda,us-west-2,Requests(M),24.1865,22.84
2025-05-01,AWSLambda,eu-west-1,Requests(M),18.9536,17.29
2025-05-01,AWSLambda,ap-south-1,Requests(M),12.1003,10.81
2025-05-01,AmazonCloudFront,us-east-1,GB-Transfer,65.083,60.49
2025-05-01,AmazonCloudFront,us-west-2,GB-Transfer,44.1282,54.87
2025-05-01,AmazonCloudFront,eu-west-1,GB-Transfer,32.6127,28.76
2025-05-01,AmazonCloudFront,ap-south-1,GB-Transfer,18.2688,19.11
2025-05-01,AmazonEBS,us-east-1,GB-Month,91.9602,78.17
2025-05-01,AmazonEBS,us-west-2,GB-Month,52.4184,60.09
2025-05-01,AmazonEBS,eu-west-1,GB-Month,42.2311,37.86
2025-05-01,AmazonEBS,ap-south-1,GB-Month,25.3952,31.65
2025-05-01,AmazonDynamoDB,us-east-1,RCU/WCU,58.7569,65.36
2025-05-01,AmazonDynamoDB,us-west-2,RCU/WCU,31.9626,38.19
2025-05-01,AmazonDynamoDB,eu-west-1,RCU/WCU,25.977,25.86
2025-05-01,AmazonDynamoDB,ap-south-1,RCU/WCU,16.3028,13.68
2025-05-02,AmazonEC2,us-east-1,InstanceHours,477.2138,406.9
2025-05-02,AmazonEC2,us-west-2,InstanceHours,272.1739,236.52
2025-05-02,AmazonEC2,eu-west-1,InstanceHours,275.5121,329.9
2025-05-02,AmazonEC2,ap-south-1,InstanceHours,136.9494,126.22
2025-05-02,AmazonS3,us-east-1,GB-Month,105.1543,105.22
2025-05-02,AmazonS3,us-west-2,GB-Month,65.2131,74.54
2025-05-02,AmazonS3,eu-west-1,GB-Month,57.4189,54.13
2025-05-02,AmazonS3,ap-south-1,GB-Month,35.8876,44.28
2025-05-02,AmazonRDS,us-east-1,InstanceHours,356.485,403.71
2025-05-02,AmazonRDS,us-west-2,InstanceHours,198.2409,224.42
2025-05-02,AmazonRDS,eu-west-1,InstanceHours,163.0396,156.39
2025-05-02,AmazonRDS,ap-south-1,InstanceHours,83.5202,73.37
2025-05-02,AWSLambda,us-east-1,Requests(M),42.4638,38.69
2025-05-02,AWSLambda,us-west-2,Requests(M),23.9625,25.01
2025-05-02,AWSLambda,eu-west-1,Requests(M),19.9851,16.9
2025-05-02,AWSLambda,ap-south-1,Requests(M),11.8304,12.8
2025-05-02,AmazonCloudFront,us-east-1,GB-Transfer,64.1356,57.12
2025-05-02,AmazonCloudFront,us-west-2,GB-Transfer,40.0447,43.99
2025-05-02,AmazonCloudFront,eu-west-1,GB-Transfer,32.4728,33.36
2025-05-02,AmazonCloudFront,ap-south-1,GB-Transfer,18.0245,18.69
2025-05-02,AmazonEBS,us-east-1,GB-Month,96.8922,85.92
2025-05-02,AmazonEBS,us-west-2,GB-Month,52.493,46.9
2025-05-02,AmazonEBS,eu-west-1,GB-Month,43.8839,51.74
2025-05-02,AmazonEBS,ap-south-1,GB-Month,26.0557,30.66
2025-05-02,AmazonDynamoDB,us-east-1,RCU/WCU,63.1175,52.79
2025-05-02,AmazonDynamoDB,us-west-2,RCU/WCU,35.3582,33.86
2025-05-02,AmazonDynamoDB,eu-west-1,RCU/WCU,32.3849,36.27
2025-05-02,AmazonDynamoDB,ap-south-1,RCU/WCU,18.3429,21.16
2025-05-03,AmazonEC2,us-east-1,InstanceHours,391.7005,458.65
2025-05-03,AmazonEC2,us-west-2,InstanceHours,273.8494,295.75
2025-05-03,AmazonEC2,eu-west-1,InstanceHours,213.2724,197.62
2025-05-03,AmazonEC2,ap-south-1,InstanceHours,123.8016,122.29
2025-05-03,AmazonS3,us-east-1,GB-Month,95.6325,99.44
2025-05-03,AmazonS3,us-west-2,GB-Month,53.589,60.07
2025-05-03,AmazonS3,eu-west-1,GB-Month,47.0961,47.08
2025-05-03,AmazonS3,ap-south-1,GB-Month,24.232,22.78
2025-05-03,AmazonRDS,us-east-1,InstanceHours,258.4711,294.92
2025-05-03,AmazonRDS,us-west-2,InstanceHours,146.2404,138.88
2025-05-03,AmazonRDS,eu-west-1,InstanceHours,151.0279,163.99
2025-05-03,AmazonRDS,ap-south-1,InstanceHours,85.3796,80.86
2025-05-03,AWSLambda,us-east-1,Requests(M),35.2283,40.15
2025-05-03,AWSLambda,us-west-2,Requests(M),22.8067,21.26
2025-05-03,AWSLambda,eu-west-1,Requests(M),16.4281,15.01
2025-05-03,AWSLambda,ap-south-1,Requests(M),10.0217,10.41
2025-05-03,AmazonCloudFront,us-east-1,GB-Transfer,50.284,53.63
2025-05-03,AmazonCloudFront,us-west-2,GB-Transfer,37.5196,40.96
2025-05-03,AmazonCloudFront,eu-west-1,GB-Transfer,24.9312,24.46
2025-05-03,AmazonCloudFront,ap-south-1,GB-Transfer,17.0416,15.36
2025-05-03,AmazonEBS,us-east-1,GB-Month,67.1487,66.39
2025-05-03,AmazonEBS,us-west-2,GB-Month,48.1873,42.42
2025-05-03,AmazonEBS,eu-west-1,GB-Month,43.1791,48.81
2025-05-03,AmazonEBS,ap-south-1,GB-Month,23.745,21.62
2025-05-03,AmazonDynamoDB,us-east-1,RCU/WCU,51.9976,59.93
2025-05-03,AmazonDynamoDB,us-west-2,RCU/WCU,30.2227,27.46
2025-05-03,AmazonDynamoDB,eu-west-1,RCU/WCU,25.0099,24.5
2025-05-03,AmazonDynamoDB,ap-south-1,RCU/WCU,13.8831,14.53
2025-05-04,AmazonEC2,us-east-1,InstanceHours,365.9169,333.44
2025-05-04,AmazonEC2,us-west-2,InstanceHours,251.6828,307.97
2025-05-04,AmazonEC2,eu-west-1,InstanceHours,213.4924,188.41
2025-05-04,AmazonEC2,ap-south-1,InstanceHours,128.0312,148.7
2025-05-04,AmazonS3,us-east-1,GB-Month,92.4804,91.34
2025-05-04,AmazonS3,us-west-2,GB-Month,56.6176,51.84
2025-05-04,AmazonS3,eu-west-1,GB-Month,44.7896,48.87
2025-05-04,AmazonS3,ap-south-1,GB-Month,24.7973,20.85
2025-05-04,AmazonRDS,us-east-1,InstanceHours,266.4443,227.05
2025-05-04,AmazonRDS,us-west-2,InstanceHours,162.7267,173.35
2025-05-04,AmazonRDS,eu-west-1,InstanceHours,125.72,115.01
2025-05-04,AmazonRDS,ap-south-1,InstanceHours,81.3857,74.35
2025-05-04,AWSLambda,us-east-1,Requests(M),34.9855,31.34
2025-05-04,AWSLambda,us-west-2,Requests(M),19.0651,21.65
2025-05-04,AWSLambda,eu-west-1,Requests(M),20.7243,23.98
2025-05-04,AWSLambda,ap-south-1,Requests(M),10.1142,9.1
2025-05-04,AmazonCloudFront,us-east-1,GB-Transfer,54.7855,53.54
2025-05-04,AmazonCloudFront,us-west-2,GB-Transfer,33.7202,34.97
2025-05-04,AmazonCloudFront,eu-west-1,GB-Transfer,24.4074,26.24
2025-05-04,AmazonCloudFront,ap-south-1,GB-Transfer,17.4483,19.24
2025-05-04,AmazonEBS,us-east-1,GB-Month,82.4474,89.2
2025-05-04,AmazonEBS,us-west-2,GB-Month,45.278,51.69
2025-05-04,AmazonEBS,eu-west-1,GB-Month,34.8603,32.26
2025-05-04,AmazonEBS,ap-south-1,GB-Month,22.203,22.04
2025-05-04,AmazonDynamoDB,us-east-1,RCU/WCU,41.922,36.08
2025-05-04,AmazonDynamoDB,us-west-2,RCU/WCU,29.6248,35.43
2025-05-04,AmazonDynamoDB,eu-west-1,RCU/WCU,24.1313,20.94
2025-05-04,AmazonDynamoDB,ap-south-1,RCU/WCU,15.9785,14.64
2025-05-05,AmazonEC2,us-east-1,InstanceHours,502.8081,472.1
2025-05-05,AmazonEC2,us-west-2,InstanceHours,271.6909,247.29
2025-05-05,AmazonEC2,eu-west-1,InstanceHours,262.5687,237.3
2025-05-05,AmazonEC2,ap-south-1,InstanceHours,161.634,156.92
2025-05-05,AmazonS3,us-east-1,GB-Month,108.0176,133.8
2025-05-05,AmazonS3,us-west-2,GB-Month,61.8075,65.29
2025-05-05,AmazonS3,eu-west-1,GB-Month,50.2467,62.04
2025-05-05,AmazonS3,ap-south-1,GB-Month,35.5615,43.03
2025-05-05,AmazonRDS,us-east-1,InstanceHours,310.0798,303.78
2025-05-05,AmazonRDS,us-west-2,InstanceHours,183.1174,182.62
2025-05-05,AmazonRDS,eu-west-1,InstanceHours,137.738,170.38
2025-05-05,AmazonRDS,ap-south-1,InstanceHours,84.7269,93.19
2025-05-05,AWSLambda,us-east-1,Requests(M),36.2716,43.44
2025-05-05,AWSLambda,us-west-2,Requests(M),24.0098,22.09
2025-05-05,AWSLambda,eu-west-1,Requests(M),19.5072,17.79
2025-05-05,AWSLambda,ap-south-1,Requests(M),12.3719,14.66
2025-05-05,AmazonCloudFront,us-east-1,GB-Transfer,76.1308,69.82
2025-05-05,AmazonCloudFront,us-west-2,GB-Transfer,44.2116,37.44
2025-05-05,AmazonCloudFront,eu-west-1,GB-Transfer,37.4133,41.35
2025-05-05,AmazonCloudFront,ap-south-1,GB-Transfer,22.7917,19.48
2025-05-05,AmazonEBS,us-east-1,GB-Month,81.977,72.5
2025-05-05,AmazonEBS,us-west-2,GB-Month,50.7844,63.4
2025-05-05,AmazonEBS,eu-west-1,GB-Month,41.8572,36.27
2025-05-05,AmazonEBS,ap-south-1,GB-Month,27.7468,25.77
2025-05-05,AmazonDynamoDB,us-east-1,RCU/WCU,52.8428,64.15
2025-05-05,AmazonDynamoDB,us-west-2,RCU/WCU,38.9532,34.41
2025-05-05,AmazonDynamoDB,eu-west-1,RCU/WCU,28.1301,27.04
2025-05-05,AmazonDynamoDB,ap-south-1,RCU/WCU,15.9372,16.05
2025-05-06,AmazonEC2,us-east-1,InstanceHours,474.1232,558.25
2025-05-06,AmazonEC2,us-west-2,InstanceHours,285.9447,249.69
2025-05-06,AmazonEC2,eu-west-1,InstanceHours,240.8901,233.69
2025-05-06,AmazonEC2,ap-south-1,InstanceHours,145.0447,174.33
2025-05-06,AmazonS3,us-east-1,GB-Month,113.8721,139.01
2025-05-06,AmazonS3,us-west-2,GB-Month,64.4918,57.58
2025-05-06,AmazonS3,eu-west-1,GB-Month,47.7648,54.87
2025-05-06,AmazonS3,ap-south-1,GB-Month,30.5885,26.2
2025-05-06,AmazonRDS,us-east-1,InstanceHours,289.5354,293.71
2025-05-06,AmazonRDS,us-west-2,InstanceHours,182.5097,161.95
2025-05-06,AmazonRDS,eu-west-1,InstanceHours,150.3819,131.45
2025-05-06,AmazonRDS,ap-south-1,InstanceHours,103.7928,122.38
2025-05-06,AWSLambda,us-east-1,Requests(M),43.6332,42.88
2025-05-06,AWSLambda,us-west-2,Requests(M),25.5886,23.91
2025-05-06,AWSLambda,eu-west-1,Requests(M),17.1475,16.69
2025-05-06,AWSLambda,ap-south-1,Requests(M),13.0473,14.45
2025-05-06,AmazonCloudFront,us-east-1,GB-Transfer,60.3167,71.03
2025-05-06,AmazonCloudFront,us-west-2,GB-Transfer,40.3736,43.47
2025-05-06,AmazonCloudFront,eu-west-1,GB-Transfer,33.9746,30.91
2025-05-06,AmazonCloudFront,ap-south-1,GB-Transfer,22.7022,26.09
2025-05-06,AmazonEBS,us-east-1,GB-Month,80.6251,94.25
2025-05-06,AmazonEBS,us-west-2,GB-Month,51.6302,49.31
2025-05-06,AmazonEBS,eu-west-1,GB-Month,39.103,39.51
2025-05-06,AmazonEBS,ap-south-1,GB-Month,27.244,23.79
2025-05-06,AmazonDynamoDB,us-east-1,RCU/WCU,56.1189,47.08
2025-05-06,AmazonDynamoDB,us-west-2,RCU/WCU,35.3853,33.9
2025-05-06,AmazonDynamoDB,eu-west-1,RCU/WCU,23.2342,22.57
2025-05-06,AmazonDynamoDB,ap-south-1,RCU/WCU,15.9804,19.11
2025-05-07,AmazonEC2,us-east-1,InstanceHours,496.576,568.43
2025-05-07,AmazonEC2,us-west-2,InstanceHours,308.5216,300.99
2025-05-07,AmazonEC2,eu-west-1,InstanceHours,272.9708,264.13
2025-05-07,AmazonEC2,ap-south-1,InstanceHours,161.7264,185.17
2025-05-07,AmazonS3,us-east-1,GB-Month,99.8556,95.68
2025-05-07,AmazonS3,us-west-2,GB-Month,63.6089,62.26
2025-05-07,AmazonS3,eu-west-1,GB-Month,55.5759,48.74
2025-05-07,AmazonS3,ap-south-1,GB-Month,32.1972,27.01
2025-05-07,AmazonRDS,us-east-1,InstanceHours,294.6655,359.51
2025-05-07,AmazonRDS,us-west-2,InstanceHours,184.3881,162.45
2025-05-07,AmazonRDS,eu-west-1,InstanceHours,167.925,181.51
2025-05-07,AmazonRDS,ap-south-1,InstanceHours,90.545,94.41
2025-05-07,AWSLambda,us-east-1,Requests(M),42.4486,50.83
2025-05-07,AWSLambda,us-west-2,Requests(M),24.949,21.8
2025-05-07,AWSLambda,eu-west-1,Requests(M),19.334,20.52
2025-05-07,AWSLambda,ap-south-1,Requests(M),13.2366,16.17
2025-05-07,AmazonCloudFront,us-east-1,GB-Transfer,69.8068,83.28
2025-05-07,AmazonCloudFront,us-west-2,GB-Transfer,40.7625,46.45
2025-05-07,AmazonCloudFront,eu-west-1,GB-Transfer,35.6095,33.8
2025-05-07,AmazonCloudFront,ap-south-1,GB-Transfer,22.9018,26.17
2025-05-07,AmazonEBS,us-east-1,GB-Month,88.5784,87.76
2025-05-07,AmazonEBS,us-west-2,GB-Month,53.0699,45.55
2025-05-07,AmazonEBS,eu-west-1,GB-Month,45.3659,41.48
2025-05-07,AmazonEBS,ap-south-1,GB-Month,27.7137,32.91
2025-05-07,AmazonDynamoDB,us-east-1,RCU/WCU,57.0813,71.04
2025-05-07,AmazonDynamoDB,us-west-2,RCU/WCU,34.579,40.05
2025-05-07,AmazonDynamoDB,eu-west-1,RCU/WCU,28.3746,23.88
2025-05-07,AmazonDynamoDB,ap-south-1,RCU/WCU,18.1336,17.45
2025-05-08,AmazonEC2,us-east-1,InstanceHours,488.6143,550.47
2025-05-08,AmazonEC2,us-west-2,InstanceHours,255.905,214.4
2025-05-08,AmazonEC2,eu-west-1,InstanceHours,245.2639,294.45
2025-05-08,AmazonEC2,ap-south-1,InstanceHours,147.5361,138.11
2025-05-08,AmazonS3,us-east-1,GB-Month,94.8224,85.94
2025-05-08,AmazonS3,us-west-2,GB-Month,66.0535,79.12
2025-05-08,AmazonS3,eu-west-1,GB-Month,51.2446,43.15
2025-05-08,AmazonS3,ap-south-1,GB-Month,31.4397,28.57
2025-05-08,AmazonRDS,us-east-1,InstanceHours,292.0129,337.89
2025-05-08,AmazonRDS,us-west-2,InstanceHours,167.6648,151.51
2025-05-08,AmazonRDS,eu-west-1,InstanceHours,153.4364,173.34
2025-05-08,AmazonRDS,ap-south-1,InstanceHours,93.8539,99.42
2025-05-08,AWSLambda,us-east-1,Requests(M),48.6889,45.61
2025-05-08,AWSLambda,us-west-2,Requests(M),23.432,22.93
2025-05-08,AWSLambda,eu-west-1,Requests(M),21.6758,26.04
2025-05-08,AWSLambda,ap-south-1,Requests(M),11.9385,12.1
2025-05-08,AmazonCloudFront,us-east-1,GB-Transfer,74.8304,70.31
2025-05-08,AmazonCloudFront,us-west-2,GB-Transfer,43.84,54.45
2025-05-08,AmazonCloudFront,eu-west-1,GB-Transfer,33.5117,37.51
2025-05-08,AmazonCloudFront,ap-south-1,GB-Transfer,19.2216,16.22
2025-05-08,AmazonEBS,us-east-1,GB-Month,78.1396,66.68
2025-05-08,AmazonEBS,us-west-2,GB-Month,56.5624,51.6
2025-05-08,AmazonEBS,eu-west-1,GB-Month,40.8113,46.39
2025-05-08,AmazonEBS,ap-south-1,GB-Month,23.1435,19.47
2025-05-08,AmazonDynamoDB,us-east-1,RCU/WCU,62.7358,66.84
2025-05-08,AmazonDynamoDB,us-west-2,RCU/WCU,35.0675,30.64
2025-05-08,AmazonDynamoDB,eu-west-1,RCU/WCU,28.5732,25.74
2025-05-08,AmazonDynamoDB,ap-south-1,RCU/WCU,18.4722,16.78
2025-05-09,AmazonEC2,us-east-1,InstanceHours,477.7446,484.43
2025-05-09,AmazonEC2,us-west-2,InstanceHours,308.0135,268.77
2025-05-09,AmazonEC2,eu-west-1,InstanceHours,234.6,206.1
2025-05-09,AmazonEC2,ap-south-1,InstanceHours,162.5582,198.54
2025-05-09,AmazonS3,us-east-1,GB-Month,99.3605,108.66
2025-05-09,AmazonS3,us-west-2,GB-Month,66.078,66.26
2025-05-09,AmazonS3,eu-west-1,GB-Month,57.1583,56.15
2025-05-09,AmazonS3,ap-south-1,GB-Month,24.5151,26.29
2025-05-09,AmazonRDS,us-east-1,InstanceHours,315.672,328.83
2025-05-09,AmazonRDS,us-west-2,InstanceHours,172.4701,172.07
2025-05-09,AmazonRDS,eu-west-1,InstanceHours,160.0157,147.75
2025-05-09,AmazonRDS,ap-south-1,InstanceHours,92.6854,113.28
2025-05-09,AWSLambda,us-east-1,Requests(M),42.384,41.6
2025-05-09,AWSLambda,us-west-2,Requests(M),24.4084,24.81
2025-05-09,AWSLambda,eu-west-1,Requests(M),22.346,25.05
2025-05-09,AWSLambda,ap-south-1,Requests(M),10.9751,13.03
2025-05-09,AmazonCloudFront,us-east-1,GB-Transfer,75.9329,82.8
2025-05-09,AmazonCloudFront,us-west-2,GB-Transfer,34.6952,29.07
2025-05-09,AmazonCloudFront,eu-west-1,GB-Transfer,33.5548,39.88
2025-05-09,AmazonCloudFront,ap-south-1,GB-Transfer,18.0164,19.92
2025-05-09,AmazonEBS,us-east-1,GB-Month,87.9321,79.91
2025-05-09,AmazonEBS,us-west-2,GB-Month,49.8882,56.8
2025-05-09,AmazonEBS,eu-west-1,GB-Month,45.2766,54.86
2025-05-09,AmazonEBS,ap-south-1,GB-Month,27.3688,28.93
2025-05-09,AmazonDynamoDB,us-east-1,RCU/WCU,57.6961,57.1
2025-05-09,AmazonDynamoDB,us-west-2,RCU/WCU,36.3512,38.59
2025-05-09,AmazonDynamoDB,eu-west-1,RCU/WCU,29.8453,24.89
2025-05-09,AmazonDynamoDB,ap-south-1,RCU/WCU,17.5619,15.82
2025-05-10,AmazonEC2,us-east-1,InstanceHours,410.937,435.92
2025-05-10,AmazonEC2,us-west-2,InstanceHours,198.3144,166.06
2025-05-10,AmazonEC2,eu-west-1,InstanceHours,200.635,249.28
2025-05-10,AmazonEC2,ap-south-1,InstanceHours,142.6332,141.47
2025-05-10,AmazonS3,us-east-1,GB-Month,89.243,102.23
2025-05-10,AmazonS3,us-west-2,GB-Month,54.9912,67.99
2025-05-10,AmazonS3,eu-west-1,GB-Month,46.9099,39.14
2025-05-10,AmazonS3,ap-south-1,GB-Month,26.2472,22.28
2025-05-10,AmazonRDS,us-east-1,InstanceHours,266.2172,256.9
2025-05-10,AmazonRDS,us-west-2,InstanceHours,175.1996,172.51
2025-05-10,AmazonRDS,eu-west-1,InstanceHours,121.9687,114.24
2025-05-10,AmazonRDS,ap-south-1,InstanceHours,87.5969,103.22
2025-05-10,AWSLambda,us-east-1,Requests(M),36.6897,31.59
2025-05-10,AWSLambda,us-west-2,Requests(M),19.9455,19.64
2025-05-10,AWSLambda,eu-west-1,Requests(M),16.3447,15.73
2025-05-10,AWSLambda,ap-south-1,Requests(M),11.7862,12.13
2025-05-10,AmazonCloudFront,us-east-1,GB-Transfer,64.1745,74.24
2025-05-10,AmazonCloudFront,us-west-2,GB-Transfer,35.3931,42.06
2025-05-10,AmazonCloudFront,eu-west-1,GB-Transfer,28.7505,35.74
2025-05-10,AmazonCloudFront,ap-south-1,GB-Transfer,17.1015,19.2
2025-05-10,AmazonEBS,us-east-1,GB-Month,73.4619,70.42
2025-05-10,AmazonEBS,us-west-2,GB-Month,44.3884,43.2
2025-05-10,AmazonEBS,eu-west-1,GB-Month,37.7267,31.45
2025-05-10,AmazonEBS,ap-south-1,GB-Month,20.7733,17.64
2025-05-10,AmazonDynamoDB,us-east-1,RCU/WCU,47.3509,51.56
2025-05-10,AmazonDynamoDB,us-west-2,RCU/WCU,29.2724,31.52
2025-05-10,AmazonDynamoDB,eu-west-1,RCU/WCU,28.9096,26.29
2025-05-10,AmazonDynamoDB,ap-south-1,RCU/WCU,15.2133,16.93
2025-05-11,AmazonEC2,us-east-1,InstanceHours,376.6986,398.58
2025-05-11,AmazonEC2,us-west-2,InstanceHours,227.6628,189.74
2025-05-11,AmazonEC2,eu-west-1,InstanceHours,194.5929,203.57
2025-05-11,AmazonEC2,ap-south-1,InstanceHours,141.2864,141.93
2025-05-11,AmazonS3,us-east-1,GB-Month,97.75,99.14
2025-05-11,AmazonS3,us-west-2,GB-Month,52.1628,56.81
2025-05-11,AmazonS3,eu-west-1,GB-Month,46.4186,47.94
2025-05-11,AmazonS3,ap-south-1,GB-Month,27.601,25.86
2025-05-11,AmazonRDS,us-east-1,InstanceHours,258.4273,315.93
2025-05-11,AmazonRDS,us-west-2,InstanceHours,145.8335,179.67
2025-05-11,AmazonRDS,eu-west-1,InstanceHours,112.8501,102.87
2025-05-11,AmazonRDS,ap-south-1,InstanceHours,82.7113,71.4
2025-05-11,AWSLambda,us-east-1,Requests(M),35.8421,35.64
2025-05-11,AWSLambda,us-west-2,Requests(M),19.6549,23.26
2025-05-11,AWSLambda,eu-west-1,Requests(M),18.9392,18.82
2025-05-11,AWSLambda,ap-south-1,Requests(M),11.7352,10.03
2025-05-11,AmazonCloudFront,us-east-1,GB-Transfer,60.6973,60.47
2025-05-11,AmazonCloudFront,us-west-2,GB-Transfer,35.6821,42.16
2025-05-11,AmazonCloudFront,eu-west-1,GB-Transfer,26.5352,25.54
2025-05-11,AmazonCloudFront,ap-south-1,GB-Transfer,17.6476,16.38
2025-05-11,AmazonEBS,us-east-1,GB-Month,68.784,69.66
2025-05-11,AmazonEBS,us-west-2,GB-Month,44.303,53.21
2025-05-11,AmazonEBS,eu-west-1,GB-Month,40.2272,33.95
2025-05-11,AmazonEBS,ap-south-1,GB-Month,23.4446,27.28
2025-05-11,AmazonDynamoDB,us-east-1,RCU/WCU,59.3522,50.77
2025-05-11,AmazonDynamoDB,us-west-2,RCU/WCU,32.5415,30.97
2025-05-11,AmazonDynamoDB,eu-west-1,RCU/WCU,24.3553,22.94
2025-05-11,AmazonDynamoDB,ap-south-1,RCU/WCU,13.5139,12.51
2025-05-12,AmazonEC2,us-east-1,InstanceHours,479.8642,406.45
2025-05-12,AmazonEC2,us-west-2,InstanceHours,300.0138,364.25
2025-05-12,AmazonEC2,eu-west-1,InstanceHours,268.9377,324.38
2025-05-12,AmazonEC2,ap-south-1,InstanceHours,156.7289,191.93
2025-05-12,AmazonS3,us-east-1,GB-Month,92.5775,80.92
2025-05-12,AmazonS3,us-west-2,GB-Month,64.1361,65.56
2025-05-12,AmazonS3,eu-west-1,GB-Month,56.7492,61.16
2025-05-12,AmazonS3,ap-south-1,GB-Month,34.7731,38.75
2025-05-12,AmazonRDS,us-east-1,InstanceHours,329.8964,318.89
2025-05-12,AmazonRDS,us-west-2,InstanceHours,173.1379,192.07
2025-05-12,AmazonRDS,eu-west-1,InstanceHours,144.8199,132.56
2025-05-12,AmazonRDS,ap-south-1,InstanceHours,103.8811,88.71
2025-05-12,AWSLambda,us-east-1,Requests(M),39.5705,45.99
2025-05-12,AWSLambda,us-west-2,Requests(M),27.5786,24.57
2025-05-12,AWSLambda,eu-west-1,Requests(M),19.0923,17.55
2025-05-12,AWSLambda,ap-south-1,Requests(M),12.1606,13.27
2025-05-12,AmazonCloudFront,us-east-1,GB-Transfer,59.7878,55.03
2025-05-12,AmazonCloudFront,us-west-2,GB-Transfer,41.4719,35.93
2025-05-12,AmazonCloudFront,eu-west-1,GB-Transfer,32.9445,33.08
2025-05-12,AmazonCloudFront,ap-south-1,GB-Transfer,22.0777,26.42
2025-05-12,AmazonEBS,us-east-1,GB-Month,91.9314,109.02
2025-05-12,AmazonEBS,us-west-2,GB-Month,54.3665,48.26
2025-05-12,AmazonEBS,eu-west-1,GB-Month,41.3282,38.41
2025-05-12,AmazonEBS,ap-south-1,GB-Month,28.7236,35.9
2025-05-12,AmazonDynamoDB,us-east-1,RCU/WCU,58.654,55.96
2025-05-12,AmazonDynamoDB,us-west-2,RCU/WCU,37.0274,34.74
2025-05-12,AmazonDynamoDB,eu-west-1,RCU/WCU,31.7349,30.4
2025-05-12,AmazonDynamoDB,ap-south-1,RCU/WCU,17.7444,15.26
2025-05-13,AmazonEC2,us-east-1,InstanceHours,441.9622,379.23
2025-05-13,AmazonEC2,us-west-2,InstanceHours,300.6904,280.32
2025-05-13,AmazonEC2,eu-west-1,InstanceHours,242.1448,270.36
2025-05-13,AmazonEC2,ap-south-1,InstanceHours,137.8481,131.01
2025-05-13,AmazonS3,us-east-1,GB-Month,117.0866,100.35
2025-05-13,AmazonS3,us-west-2,GB-Month,61.7453,57.53
2025-05-13,AmazonS3,eu-west-1,GB-Month,54.9023,46.21
2025-05-13,AmazonS3,ap-south-1,GB-Month,27.9094,23.35
2025-05-13,AmazonRDS,us-east-1,InstanceHours,322.8693,366.84
2025-05-13,AmazonRDS,us-west-2,InstanceHours,186.1476,207.19
2025-05-13,AmazonRDS,eu-west-1,InstanceHours,147.4026,142.3
2025-05-13,AmazonRDS,ap-south-1,InstanceHours,81.4287,78.18
2025-05-13,AWSLambda,us-east-1,Requests(M),42.2484,36.23
2025-05-13,AWSLambda,us-west-2,Requests(M),24.0278,25.11
2025-05-13,AWSLambda,eu-west-1,Requests(M),23.2545,21.83
2025-05-13,AWSLambda,ap-south-1,Requests(M),11.6743,12.25
2025-05-13,AmazonCloudFront,us-east-1,GB-Transfer,59.9063,67.0
2025-05-13,AmazonCloudFront,us-west-2,GB-Transfer,38.5562,39.21
2025-05-13,AmazonCloudFront,eu-west-1,GB-Transfer,38.0596,34.24
2025-05-13,AmazonCloudFront,ap-south-1,GB-Transfer,22.4075,23.59
2025-05-13,AmazonEBS,us-east-1,GB-Month,97.5056,92.68
2025-05-13,AmazonEBS,us-west-2,GB-Month,51.9504,52.49
2025-05-13,AmazonEBS,eu-west-1,GB-Month,46.208,45.01
2025-05-13,AmazonEBS,ap-south-1,GB-Month,26.75,23.89
2025-05-13,AmazonDynamoDB,us-east-1,RCU/WCU,55.8938,58.85
2025-05-13,AmazonDynamoDB,us-west-2,RCU/WCU,35.1741,34.28
2025-05-13,AmazonDynamoDB,eu-west-1,RCU/WCU,28.4539,24.03
2025-05-13,AmazonDynamoDB,ap-south-1,RCU/WCU,19.4085,21.36
2025-05-14,AmazonEC2,us-east-1,InstanceHours,469.2634,471.91
2025-05-14,AmazonEC2,us-west-2,InstanceHours,329.8925,294.28
2025-05-14,AmazonEC2,eu-west-1,InstanceHours,233.5225,231.65
2025-05-14,AmazonEC2,ap-south-1,InstanceHours,143.4155,141.78
2025-05-14,AmazonS3,us-east-1,GB-Month,105.9018,98.74
2025-05-14,AmazonS3,us-west-2,GB-Month,59.8493,50.11
2025-05-14,AmazonS3,eu-west-1,GB-Month,52.9159,52.46
2025-05-14,AmazonS3,ap-south-1,GB-Month,32.0686,37.09
2025-05-14,AmazonRDS,us-east-1,InstanceHours,334.9445,307.27
2025-05-14,AmazonRDS,us-west-2,InstanceHours,155.5788,147.59
2025-05-14,AmazonRDS,eu-west-1,InstanceHours,144.6583,132.59
2025-05-14,AmazonRDS,ap-south-1,InstanceHours,103.186,120.33
2025-05-14,AWSLambda,us-east-1,Requests(M),127.27776,103.19999999999999
2025-05-14,AWSLambda,us-west-2,Requests(M),76.36512,86.22
2025-05-14,AWSLambda,eu-west-1,Requests(M),62.018240000000006,58.89
2025-05-14,AWSLambda,ap-south-1,Requests(M),41.331520000000005,33.21
2025-05-14,AmazonCloudFront,us-east-1,GB-Transfer,62.2951,68.18
2025-05-14,AmazonCloudFront,us-west-2,GB-Transfer,43.2927,37.06
2025-05-14,AmazonCloudFront,eu-west-1,GB-Transfer,40.1708,40.83
2025-05-14,AmazonCloudFront,ap-south-1,GB-Transfer,18.3464,19.28
2025-05-14,AmazonEBS,us-east-1,GB-Month,92.3409,84.93
2025-05-14,AmazonEBS,us-west-2,GB-Month,47.9968,52.75
2025-05-14,AmazonEBS,eu-west-1,GB-Month,45.3041,38.78
2025-05-14,AmazonEBS,ap-south-1,GB-Month,27.0032,31.24
2025-05-14,AmazonDynamoDB,us-east-1,RCU/WCU,61.8915,70.38
2025-05-14,AmazonDynamoDB,us-west-2,RCU/WCU,33.7612,42.13
2025-05-14,AmazonDynamoDB,eu-west-1,RCU/WCU,28.242,29.24
2025-05-14,AmazonDynamoDB,ap-south-1,RCU/WCU,18.6071,19.02
2025-05-15,AmazonEC2,us-east-1,InstanceHours,472.3395,408.28
2025-05-15,AmazonEC2,us-west-2,InstanceHours,315.4429,301.35
2025-05-15,AmazonEC2,eu-west-1,InstanceHours,205.1871,228.62
2025-05-15,AmazonEC2,ap-south-1,InstanceHours,150.4949,143.38
2025-05-15,AmazonS3,us-east-1,GB-Month,112.0809,112.46
2025-05-15,AmazonS3,us-west-2,GB-Month,62.3487,62.06
2025-05-15,AmazonS3,eu-west-1,GB-Month,58.1671,59.97
2025-05-15,AmazonS3,ap-south-1,GB-Month,30.4631,33.56
2025-05-15,AmazonRDS,us-east-1,InstanceHours,309.6239,298.69
2025-05-15,AmazonRDS,us-west-2,InstanceHours,196.8239,188.47
2025-05-15,AmazonRDS,eu-west-1,InstanceHours,139.7534,171.78
2025-05-15,AmazonRDS,ap-south-1,InstanceHours,99.0858,88.14
2025-05-15,AWSLambda,us-east-1,Requests(M),134.56448,151.47
2025-05-15,AWSLambda,us-west-2,Requests(M),74.18816000000001,73.19999999999999
2025-05-15,AWSLambda,eu-west-1,Requests(M),65.4336,57.81
2025-05-15,AWSLambda,ap-south-1,Requests(M),36.8592,39.78
2025-05-15,AmazonCloudFront,us-east-1,GB-Transfer,73.4159,75.15
2025-05-15,AmazonCloudFront,us-west-2,GB-Transfer,41.3106,36.85
2025-05-15,AmazonCloudFront,eu-west-1,GB-Transfer,34.1034,28.78
2025-05-15,AmazonCloudFront,ap-south-1,GB-Transfer,22.078,19.63
2025-05-15,AmazonEBS,us-east-1,GB-Month,86.4493,96.8
2025-05-15,AmazonEBS,us-west-2,GB-Month,52.7806,44.54
2025-05-15,AmazonEBS,eu-west-1,GB-Month,34.8786,30.7
2025-05-15,AmazonEBS,ap-south-1,GB-Month,26.2475,31.44
2025-05-15,AmazonDynamoDB,us-east-1,RCU/WCU,49.7353,52.91
2025-05-15,AmazonDynamoDB,us-west-2,RCU/WCU,31.5362,34.16
2025-05-15,AmazonDynamoDB,eu-west-1,RCU/WCU,27.8462,26.37
2025-05-15,AmazonDynamoDB,ap-south-1,RCU/WCU,16.7949,14.38
2025-05-16,AmazonEC2,us-east-1,InstanceHours,414.8843,480.38
2025-05-16,AmazonEC2,us-west-2,InstanceHours,295.5363,261.06
2025-05-16,AmazonEC2,eu-west-1,InstanceHours,243.4583,265.67
2025-05-16,AmazonEC2,ap-south-1,InstanceHours,149.0248,143.21
2025-05-16,AmazonS3,us-east-1,GB-Month,102.8007,97.72
2025-05-16,AmazonS3,us-west-2,GB-Month,70.5012,64.88
2025-05-16,AmazonS3,eu-west-1,GB-Month,54.6764,54.97
2025-05-16,AmazonS3,ap-south-1,GB-Month,35.6187,33.0
2025-05-16,AmazonRDS,us-east-1,InstanceHours,279.4087,280.66
2025-05-16,AmazonRDS,us-west-2,InstanceHours,177.8102,176.26
2025-05-16,AmazonRDS,eu-west-1,InstanceHours,145.7489,169.09
2025-05-16,AmazonRDS,ap-south-1,InstanceHours,80.6003,79.46
2025-05-16,AWSLambda,us-east-1,Requests(M),129.34496,136.26
2025-05-16,AWSLambda,us-west-2,Requests(M),66.07456,75.39
2025-05-16,AWSLambda,eu-west-1,Requests(M),68.46336000000001,68.55000000000001
2025-05-16,AWSLambda,ap-south-1,Requests(M),42.97184,49.199999999999996
2025-05-16,AmazonCloudFront,us-east-1,GB-Transfer,68.9862,58.85
2025-05-16,AmazonCloudFront,us-west-2,GB-Transfer,42.547,42.91
2025-05-16,AmazonCloudFront,eu-west-1,GB-Transfer,38.3976,33.37
2025-05-16,AmazonCloudFront,ap-south-1,GB-Transfer,19.6043,20.67
2025-05-16,AmazonEBS,us-east-1,GB-Month,77.4375,66.25
2025-05-16,AmazonEBS,us-west-2,GB-Month,44.1598,41.0
2025-05-16,AmazonEBS,eu-west-1,GB-Month,41.1631,46.14
2025-05-16,AmazonEBS,ap-south-1,GB-Month,24.9991,27.61
2025-05-16,AmazonDynamoDB,us-east-1,RCU/WCU,61.4817,72.64
2025-05-16,AmazonDynamoDB,us-west-2,RCU/WCU,31.6493,33.14
2025-05-16,AmazonDynamoDB,eu-west-1,RCU/WCU,25.7342,31.15
2025-05-16,AmazonDynamoDB,ap-south-1,RCU/WCU,18.6915,22.45
2025-05-17,AmazonEC2,us-east-1,InstanceHours,398.6092,416.77
2025-05-17,AmazonEC2,us-west-2,InstanceHours,253.3049,277.92
2025-05-17,AmazonEC2,eu-west-1,InstanceHours,220.5309,222.21
2025-05-17,AmazonEC2,ap-south-1,InstanceHours,150.5969,162.67
2025-05-17,AmazonS3,us-east-1,GB-Month,92.062,79.92
2025-05-17,AmazonS3,us-west-2,GB-Month,50.8379,43.17
2025-05-17,AmazonS3,eu-west-1,GB-Month,47.5897,57.91
2025-05-17,AmazonS3,ap-south-1,GB-Month,24.8829,23.64
2025-05-17,AmazonRDS,us-east-1,InstanceHours,282.5819,246.73
2025-05-17,AmazonRDS,us-west-2,InstanceHours,146.1203,154.47
2025-05-17,AmazonRDS,eu-west-1,InstanceHours,118.1451,122.21
2025-05-17,AmazonRDS,ap-south-1,InstanceHours,77.6643,82.24
2025-05-17,AWSLambda,us-east-1,Requests(M),114.29856000000001,92.69999999999999
2025-05-17,AWSLambda,us-west-2,Requests(M),61.27072,49.32000000000001
2025-05-17,AWSLambda,eu-west-1,Requests(M),53.03808000000001,44.13
2025-05-17,AWSLambda,ap-south-1,Requests(M),34.58496,35.61
2025-05-17,AmazonCloudFront,us-east-1,GB-Transfer,60.4401,54.25
2025-05-17,AmazonCloudFront,us-west-2,GB-Transfer,36.8915,44.23
2025-05-17,AmazonCloudFront,eu-west-1,GB-Transfer,32.6568,28.53
2025-05-17,AmazonCloudFront,ap-south-1,GB-Transfer,18.2806,22.53
2025-05-17,AmazonEBS,us-east-1,GB-Month,83.4118,98.95
2025-05-17,AmazonEBS,us-west-2,GB-Month,47.8098,58.36
2025-05-17,AmazonEBS,eu-west-1,GB-Month,35.5793,42.21
2025-05-17,AmazonEBS,ap-south-1,GB-Month,24.5856,22.25
2025-05-17,AmazonDynamoDB,us-east-1,RCU/WCU,50.6152,58.55
2025-05-17,AmazonDynamoDB,us-west-2,RCU/WCU,32.3511,40.13
2025-05-17,AmazonDynamoDB,eu-west-1,RCU/WCU,25.6575,24.2
2025-05-17,AmazonDynamoDB,ap-south-1,RCU/WCU,17.0193,15.12
2025-05-18,AmazonEC2,us-east-1,InstanceHours,381.7653,324.63
2025-05-18,AmazonEC2,us-west-2,InstanceHours,245.9549,241.58
2025-05-18,AmazonEC2,eu-west-1,InstanceHours,218.5553,186.38
2025-05-18,AmazonEC2,ap-south-1,InstanceHours,126.4638,122.92
2025-05-18,AmazonS3,us-east-1,GB-Month,83.001,81.06
2025-05-18,AmazonS3,us-west-2,GB-Month,60.7267,62.84
2025-05-18,AmazonS3,eu-west-1,GB-Month,44.4002,39.31
2025-05-18,AmazonS3,ap-south-1,GB-Month,28.8812,25.42
2025-05-18,AmazonRDS,us-east-1,InstanceHours,268.8811,235.46
2025-05-18,AmazonRDS,us-west-2,InstanceHours,164.4776,172.25
2025-05-18,AmazonRDS,eu-west-1,InstanceHours,117.564,138.94
2025-05-18,AmazonRDS,ap-south-1,InstanceHours,77.2066,89.39
2025-05-18,AWSLambda,us-east-1,Requests(M),118.32512,125.85000000000001
2025-05-18,AWSLambda,us-west-2,Requests(M),71.84192,59.13
2025-05-18,AWSLambda,eu-west-1,Requests(M),59.43200000000001,55.980000000000004
2025-05-18,AWSLambda,ap-south-1,Requests(M),31.490560000000002,27.03
2025-05-18,AmazonCloudFront,us-east-1,GB-Transfer,52.0969,45.84
2025-05-18,AmazonCloudFront,us-west-2,GB-Transfer,32.2419,39.6
2025-05-18,AmazonCloudFront,eu-west-1,GB-Transfer,29.8112,30.64
2025-05-18,AmazonCloudFront,ap-south-1,GB-Transfer,18.0239,17.15
2025-05-18,AmazonEBS,us-east-1,GB-Month,74.5032,62.4
2025-05-18,AmazonEBS,us-west-2,GB-Month,40.7845,45.61
2025-05-18,AmazonEBS,eu-west-1,GB-Month,35.6708,33.62
2025-05-18,AmazonEBS,ap-south-1,GB-Month,25.2822,28.67
2025-05-18,AmazonDynamoDB,us-east-1,RCU/WCU,51.0688,58.16
2025-05-18,AmazonDynamoDB,us-west-2,RCU/WCU,29.6501,28.12
2025-05-18,AmazonDynamoDB,eu-west-1,RCU/WCU,28.0366,26.8
2025-05-18,AmazonDynamoDB,ap-south-1,RCU/WCU,17.141,17.13
2025-05-19,AmazonEC2,us-east-1,InstanceHours,473.6805,490.7
2025-05-19,AmazonEC2,us-west-2,InstanceHours,302.9847,273.4
2025-05-19,AmazonEC2,eu-west-1,InstanceHours,217.6103,221.16
2025-05-19,AmazonEC2,ap-south-1,InstanceHours,127.8633,120.35
2025-05-19,AmazonS3,us-east-1,GB-Month,103.292,113.16
2025-05-19,AmazonS3,us-west-2,GB-Month,57.3097,51.83
2025-05-19,AmazonS3,eu-west-1,GB-Month,50.3646,51.64
2025-05-19,AmazonS3,ap-south-1,GB-Month,32.2087,37.78
2025-05-19,AmazonRDS,us-east-1,InstanceHours,336.8783,288.36
2025-05-19,AmazonRDS,us-west-2,InstanceHours,187.9665,170.53
2025-05-19,AmazonRDS,eu-west-1,InstanceHours,146.7352,140.8
2025-05-19,AmazonRDS,ap-south-1,InstanceHours,105.3812,125.8
2025-05-19,AWSLambda,us-east-1,Requests(M),41.1502,50.43
2025-05-19,AWSLambda,us-west-2,Requests(M),26.4393,22.64
2025-05-19,AWSLambda,eu-west-1,Requests(M),22.1868,19.42
2025-05-19,AWSLambda,ap-south-1,Requests(M),12.2012,10.83
2025-05-19,AmazonCloudFront,us-east-1,GB-Transfer,57.1942,65.74
2025-05-19,AmazonCloudFront,us-west-2,GB-Transfer,36.6086,30.83
2025-05-19,AmazonCloudFront,eu-west-1,GB-Transfer,33.2582,31.25
2025-05-19,AmazonCloudFront,ap-south-1,GB-Transfer,20.0279,22.32
2025-05-19,AmazonEBS,us-east-1,GB-Month,87.3898,87.81
2025-05-19,AmazonEBS,us-west-2,GB-Month,51.5246,59.54
2025-05-19,AmazonEBS,eu-west-1,GB-Month,34.5072,29.85
2025-05-19,AmazonEBS,ap-south-1,GB-Month,25.8708,32.19
2025-05-19,AmazonDynamoDB,us-east-1,RCU/WCU,58.5444,68.02
2025-05-19,AmazonDynamoDB,us-west-2,RCU/WCU,35.6264,43.52
2025-05-19,AmazonDynamoDB,eu-west-1,RCU/WCU,25.4806,27.68
2025-05-19,AmazonDynamoDB,ap-south-1,RCU/WCU,17.7893,19.81
2025-05-20,AmazonEC2,us-east-1,InstanceHours,517.4027,622.48
2025-05-20,AmazonEC2,us-west-2,InstanceHours,340.8843,337.31
2025-05-20,AmazonEC2,eu-west-1,InstanceHours,248.3427,210.42
2025-05-20,AmazonEC2,ap-south-1,InstanceHours,157.8172,183.67
2025-05-20,AmazonS3,us-east-1,GB-Month,110.0589,135.97
2025-05-20,AmazonS3,us-west-2,GB-Month,76.7155,65.24
2025-05-20,AmazonS3,eu-west-1,GB-Month,49.4249,61.14
2025-05-20,AmazonS3,ap-south-1,GB-Month,32.0897,39.12
2025-05-20,AmazonRDS,us-east-1,InstanceHours,340.4334,340.48
2025-05-20,AmazonRDS,us-west-2,InstanceHours,203.3476,220.38
2025-05-20,AmazonRDS,eu-west-1,InstanceHours,169.4365,209.76
2025-05-20,AmazonRDS,ap-south-1,InstanceHours,111.8838,122.55
2025-05-20,AWSLambda,us-east-1,Requests(M),43.0708,41.37
2025-05-20,AWSLambda,us-west-2,Requests(M),23.745,24.2
2025-05-20,AWSLambda,eu-west-1,Requests(M),21.5761,18.57
2025-05-20,AWSLambda,ap-south-1,Requests(M),11.4026,12.75
2025-05-20,AmazonCloudFront,us-east-1,GB-Transfer,72.941,61.25
2025-05-20,AmazonCloudFront,us-west-2,GB-Transfer,38.9216,35.38
2025-05-20,AmazonCloudFront,eu-west-1,GB-Transfer,33.2327,34.85
2025-05-20,AmazonCloudFront,ap-south-1,GB-Transfer,18.197,15.95
2025-05-20,AmazonEBS,us-east-1,GB-Month,90.6346,99.6
2025-05-20,AmazonEBS,us-west-2,GB-Month,58.39,49.69
2025-05-20,AmazonEBS,eu-west-1,GB-Month,44.3653,42.99
2025-05-20,AmazonEBS,ap-south-1,GB-Month,26.345,23.35
2025-05-20,AmazonDynamoDB,us-east-1,RCU/WCU,55.7131,46.99
2025-05-20,AmazonDynamoDB,us-west-2,RCU/WCU,37.8798,46.84
2025-05-20,AmazonDynamoDB,eu-west-1,RCU/WCU,31.992,31.22
2025-05-20,AmazonDynamoDB,ap-south-1,RCU/WCU,15.604,14.13
2025-05-21,AmazonEC2,us-east-1,InstanceHours,500.3883,444.25
2025-05-21,AmazonEC2,us-west-2,InstanceHours,317.222,342.97
2025-05-21,AmazonEC2,eu-west-1,InstanceHours,237.2758,221.53
2025-05-21,AmazonEC2,ap-south-1,InstanceHours,129.4694,147.98
2025-05-21,AmazonS3,us-east-1,GB-Month,96.9194,86.67
2025-05-21,AmazonS3,us-west-2,GB-Month,71.0132,87.16
2025-05-21,AmazonS3,eu-west-1,GB-Month,57.4129,48.8
2025-05-21,AmazonS3,ap-south-1,GB-Month,34.8105,32.07
2025-05-21,AmazonRDS,us-east-1,InstanceHours,273.974,238.67
2025-05-21,AmazonRDS,us-west-2,InstanceHours,196.2179,178.54
2025-05-21,AmazonRDS,eu-west-1,InstanceHours,171.9056,149.86
2025-05-21,AmazonRDS,ap-south-1,InstanceHours,86.4649,72.64
2025-05-21,AWSLambda,us-east-1,Requests(M),40.3635,41.67
2025-05-21,AWSLambda,us-west-2,Requests(M),25.1044,29.75
2025-05-21,AWSLambda,eu-west-1,Requests(M),21.1915,22.44
2025-05-21,AWSLambda,ap-south-1,Requests(M),11.914,11.37
2025-05-21,AmazonCloudFront,us-east-1,GB-Transfer,76.1785,87.25
2025-05-21,AmazonCloudFront,us-west-2,GB-Transfer,44.1584,47.9
2025-05-21,AmazonCloudFront,eu-west-1,GB-Transfer,29.1335,24.42
2025-05-21,AmazonCloudFront,ap-south-1,GB-Transfer,19.636,17.32
2025-05-21,AmazonEBS,us-east-1,GB-Month,94.6948,100.84
2025-05-21,AmazonEBS,us-west-2,GB-Month,52.1898,46.84
2025-05-21,AmazonEBS,eu-west-1,GB-Month,46.1588,46.98
2025-05-21,AmazonEBS,ap-south-1,GB-Month,24.7079,29.31
2025-05-21,AmazonDynamoDB,us-east-1,RCU/WCU,55.1513,50.15
2025-05-21,AmazonDynamoDB,us-west-2,RCU/WCU,30.6363,36.95
2025-05-21,AmazonDynamoDB,eu-west-1,RCU/WCU,32.0803,30.22
2025-05-21,AmazonDynamoDB,ap-south-1,RCU/WCU,18.7847,17.01
2025-05-22,AmazonEC2,us-east-1,InstanceHours,502.3198,426.98
2025-05-22,AmazonEC2,us-west-2,InstanceHours,264.7165,253.48
2025-05-22,AmazonEC2,eu-west-1,InstanceHours,273.175,292.7
2025-05-22,AmazonEC2,ap-south-1,InstanceHours,154.8492,143.35
2025-05-22,AmazonS3,us-east-1,GB-Month,102.112,103.94
2025-05-22,AmazonS3,us-west-2,GB-Month,65.0708,57.03
2025-05-22,AmazonS3,eu-west-1,GB-Month,52.0792,49.01
2025-05-22,AmazonS3,ap-south-1,GB-Month,33.1841,34.7
2025-05-22,AmazonRDS,us-east-1,InstanceHours,281.5968,256.64
2025-05-22,AmazonRDS,us-west-2,InstanceHours,153.8452,153.76
2025-05-22,AmazonRDS,eu-west-1,InstanceHours,158.5555,196.19
2025-05-22,AmazonRDS,ap-south-1,InstanceHours,96.3301,91.56
2025-05-22,AWSLambda,us-east-1,Requests(M),35.7355,31.7
2025-05-22,AWSLambda,us-west-2,Requests(M),20.0429,19.67
2025-05-22,AWSLambda,eu-west-1,Requests(M),20.9488,20.52
2025-05-22,AWSLambda,ap-south-1,Requests(M),12.8428,11.66
2025-05-22,AmazonCloudFront,us-east-1,GB-Transfer,69.2141,77.41
2025-05-22,AmazonCloudFront,us-west-2,GB-Transfer,39.1937,32.83
2025-05-22,AmazonCloudFront,eu-west-1,GB-Transfer,40.6041,44.55
2025-05-22,AmazonCloudFront,ap-south-1,GB-Transfer,21.8533,23.53
2025-05-22,AmazonEBS,us-east-1,GB-Month,96.1339,97.16
2025-05-22,AmazonEBS,us-west-2,GB-Month,48.074,47.74
2025-05-22,AmazonEBS,eu-west-1,GB-Month,48.6595,58.19
2025-05-22,AmazonEBS,ap-south-1,GB-Month,27.2335,24.52
2025-05-22,AmazonDynamoDB,us-east-1,RCU/WCU,67.0608,72.03
2025-05-22,AmazonDynamoDB,us-west-2,RCU/WCU,36.9269,38.32
2025-05-22,AmazonDynamoDB,eu-west-1,RCU/WCU,29.5381,29.66
2025-05-22,AmazonDynamoDB,ap-south-1,RCU/WCU,17.4735,19.68
2025-05-23,AmazonEC2,us-east-1,InstanceHours,466.8339,401.78
2025-05-23,AmazonEC2,us-west-2,InstanceHours,293.7982,260.59
2025-05-23,AmazonEC2,eu-west-1,InstanceHours,258.8578,250.85
2025-05-23,AmazonEC2,ap-south-1,InstanceHours,164.318,137.08
2025-05-23,AmazonS3,us-east-1,GB-Month,112.4738,108.93
2025-05-23,AmazonS3,us-west-2,GB-Month,59.2791,49.8
2025-05-23,AmazonS3,eu-west-1,GB-Month,46.8381,46.77
2025-05-23,AmazonS3,ap-south-1,GB-Month,32.4571,29.93
2025-05-23,AmazonRDS,us-east-1,InstanceHours,264.2698,229.81
2025-05-23,AmazonRDS,us-west-2,InstanceHours,182.1801,211.55
2025-05-23,AmazonRDS,eu-west-1,InstanceHours,136.7447,145.07
2025-05-23,AmazonRDS,ap-south-1,InstanceHours,97.1481,82.59
2025-05-23,AWSLambda,us-east-1,Requests(M),39.6947,47.96
2025-05-23,AWSLambda,us-west-2,Requests(M),24.0496,24.01
2025-05-23,AWSLambda,eu-west-1,Requests(M),18.1241,16.84
2025-05-23,AWSLambda,ap-south-1,Requests(M),13.3468,16.19
2025-05-23,AmazonCloudFront,us-east-1,GB-Transfer,71.4953,59.87
2025-05-23,AmazonCloudFront,us-west-2,GB-Transfer,43.0204,36.63
2025-05-23,AmazonCloudFront,eu-west-1,GB-Transfer,31.668,28.83
2025-05-23,AmazonCloudFront,ap-south-1,GB-Transfer,18.1586,21.27
2025-05-23,AmazonEBS,us-east-1,GB-Month,82.2866,83.8
2025-05-23,AmazonEBS,us-west-2,GB-Month,50.9365,49.9
2025-05-23,AmazonEBS,eu-west-1,GB-Month,41.0487,49.82
2025-05-23,AmazonEBS,ap-south-1,GB-Month,30.1897,30.53
2025-05-23,AmazonDynamoDB,us-east-1,RCU/WCU,63.6965,58.28
2025-05-23,AmazonDynamoDB,us-west-2,RCU/WCU,35.1044,42.21
2025-05-23,AmazonDynamoDB,eu-west-1,RCU/WCU,27.5916,32.59
2025-05-23,AmazonDynamoDB,ap-south-1,RCU/WCU,16.0525,16.33
2025-05-24,AmazonEC2,us-east-1,InstanceHours,416.2608,379.54
2025-05-24,AmazonEC2,us-west-2,InstanceHours,256.6182,239.12
2025-05-24,AmazonEC2,eu-west-1,InstanceHours,201.2026,182.66
2025-05-24,AmazonEC2,ap-south-1,InstanceHours,129.7565,112.58
2025-05-24,AmazonS3,us-east-1,GB-Month,85.7041,72.14
2025-05-24,AmazonS3,us-west-2,GB-Month,49.0755,44.12
2025-05-24,AmazonS3,eu-west-1,GB-Month,46.3508,48.2
2025-05-24,AmazonS3,ap-south-1,GB-Month,23.0859,23.18
2025-05-24,AmazonRDS,us-east-1,InstanceHours,229.9389,214.92
2025-05-24,AmazonRDS,us-west-2,InstanceHours,143.6391,129.24
2025-05-24,AmazonRDS,eu-west-1,InstanceHours,123.0277,126.71
2025-05-24,AmazonRDS,ap-south-1,InstanceHours,81.7464,70.44
2025-05-24,AWSLambda,us-east-1,Requests(M),30.8203,35.67
2025-05-24,AWSLambda,us-west-2,Requests(M),20.4494,20.67
2025-05-24,AWSLambda,eu-west-1,Requests(M),17.8382,16.23
2025-05-24,AWSLambda,ap-south-1,Requests(M),10.6304,9.18
2025-05-24,AmazonCloudFront,us-east-1,GB-Transfer,62.8841,75.74
2025-05-24,AmazonCloudFront,us-west-2,GB-Transfer,35.1376,32.35
2025-05-24,AmazonCloudFront,eu-west-1,GB-Transfer,28.3184,27.68
2025-05-24,AmazonCloudFront,ap-south-1,GB-Transfer,19.7328,20.85
2025-05-24,AmazonEBS,us-east-1,GB-Month,70.5818,79.41
2025-05-24,AmazonEBS,us-west-2,GB-Month,41.8874,41.09
2025-05-24,AmazonEBS,eu-west-1,GB-Month,34.7102,41.42
2025-05-24,AmazonEBS,ap-south-1,GB-Month,20.7671,21.74
2025-05-24,AmazonDynamoDB,us-east-1,RCU/WCU,55.8545,54.9
2025-05-24,AmazonDynamoDB,us-west-2,RCU/WCU,33.9783,36.32
2025-05-24,AmazonDynamoDB,eu-west-1,RCU/WCU,26.4568,28.19
2025-05-24,AmazonDynamoDB,ap-south-1,RCU/WCU,15.499,18.58
2025-05-25,AmazonEC2,us-east-1,InstanceHours,391.0081,396.18
2025-05-25,AmazonEC2,us-west-2,InstanceHours,241.1531,279.64
2025-05-25,AmazonEC2,eu-west-1,InstanceHours,182.9516,167.0
2025-05-25,AmazonEC2,ap-south-1,InstanceHours,122.7738,151.38
2025-05-25,AmazonS3,us-east-1,GB-Month,80.2204,100.23
2025-05-25,AmazonS3,us-west-2,GB-Month,54.3582,47.36
2025-05-25,AmazonS3,eu-west-1,GB-Month,42.1392,39.54
2025-05-25,AmazonS3,ap-south-1,GB-Month,27.3583,26.19
2025-05-25,AmazonRDS,us-east-1,InstanceHours,205.3952,177.86
2025-05-25,AmazonRDS,us-west-2,InstanceHours,144.1698,160.53
2025-05-25,AmazonRDS,eu-west-1,InstanceHours,111.7362,100.8
2025-05-25,AmazonRDS,ap-south-1,InstanceHours,71.171,61.01
2025-05-25,AWSLambda,us-east-1,Requests(M),35.7058,29.89
2025-05-25,AWSLambda,us-west-2,Requests(M),21.5334,19.96
2025-05-25,AWSLambda,eu-west-1,Requests(M),17.7988,15.43
2025-05-25,AWSLambda,ap-south-1,Requests(M),10.5587,9.29
2025-05-25,AmazonCloudFront,us-east-1,GB-Transfer,59.6799,74.34
2025-05-25,AmazonCloudFront,us-west-2,GB-Transfer,37.5449,46.67
2025-05-25,AmazonCloudFront,eu-west-1,GB-Transfer,24.3855,24.87
2025-05-25,AmazonCloudFront,ap-south-1,GB-Transfer,20.0267,20.86
2025-05-25,AmazonEBS,us-east-1,GB-Month,72.9215,63.83
2025-05-25,AmazonEBS,us-west-2,GB-Month,46.959,40.44
2025-05-25,AmazonEBS,eu-west-1,GB-Month,28.2362,25.57
2025-05-25,AmazonEBS,ap-south-1,GB-Month,22.2305,20.52
2025-05-25,AmazonDynamoDB,us-east-1,RCU/WCU,46.7504,51.6
2025-05-25,AmazonDynamoDB,us-west-2,RCU/WCU,28.9925,34.01
2025-05-25,AmazonDynamoDB,eu-west-1,RCU/WCU,22.7127,21.53
2025-05-25,AmazonDynamoDB,ap-south-1,RCU/WCU,13.7971,11.67
2025-05-26,AmazonEC2,us-east-1,InstanceHours,508.5427,456.64
2025-05-26,AmazonEC2,us-west-2,InstanceHours,298.6064,273.66
2025-05-26,AmazonEC2,eu-west-1,InstanceHours,210.5611,184.94
2025-05-26,AmazonEC2,ap-south-1,InstanceHours,136.7577,117.68
2025-05-26,AmazonS3,us-east-1,GB-Month,102.9092,92.13
2025-05-26,AmazonS3,us-west-2,GB-Month,62.7959,68.7
2025-05-26,AmazonS3,eu-west-1,GB-Month,60.7289,52.09
2025-05-26,AmazonS3,ap-south-1,GB-Month,31.9235,31.41
2025-05-26,AmazonRDS,us-east-1,InstanceHours,257.687,279.46
2025-05-26,AmazonRDS,us-west-2,InstanceHours,182.1539,162.84
2025-05-26,AmazonRDS,eu-west-1,InstanceHours,136.589,163.03
2025-05-26,AmazonRDS,ap-south-1,InstanceHours,89.5193,90.5
2025-05-26,AWSLambda,us-east-1,Requests(M),47.6127,48.17
2025-05-26,AWSLambda,us-west-2,Requests(M),23.5281,27.44
2025-05-26,AWSLambda,eu-west-1,Requests(M),21.8682,25.32
2025-05-26,AWSLambda,ap-south-1,Requests(M),12.2495,11.39
2025-05-26,AmazonCloudFront,us-east-1,GB-Transfer,78.2192,90.93
2025-05-26,AmazonCloudFront,us-west-2,GB-Transfer,43.8247,37.25
2025-05-26,AmazonCloudFront,eu-west-1,GB-Transfer,37.8794,42.15
2025-05-26,AmazonCloudFront,ap-south-1,GB-Transfer,21.5826,19.7
2025-05-26,AmazonEBS,us-east-1,GB-Month,83.94,88.03
2025-05-26,AmazonEBS,us-west-2,GB-Month,58.0721,54.62
2025-05-26,AmazonEBS,eu-west-1,GB-Month,44.5603,54.53
2025-05-26,AmazonEBS,ap-south-1,GB-Month,25.3088,28.88
2025-05-26,AmazonDynamoDB,us-east-1,RCU/WCU,55.0018,46.27
2025-05-26,AmazonDynamoDB,us-west-2,RCU/WCU,35.7464,31.16
2025-05-26,AmazonDynamoDB,eu-west-1,RCU/WCU,31.7834,27.52
2025-05-26,AmazonDynamoDB,ap-south-1,RCU/WCU,18.1064,20.03
2025-05-27,AmazonEC2,us-east-1,InstanceHours,475.2091,492.27
2025-05-27,AmazonEC2,us-west-2,InstanceHours,303.2591,296.35
2025-05-27,AmazonEC2,eu-west-1,InstanceHours,260.2538,276.0
2025-05-27,AmazonEC2,ap-south-1,InstanceHours,128.7166,115.96
2025-05-27,AmazonS3,us-east-1,GB-Month,94.6362,110.25
2025-05-27,AmazonS3,us-west-2,GB-Month,66.4092,63.15
2025-05-27,AmazonS3,eu-west-1,GB-Month,47.1699,50.69
2025-05-27,AmazonS3,ap-south-1,GB-Month,30.9832,33.63
2025-05-27,AmazonRDS,us-east-1,InstanceHours,305.7017,276.54
2025-05-27,AmazonRDS,us-west-2,InstanceHours,167.697,162.78
2025-05-27,AmazonRDS,eu-west-1,InstanceHours,149.6501,153.61
2025-05-27,AmazonRDS,ap-south-1,InstanceHours,91.8161,87.97
2025-05-27,AWSLambda,us-east-1,Requests(M),44.6608,40.91
2025-05-27,AWSLambda,us-west-2,Requests(M),26.5609,25.04
2025-05-27,AWSLambda,eu-west-1,Requests(M),20.8451,19.13
2025-05-27,AWSLambda,ap-south-1,Requests(M),11.662,9.74
2025-05-27,AmazonCloudFront,us-east-1,GB-Transfer,76.0209,75.57
2025-05-27,AmazonCloudFront,us-west-2,GB-Transfer,45.7409,39.87
2025-05-27,AmazonCloudFront,eu-west-1,GB-Transfer,32.9475,30.21
2025-05-27,AmazonCloudFront,ap-south-1,GB-Transfer,21.291,19.65
2025-05-27,AmazonEBS,us-east-1,GB-Month,84.3716,79.48
2025-05-27,AmazonEBS,us-west-2,GB-Month,53.7477,58.53
2025-05-27,AmazonEBS,eu-west-1,GB-Month,40.9498,38.14
2025-05-27,AmazonEBS,ap-south-1,GB-Month,27.8592,30.35
2025-05-27,AmazonDynamoDB,us-east-1,RCU/WCU,59.7498,51.06
2025-05-27,AmazonDynamoDB,us-west-2,RCU/WCU,32.7653,27.59
2025-05-27,AmazonDynamoDB,eu-west-1,RCU/WCU,30.7359,32.65
2025-05-27,AmazonDynamoDB,ap-south-1,RCU/WCU,16.6497,14.35
2025-05-28,AmazonEC2,us-east-1,InstanceHours,421.9313,378.73
2025-05-28,AmazonEC2,us-west-2,InstanceHours,270.5066,280.58
2025-05-28,AmazonEC2,eu-west-1,InstanceHours,262.2872,220.36
2025-05-28,AmazonEC2,ap-south-1,InstanceHours,165.8593,141.14
2025-05-28,AmazonS3,us-east-1,GB-Month,118.7207,104.9
2025-05-28,AmazonS3,us-west-2,GB-Month,60.2187,51.93
2025-05-28,AmazonS3,eu-west-1,GB-Month,51.6345,55.64
2025-05-28,AmazonS3,ap-south-1,GB-Month,30.4201,31.24
2025-05-28,AmazonRDS,us-east-1,InstanceHours,302.5426,284.0
2025-05-28,AmazonRDS,us-west-2,InstanceHours,163.0489,163.22
2025-05-28,AmazonRDS,eu-west-1,InstanceHours,145.2788,126.29
2025-05-28,AmazonRDS,ap-south-1,InstanceHours,92.2859,78.5
2025-05-28,AWSLambda,us-east-1,Requests(M),43.7325,51.29
2025-05-28,AWSLambda,us-west-2,Requests(M),25.0136,22.35
2025-05-28,AWSLambda,eu-west-1,Requests(M),20.0093,21.53
2025-05-28,AWSLambda,ap-south-1,Requests(M),11.293,10.92
2025-05-28,AmazonCloudFront,us-east-1,GB-Transfer,75.3303,79.55
2025-05-28,AmazonCloudFront,us-west-2,GB-Transfer,37.2303,32.53
2025-05-28,AmazonCloudFront,eu-west-1,GB-Transfer,31.5057,33.72
2025-05-28,AmazonCloudFront,ap-south-1,GB-Transfer,21.9418,19.26
2025-05-28,AmazonEBS,us-east-1,GB-Month,92.4121,87.22
2025-05-28,AmazonEBS,us-west-2,GB-Month,42.8414,45.62
2025-05-28,AmazonEBS,eu-west-1,GB-Month,42.9058,48.43
2025-05-28,AmazonEBS,ap-south-1,GB-Month,22.3074,24.41
2025-05-28,AmazonDynamoDB,us-east-1,RCU/WCU,57.4766,61.92
2025-05-28,AmazonDynamoDB,us-west-2,RCU/WCU,33.9134,28.63
2025-05-28,AmazonDynamoDB,eu-west-1,RCU/WCU,32.2932,39.47
2025-05-28,AmazonDynamoDB,ap-south-1,RCU/WCU,18.0685,21.44
2025-05-29,AmazonEC2,us-east-1,InstanceHours,507.2151,578.75
2025-05-29,AmazonEC2,us-west-2,InstanceHours,320.9453,333.65
2025-05-29,AmazonEC2,eu-west-1,InstanceHours,268.2728,325.51
2025-05-29,AmazonEC2,ap-south-1,InstanceHours,148.3852,142.86
2025-05-29,AmazonS3,us-east-1,GB-Month,99.6758,91.97
2025-05-29,AmazonS3,us-west-2,GB-Month,67.1714,60.77
2025-05-29,AmazonS3,eu-west-1,GB-Month,55.7507,48.0
2025-05-29,AmazonS3,ap-south-1,GB-Month,32.8869,39.18
2025-05-29,AmazonRDS,us-east-1,InstanceHours,306.0871,339.74
2025-05-29,AmazonRDS,us-west-2,InstanceHours,179.1901,217.62
2025-05-29,AmazonRDS,eu-west-1,InstanceHours,166.1143,195.28
2025-05-29,AmazonRDS,ap-south-1,InstanceHours,88.1532,82.48
2025-05-29,AWSLambda,us-east-1,Requests(M),38.6244,33.93
2025-05-29,AWSLambda,us-west-2,Requests(M),24.0028,20.95
2025-05-29,AWSLambda,eu-west-1,Requests(M),19.0763,18.9
2025-05-29,AWSLambda,ap-south-1,Requests(M),13.0133,14.89
2025-05-29,AmazonCloudFront,us-east-1,GB-Transfer,70.641,64.57
2025-05-29,AmazonCloudFront,us-west-2,GB-Transfer,35.8644,42.8
2025-05-29,AmazonCloudFront,eu-west-1,GB-Transfer,36.1487,37.2
2025-05-29,AmazonCloudFront,ap-south-1,GB-Transfer,20.6273,17.55
2025-05-29,AmazonEBS,us-east-1,GB-Month,87.4704,95.57
2025-05-29,AmazonEBS,us-west-2,GB-Month,53.4804,47.91
2025-05-29,AmazonEBS,eu-west-1,GB-Month,41.9861,37.69
2025-05-29,AmazonEBS,ap-south-1,GB-Month,24.8098,25.49
2025-05-29,AmazonDynamoDB,us-east-1,RCU/WCU,60.9189,55.73
2025-05-29,AmazonDynamoDB,us-west-2,RCU/WCU,31.7875,37.4
2025-05-29,AmazonDynamoDB,eu-west-1,RCU/WCU,27.0128,28.38
2025-05-29,AmazonDynamoDB,ap-south-1,RCU/WCU,16.461,14.89
2025-05-30,AmazonEC2,us-east-1,InstanceHours,526.6695,656.27
2025-05-30,AmazonEC2,us-west-2,InstanceHours,323.063,377.03
2025-05-30,AmazonEC2,eu-west-1,InstanceHours,230.2947,268.23
2025-05-30,AmazonEC2,ap-south-1,InstanceHours,136.339,141.41
2025-05-30,AmazonS3,us-east-1,GB-Month,105.8652,94.94
2025-05-30,AmazonS3,us-west-2,GB-Month,61.875,60.09
2025-05-30,AmazonS3,eu-west-1,GB-Month,55.8535,54.98
2025-05-30,AmazonS3,ap-south-1,GB-Month,32.6861,35.17
2025-05-30,AmazonRDS,us-east-1,InstanceHours,344.6427,358.91
2025-05-30,AmazonRDS,us-west-2,InstanceHours,137.9694,117.73
2025-05-30,AmazonRDS,eu-west-1,InstanceHours,141.1539,136.48
2025-05-30,AmazonRDS,ap-south-1,InstanceHours,96.6939,89.91
2025-05-30,AWSLambda,us-east-1,Requests(M),39.5642,34.04
2025-05-30,AWSLambda,us-west-2,Requests(M),22.6184,22.03
2025-05-30,AWSLambda,eu-west-1,Requests(M),19.7562,19.61
2025-05-30,AWSLambda,ap-south-1,Requests(M),11.9483,11.72
2025-05-30,AmazonCloudFront,us-east-1,GB-Transfer,76.3315,92.25
2025-05-30,AmazonCloudFront,us-west-2,GB-Transfer,37.0404,43.17
2025-05-30,AmazonCloudFront,eu-west-1,GB-Transfer,32.9727,28.61
2025-05-30,AmazonCloudFront,ap-south-1,GB-Transfer,21.0953,24.62
2025-05-30,AmazonEBS,us-east-1,GB-Month,80.377,83.73
2025-05-30,AmazonEBS,us-west-2,GB-Month,59.1371,53.47
2025-05-30,AmazonEBS,eu-west-1,GB-Month,49.9223,49.82
2025-05-30,AmazonEBS,ap-south-1,GB-Month,26.2036,25.26
2025-05-30,AmazonDynamoDB,us-east-1,RCU/WCU,60.9351,58.24
2025-05-30,AmazonDynamoDB,us-west-2,RCU/WCU,38.8641,34.83
2025-05-30,AmazonDynamoDB,eu-west-1,RCU/WCU,28.7961,27.93
2025-05-30,AmazonDynamoDB,ap-south-1,RCU/WCU,18.1938,21.8
2025-05-31,AmazonEC2,us-east-1,InstanceHours,378.9957,334.18
2025-05-31,AmazonEC2,us-west-2,InstanceHours,213.9905,212.85
2025-05-31,AmazonEC2,eu-west-1,InstanceHours,223.3544,251.04
2025-05-31,AmazonEC2,ap-south-1,InstanceHours,123.9539,152.54
2025-05-31,AmazonS3,us-east-1,GB-Month,101.5782,103.46
2025-05-31,AmazonS3,us-west-2,GB-Month,51.0391,51.87
2025-05-31,AmazonS3,eu-west-1,GB-Month,40.3504,36.66
2025-05-31,AmazonS3,ap-south-1,GB-Month,28.4835,33.07
2025-05-31,AmazonRDS,us-east-1,InstanceHours,291.3738,257.55
2025-05-31,AmazonRDS,us-west-2,InstanceHours,140.8836,126.17
2025-05-31,AmazonRDS,eu-west-1,InstanceHours,119.8681,141.2
2025-05-31,AmazonRDS,ap-south-1,InstanceHours,85.6074,96.54
2025-05-31,AWSLambda,us-east-1,Requests(M),40.5136,37.37
2025-05-31,AWSLambda,us-west-2,Requests(M),21.6649,20.49
2025-05-31,AWSLambda,eu-west-1,Requests(M),16.4276,18.84
2025-05-31,AWSLambda,ap-south-1,Requests(M),11.4372,12.97
2025-05-31,AmazonCloudFront,us-east-1,GB-Transfer,58.1221,55.29
2025-05-31,AmazonCloudFront,us-west-2,GB-Transfer,33.8749,29.26
2025-05-31,AmazonCloudFront,eu-west-1,GB-Transfer,28.5401,33.43
2025-05-31,AmazonCloudFront,ap-south-1,GB-Transfer,18.7863,21.42
2025-05-31,AmazonEBS,us-east-1,GB-Month,74.558,85.4
2025-05-31,AmazonEBS,us-west-2,GB-Month,46.2134,40.67
2025-05-31,AmazonEBS,eu-west-1,GB-Month,39.6509,43.85
2025-05-31,AmazonEBS,ap-south-1,GB-Month,21.8842,22.86
2025-05-31,AmazonDynamoDB,us-east-1,RCU/WCU,53.4069,46.54
2025-05-31,AmazonDynamoDB,us-west-2,RCU/WCU,29.7369,28.88
2025-05-31,AmazonDynamoDB,eu-west-1,RCU/WCU,23.8107,20.0
2025-05-31,AmazonDynamoDB,ap-south-1,RCU/WCU,13.2206,12.67
2025-06-01,AmazonEC2,us-east-1,InstanceHours,412.4018,407.19
2025-06-01,AmazonEC2,us-west-2,InstanceHours,282.5557,290.82
2025-06-01,AmazonEC2,eu-west-1,InstanceHours,223.9613,223.3
2025-06-01,AmazonEC2,ap-south-1,InstanceHours,130.9961,132.01
2025-06-01,AmazonS3,us-east-1,GB-Month,82.8575,70.48
2025-06-01,AmazonS3,us-west-2,GB-Month,51.9622,56.09
2025-06-01,AmazonS3,eu-west-1,GB-Month,47.4438,42.5
2025-06-01,AmazonS3,ap-south-1,GB-Month,29.0153,24.7
2025-06-01,AmazonRDS,us-east-1,InstanceHours,277.8007,320.39
2025-06-01,AmazonRDS,us-west-2,InstanceHours,159.634,151.93
2025-06-01,AmazonRDS,eu-west-1,InstanceHours,122.5559,111.79
2025-06-01,AmazonRDS,ap-south-1,InstanceHours,83.8384,75.44
2025-06-01,AWSLambda,us-east-1,Requests(M),33.6603,31.38
2025-06-01,AWSLambda,us-west-2,Requests(M),22.5972,24.52
2025-06-01,AWSLambda,eu-west-1,Requests(M),17.1862,16.54
2025-06-01,AWSLambda,ap-south-1,Requests(M),11.9504,12.37
2025-06-01,AmazonCloudFront,us-east-1,GB-Transfer,58.4398,70.32
2025-06-01,AmazonCloudFront,us-west-2,GB-Transfer,35.0118,33.43
2025-06-01,AmazonCloudFront,eu-west-1,GB-Transfer,29.9159,27.32
2025-06-01,AmazonCloudFront,ap-south-1,GB-Transfer,16.9886,19.68
2025-06-01,AmazonEBS,us-east-1,GB-Month,69.7994,72.74
2025-06-01,AmazonEBS,us-west-2,GB-Month,42.3612,47.6
2025-06-01,AmazonEBS,eu-west-1,GB-Month,41.5591,39.79
2025-06-01,AmazonEBS,ap-south-1,GB-Month,21.0403,25.27
2025-06-01,AmazonDynamoDB,us-east-1,RCU/WCU,48.6624,41.46
2025-06-01,AmazonDynamoDB,us-west-2,RCU/WCU,35.4536,38.72
2025-06-01,AmazonDynamoDB,eu-west-1,RCU/WCU,26.9682,30.35
2025-06-01,AmazonDynamoDB,ap-south-1,RCU/WCU,16.1578,13.91
2025-06-02,AmazonEC2,us-east-1,InstanceHours,575.8487,670.88
2025-06-02,AmazonEC2,us-west-2,InstanceHours,294.9868,326.63
2025-06-02,AmazonEC2,eu-west-1,InstanceHours,213.5679,213.59
2025-06-02,AmazonEC2,ap-south-1,InstanceHours,158.4526,166.86
2025-06-02,AmazonS3,us-east-1,GB-Month,104.4595,130.27
2025-06-02,AmazonS3,us-west-2,GB-Month,75.1384,70.89
2025-06-02,AmazonS3,eu-west-1,GB-Month,45.3191,54.1
2025-06-02,AmazonS3,ap-south-1,GB-Month,29.5633,33.29
2025-06-02,AmazonRDS,us-east-1,InstanceHours,293.312,342.84
2025-06-02,AmazonRDS,us-west-2,InstanceHours,182.8873,219.92
2025-06-02,AmazonRDS,eu-west-1,InstanceHours,137.9426,138.02
2025-06-02,AmazonRDS,ap-south-1,InstanceHours,94.6701,99.86
2025-06-02,AWSLambda,us-east-1,Requests(M),39.3164,39.98
2025-06-02,AWSLambda,us-west-2,Requests(M),26.7947,24.62
2025-06-02,AWSLambda,eu-west-1,Requests(M),22.9475,21.55
2025-06-02,AWSLambda,ap-south-1,Requests(M),12.0767,12.52
2025-06-02,AmazonCloudFront,us-east-1,GB-Transfer,73.7497,69.27
2025-06-02,AmazonCloudFront,us-west-2,GB-Transfer,42.4951,36.57
2025-06-02,AmazonCloudFront,eu-west-1,GB-Transfer,35.204,30.26
2025-06-02,AmazonCloudFront,ap-south-1,GB-Transfer,18.9861,20.44
2025-06-02,AmazonEBS,us-east-1,GB-Month,87.6308,105.64
2025-06-02,AmazonEBS,us-west-2,GB-Month,56.9331,49.43
2025-06-02,AmazonEBS,eu-west-1,GB-Month,45.6081,38.29
2025-06-02,AmazonEBS,ap-south-1,GB-Month,24.6848,29.23
2025-06-02,AmazonDynamoDB,us-east-1,RCU/WCU,52.7735,48.06
2025-06-02,AmazonDynamoDB,us-west-2,RCU/WCU,34.9549,41.26
2025-06-02,AmazonDynamoDB,eu-west-1,RCU/WCU,27.8052,27.23
2025-06-02,AmazonDynamoDB,ap-south-1,RCU/WCU,16.8286,14.64
2025-06-03,AmazonEC2,us-east-1,InstanceHours,467.7383,456.17
2025-06-03,AmazonEC2,us-west-2,InstanceHours,297.7797,266.11
2025-06-03,AmazonEC2,eu-west-1,InstanceHours,259.5547,250.37
2025-06-03,AmazonEC2,ap-south-1,InstanceHours,139.7326,137.5
2025-06-03,AmazonS3,us-east-1,GB-Month,99.4757,83.85
2025-06-03,AmazonS3,us-west-2,GB-Month,57.6952,64.37
2025-06-03,AmazonS3,eu-west-1,GB-Month,53.8457,63.4
2025-06-03,AmazonS3,ap-south-1,GB-Month,34.0915,34.54
2025-06-03,AmazonRDS,us-east-1,InstanceHours,304.1349,265.54
2025-06-03,AmazonRDS,us-west-2,InstanceHours,192.8877,213.71
2025-06-03,AmazonRDS,eu-west-1,InstanceHours,167.6933,143.54
2025-06-03,AmazonRDS,ap-south-1,InstanceHours,93.8089,94.34
2025-06-03,AWSLambda,us-east-1,Requests(M),38.4714,45.94
2025-06-03,AWSLambda,us-west-2,Requests(M),22.8874,25.1
2025-06-03,AWSLambda,eu-west-1,Requests(M),19.3229,16.17
2025-06-03,AWSLambda,ap-south-1,Requests(M),14.2044,16.49
2025-06-03,AmazonCloudFront,us-east-1,GB-Transfer,83.1022,101.07
2025-06-03,AmazonCloudFront,us-west-2,GB-Transfer,41.278,37.98
2025-06-03,AmazonCloudFront,eu-west-1,GB-Transfer,38.5364,37.7
2025-06-03,AmazonCloudFront,ap-south-1,GB-Transfer,23.4586,25.58
2025-06-03,AmazonEBS,us-east-1,GB-Month,79.2477,92.35
2025-06-03,AmazonEBS,us-west-2,GB-Month,60.5691,56.3
2025-06-03,AmazonEBS,eu-west-1,GB-Month,43.3957,38.5
2025-06-03,AmazonEBS,ap-south-1,GB-Month,25.9362,24.38
2025-06-03,AmazonDynamoDB,us-east-1,RCU/WCU,53.5805,55.9
2025-06-03,AmazonDynamoDB,us-west-2,RCU/WCU,40.6074,37.74
2025-06-03,AmazonDynamoDB,eu-west-1,RCU/WCU,29.6718,24.98
2025-06-03,AmazonDynamoDB,ap-south-1,RCU/WCU,20.1225,17.02
2025-06-04,AmazonEC2,us-east-1,InstanceHours,544.4828,535.22
2025-06-04,AmazonEC2,us-west-2,InstanceHours,289.3493,288.0
2025-06-04,AmazonEC2,eu-west-1,InstanceHours,249.8847,215.37
2025-06-04,AmazonEC2,ap-south-1,InstanceHours,141.155,126.93
2025-06-04,AmazonS3,us-east-1,GB-Month,101.7435,107.85
2025-06-04,AmazonS3,us-west-2,GB-Month,65.9712,73.85
2025-06-04,AmazonS3,eu-west-1,GB-Month,56.321,59.54
2025-06-04,AmazonS3,ap-south-1,GB-Month,27.3872,26.74
2025-06-04,AmazonRDS,us-east-1,InstanceHours,264.3064,315.34
2025-06-04,AmazonRDS,us-west-2,InstanceHours,176.7318,152.79
2025-06-04,AmazonRDS,eu-west-1,InstanceHours,156.9204,175.38
2025-06-04,AmazonRDS,ap-south-1,InstanceHours,101.7982,126.34
2025-06-04,AWSLambda,us-east-1,Requests(M),41.4904,51.3
2025-06-04,AWSLambda,us-west-2,Requests(M),24.2912,20.29
2025-06-04,AWSLambda,eu-west-1,Requests(M),21.6075,25.07
2025-06-04,AWSLambda,ap-south-1,Requests(M),11.5268,11.34
2025-06-04,AmazonCloudFront,us-east-1,GB-Transfer,71.2678,68.93
2025-06-04,AmazonCloudFront,us-west-2,GB-Transfer,42.0388,50.38
2025-06-04,AmazonCloudFront,eu-west-1,GB-Transfer,35.849,30.68
2025-06-04,AmazonCloudFront,ap-south-1,GB-Transfer,23.2373,19.92
2025-06-04,AmazonEBS,us-east-1,GB-Month,77.1321,69.62
2025-06-04,AmazonEBS,us-west-2,GB-Month,52.7769,58.27
2025-06-04,AmazonEBS,eu-west-1,GB-Month,46.9188,42.13
2025-06-04,AmazonEBS,ap-south-1,GB-Month,27.6287,30.37
2025-06-04,AmazonDynamoDB,us-east-1,RCU/WCU,51.7778,51.96
2025-06-04,AmazonDynamoDB,us-west-2,RCU/WCU,30.4856,35.16
2025-06-04,AmazonDynamoDB,eu-west-1,RCU/WCU,31.0934,30.7
2025-06-04,AmazonDynamoDB,ap-south-1,RCU/WCU,13.4859,11.96
2025-06-05,AmazonEC2,us-east-1,InstanceHours,433.441,406.89
2025-06-05,AmazonEC2,us-west-2,InstanceHours,299.7614,267.9
2025-06-05,AmazonEC2,eu-west-1,InstanceHours,269.588,313.92
2025-06-05,AmazonEC2,ap-south-1,InstanceHours,132.4293,141.37
2025-06-05,AmazonS3,us-east-1,GB-Month,120.7926,105.81
2025-06-05,AmazonS3,us-west-2,GB-Month,66.9792,56.6
2025-06-05,AmazonS3,eu-west-1,GB-Month,65.1941,67.47
2025-06-05,AmazonS3,ap-south-1,GB-Month,30.6682,37.0
2025-06-05,AmazonRDS,us-east-1,InstanceHours,340.6304,303.6
2025-06-05,AmazonRDS,us-west-2,InstanceHours,178.6884,154.45
2025-06-05,AmazonRDS,eu-west-1,InstanceHours,153.8847,182.55
2025-06-05,AmazonRDS,ap-south-1,InstanceHours,87.2363,99.1
2025-06-05,AWSLambda,us-east-1,Requests(M),41.275,37.41
2025-06-05,AWSLambda,us-west-2,Requests(M),26.6504,32.27
2025-06-05,AWSLambda,eu-west-1,Requests(M),23.5586,27.61
2025-06-05,AWSLambda,ap-south-1,Requests(M),11.557,12.42
2025-06-05,AmazonCloudFront,us-east-1,GB-Transfer,71.8597,60.47
2025-06-05,AmazonCloudFront,us-west-2,GB-Transfer,40.6505,35.95
2025-06-05,AmazonCloudFront,eu-west-1,GB-Transfer,36.0791,35.82
2025-06-05,AmazonCloudFront,ap-south-1,GB-Transfer,23.1153,24.02
2025-06-05,AmazonEBS,us-east-1,GB-Month,85.2419,103.64
2025-06-05,AmazonEBS,us-west-2,GB-Month,55.0559,46.69
2025-06-05,AmazonEBS,eu-west-1,GB-Month,41.0765,38.06
2025-06-05,AmazonEBS,ap-south-1,GB-Month,29.0909,25.81
2025-06-05,AmazonDynamoDB,us-east-1,RCU/WCU,62.744,55.93
2025-06-05,AmazonDynamoDB,us-west-2,RCU/WCU,33.2884,37.0
2025-06-05,AmazonDynamoDB,eu-west-1,RCU/WCU,27.6882,24.0
2025-06-05,AmazonDynamoDB,ap-south-1,RCU/WCU,19.747,21.92
2025-06-06,AmazonEC2,us-east-1,InstanceHours,578.831,502.9
2025-06-06,AmazonEC2,us-west-2,InstanceHours,280.5598,277.82
2025-06-06,AmazonEC2,eu-west-1,InstanceHours,266.6581,288.56
2025-06-06,AmazonEC2,ap-south-1,InstanceHours,144.7808,174.06
2025-06-06,AmazonS3,us-east-1,GB-Month,118.501,145.88
2025-06-06,AmazonS3,us-west-2,GB-Month,62.2972,60.23
2025-06-06,AmazonS3,eu-west-1,GB-Month,56.0972,61.34
2025-06-06,AmazonS3,ap-south-1,GB-Month,32.2564,35.39
2025-06-06,AmazonRDS,us-east-1,InstanceHours,257.7462,235.48
2025-06-06,AmazonRDS,us-west-2,InstanceHours,171.8376,162.62
2025-06-06,AmazonRDS,eu-west-1,InstanceHours,161.8132,138.4
2025-06-06,AmazonRDS,ap-south-1,InstanceHours,96.1239,98.85
2025-06-06,AWSLambda,us-east-1,Requests(M),42.2459,37.49
2025-06-06,AWSLambda,us-west-2,Requests(M),28.3571,28.62
2025-06-06,AWSLambda,eu-west-1,Requests(M),22.094,26.72
2025-06-06,AWSLambda,ap-south-1,Requests(M),13.119,14.87
2025-06-06,AmazonCloudFront,us-east-1,GB-Transfer,59.4069,72.65
2025-06-06,AmazonCloudFront,us-west-2,GB-Transfer,45.6378,48.16
2025-06-06,AmazonCloudFront,eu-west-1,GB-Transfer,31.2004,35.89
2025-06-06,AmazonCloudFront,ap-south-1,GB-Transfer,21.2305,21.16
2025-06-06,AmazonEBS,us-east-1,GB-Month,78.0692,75.43
2025-06-06,AmazonEBS,us-west-2,GB-Month,55.1672,47.55
2025-06-06,AmazonEBS,eu-west-1,GB-Month,48.324,41.27
2025-06-06,AmazonEBS,ap-south-1,GB-Month,26.3665,31.5
2025-06-06,AmazonDynamoDB,us-east-1,RCU/WCU,58.7435,56.74
2025-06-06,AmazonDynamoDB,us-west-2,RCU/WCU,32.803,33.81
2025-06-06,AmazonDynamoDB,eu-west-1,RCU/WCU,32.1699,40.17
2025-06-06,AmazonDynamoDB,ap-south-1,RCU/WCU,15.7282,13.25
2025-06-07,AmazonEC2,us-east-1,InstanceHours,426.509,505.58
2025-06-07,AmazonEC2,us-west-2,InstanceHours,250.733,280.08
2025-06-07,AmazonEC2,eu-west-1,InstanceHours,217.0545,229.66
2025-06-07,AmazonEC2,ap-south-1,InstanceHours,134.65,113.79
2025-06-07,AmazonS3,us-east-1,GB-Month,89.1346,86.59
2025-06-07,AmazonS3,us-west-2,GB-Month,58.2212,49.05
2025-06-07,AmazonS3,eu-west-1,GB-Month,45.0054,39.52
2025-06-07,AmazonS3,ap-south-1,GB-Month,27.829,30.22
2025-06-07,AmazonRDS,us-east-1,InstanceHours,238.335,269.71
2025-06-07,AmazonRDS,us-west-2,InstanceHours,151.3176,142.38
2025-06-07,AmazonRDS,eu-west-1,InstanceHours,113.9816,118.59
2025-06-07,AmazonRDS,ap-south-1,InstanceHours,78.6288,82.83
2025-06-07,AWSLambda,us-east-1,Requests(M),37.2298,39.73
2025-06-07,AWSLambda,us-west-2,Requests(M),20.7179,19.41
2025-06-07,AWSLambda,eu-west-1,Requests(M),17.4206,16.25
2025-06-07,AWSLambda,ap-south-1,Requests(M),10.8682,11.83
2025-06-07,AmazonCloudFront,us-east-1,GB-Transfer,62.6386,52.56
2025-06-07,AmazonCloudFront,us-west-2,GB-Transfer,31.4593,32.06
2025-06-07,AmazonCloudFront,eu-west-1,GB-Transfer,28.6696,27.12
2025-06-07,AmazonCloudFront,ap-south-1,GB-Transfer,15.9166,15.8
2025-06-07,AmazonEBS,us-east-1,GB-Month,72.8961,69.61
2025-06-07,AmazonEBS,us-west-2,GB-Month,50.8012,60.84
2025-06-07,AmazonEBS,eu-west-1,GB-Month,39.934,34.47
2025-06-07,AmazonEBS,ap-south-1,GB-Month,22.5523,24.12
2025-06-07,AmazonDynamoDB,us-east-1,RCU/WCU,57.7385,61.69
2025-06-07,AmazonDynamoDB,us-west-2,RCU/WCU,30.8136,37.31
2025-06-07,AmazonDynamoDB,eu-west-1,RCU/WCU,30.1295,37.55
2025-06-07,AmazonDynamoDB,ap-south-1,RCU/WCU,15.2074,18.14
2025-06-08,AmazonEC2,us-east-1,InstanceHours,401.2278,394.75
2025-06-08,AmazonEC2,us-west-2,InstanceHours,229.6022,250.24
2025-06-08,AmazonEC2,eu-west-1,InstanceHours,221.661,258.34
2025-06-08,AmazonEC2,ap-south-1,InstanceHours,122.3673,122.59
2025-06-08,AmazonS3,us-east-1,GB-Month,91.23,83.94
2025-06-08,AmazonS3,us-west-2,GB-Month,56.2483,57.84
2025-06-08,AmazonS3,eu-west-1,GB-Month,42.1124,42.76
2025-06-08,AmazonS3,ap-south-1,GB-Month,27.6951,23.75
2025-06-08,AmazonRDS,us-east-1,InstanceHours,256.8479,260.91
2025-06-08,AmazonRDS,us-west-2,InstanceHours,138.5823,123.26
2025-06-08,AmazonRDS,eu-west-1,InstanceHours,135.9954,143.73
2025-06-08,AmazonRDS,ap-south-1,InstanceHours,82.4444,99.47
2025-06-08,AWSLambda,us-east-1,Requests(M),38.8528,35.94
2025-06-08,AWSLambda,us-west-2,Requests(M),19.1805,16.17
2025-06-08,AWSLambda,eu-west-1,Requests(M),20.5405,20.22
2025-06-08,AWSLambda,ap-south-1,Requests(M),9.9039,11.51
2025-06-08,AmazonCloudFront,us-east-1,GB-Transfer,70.8119,59.99
2025-06-08,AmazonCloudFront,us-west-2,GB-Transfer,30.5879,32.31
2025-06-08,AmazonCloudFront,eu-west-1,GB-Transfer,30.171,33.64
2025-06-08,AmazonCloudFront,ap-south-1,GB-Transfer,18.6056,21.22
2025-06-08,AmazonEBS,us-east-1,GB-Month,74.3318,91.91
2025-06-08,AmazonEBS,us-west-2,GB-Month,41.0552,41.98
2025-06-08,AmazonEBS,eu-west-1,GB-Month,36.1981,36.59
2025-06-08,AmazonEBS,ap-south-1,GB-Month,23.1461,25.31
2025-06-08,AmazonDynamoDB,us-east-1,RCU/WCU,59.4472,59.12
2025-06-08,AmazonDynamoDB,us-west-2,RCU/WCU,27.4755,24.27
2025-06-08,AmazonDynamoDB,eu-west-1,RCU/WCU,23.8655,21.37
2025-06-08,AmazonDynamoDB,ap-south-1,RCU/WCU,13.4555,13.31
2025-06-09,AmazonEC2,us-east-1,InstanceHours,480.1686,435.98
2025-06-09,AmazonEC2,us-west-2,InstanceHours,295.434,248.5
2025-06-09,AmazonEC2,eu-west-1,InstanceHours,267.8296,266.03
2025-06-09,AmazonEC2,ap-south-1,InstanceHours,152.7345,171.1
2025-06-09,AmazonS3,us-east-1,GB-Month,119.0479,110.45
2025-06-09,AmazonS3,us-west-2,GB-Month,63.5317,53.16
2025-06-09,AmazonS3,eu-west-1,GB-Month,41.4542,45.32
2025-06-09,AmazonS3,ap-south-1,GB-Month,32.8495,33.16
2025-06-09,AmazonRDS,us-east-1,InstanceHours,265.5855,298.67
2025-06-09,AmazonRDS,us-west-2,InstanceHours,198.4398,217.92
2025-06-09,AmazonRDS,eu-west-1,InstanceHours,152.9626,185.88
2025-06-09,AmazonRDS,ap-south-1,InstanceHours,87.2966,80.28
2025-06-09,AWSLambda,us-east-1,Requests(M),37.3352,36.68
2025-06-09,AWSLambda,us-west-2,Requests(M),23.7666,19.98
2025-06-09,AWSLambda,eu-west-1,Requests(M),20.5146,18.47
2025-06-09,AWSLambda,ap-south-1,Requests(M),14.3103,13.07
2025-06-09,AmazonCloudFront,us-east-1,GB-Transfer,69.86,61.09
2025-06-09,AmazonCloudFront,us-west-2,GB-Transfer,43.2281,46.97
2025-06-09,AmazonCloudFront,eu-west-1,GB-Transfer,35.0873,29.97
2025-06-09,AmazonCloudFront,ap-south-1,GB-Transfer,21.6179,18.23
2025-06-09,AmazonEBS,us-east-1,GB-Month,89.6371,90.05
2025-06-09,AmazonEBS,us-west-2,GB-Month,53.0228,51.97
2025-06-09,AmazonEBS,eu-west-1,GB-Month,41.858,45.44
2025-06-09,AmazonEBS,ap-south-1,GB-Month,28.0243,33.4
2025-06-09,AmazonDynamoDB,us-east-1,RCU/WCU,53.8721,59.66
2025-06-09,AmazonDynamoDB,us-west-2,RCU/WCU,36.7921,31.85
2025-06-09,AmazonDynamoDB,eu-west-1,RCU/WCU,31.187,32.52
2025-06-09,AmazonDynamoDB,ap-south-1,RCU/WCU,15.0689,18.16
2025-06-10,AmazonEC2,us-east-1,InstanceHours,449.1213,387.75
2025-06-10,AmazonEC2,us-west-2,InstanceHours,255.7602,275.08
2025-06-10,AmazonEC2,eu-west-1,InstanceHours,273.2165,247.57
2025-06-10,AmazonEC2,ap-south-1,InstanceHours,142.1703,127.02
2025-06-10,AmazonS3,us-east-1,GB-Month,116.5533,116.15
2025-06-10,AmazonS3,us-west-2,GB-Month,61.9349,67.98
2025-06-10,AmazonS3,eu-west-1,GB-Month,48.7934,56.87
2025-06-10,AmazonS3,ap-south-1,GB-Month,30.0159,34.35
2025-06-10,AmazonRDS,us-east-1,InstanceHours,310.2744,273.08
2025-06-10,AmazonRDS,us-west-2,InstanceHours,194.435,222.61
2025-06-10,AmazonRDS,eu-west-1,InstanceHours,153.5818,185.74
2025-06-10,AmazonRDS,ap-south-1,InstanceHours,98.9282,115.5
2025-06-10,AWSLambda,us-east-1,Requests(M),40.6769,44.04
2025-06-10,AWSLambda,us-west-2,Requests(M),24.6235,29.88
2025-06-10,AWSLambda,eu-west-1,Requests(M),19.3557,16.16
2025-06-10,AWSLambda,ap-south-1,Requests(M),11.5152,12.88
2025-06-10,AmazonCloudFront,us-east-1,GB-Transfer,75.1939,65.74
2025-06-10,AmazonCloudFront,us-west-2,GB-Transfer,38.7988,40.63
2025-06-10,AmazonCloudFront,eu-west-1,GB-Transfer,34.4012,39.15
2025-06-10,AmazonCloudFront,ap-south-1,GB-Transfer,22.6482,24.3
2025-06-10,AmazonEBS,us-east-1,GB-Month,77.2086,72.21
2025-06-10,AmazonEBS,us-west-2,GB-Month,58.6765,65.58
2025-06-10,AmazonEBS,eu-west-1,GB-Month,40.7102,41.44
2025-06-10,AmazonEBS,ap-south-1,GB-Month,29.3481,28.69
2025-06-10,AmazonDynamoDB,us-east-1,RCU/WCU,53.8799,47.5
2025-06-10,AmazonDynamoDB,us-west-2,RCU/WCU,37.5895,34.53
2025-06-10,AmazonDynamoDB,eu-west-1,RCU/WCU,28.1459,32.61
2025-06-10,AmazonDynamoDB,ap-south-1,RCU/WCU,20.5143,20.25
2025-06-11,AmazonEC2,us-east-1,InstanceHours,485.5632,503.97
2025-06-11,AmazonEC2,us-west-2,InstanceHours,268.7286,247.0
2025-06-11,AmazonEC2,eu-west-1,InstanceHours,257.563,276.81
2025-06-11,AmazonEC2,ap-south-1,InstanceHours,143.0816,146.36
2025-06-11,AmazonS3,us-east-1,GB-Month,111.2821,120.54
2025-06-11,AmazonS3,us-west-2,GB-Month,70.3427,73.7
2025-06-11,AmazonS3,eu-west-1,GB-Month,56.5125,60.57
2025-06-11,AmazonS3,ap-south-1,GB-Month,27.6641,25.37
2025-06-11,AmazonRDS,us-east-1,InstanceHours,279.7208,302.69
2025-06-11,AmazonRDS,us-west-2,InstanceHours,187.739,211.28
2025-06-11,AmazonRDS,eu-west-1,InstanceHours,157.7441,157.32
2025-06-11,AmazonRDS,ap-south-1,InstanceHours,74.154,67.3
2025-06-11,AWSLambda,us-east-1,Requests(M),37.028,34.47
2025-06-11,AWSLambda,us-west-2,Requests(M),22.7634,20.28
2025-06-11,AWSLambda,eu-west-1,Requests(M),22.941,19.89
2025-06-11,AWSLambda,ap-south-1,Requests(M),11.7133,10.58
2025-06-11,AmazonCloudFront,us-east-1,GB-Transfer,74.738,67.7
2025-06-11,AmazonCloudFront,us-west-2,GB-Transfer,46.311,38.86
2025-06-11,AmazonCloudFront,eu-west-1,GB-Transfer,33.3687,33.9
2025-06-11,AmazonCloudFront,ap-south-1,GB-Transfer,21.046,25.71
2025-06-11,AmazonEBS,us-east-1,GB-Month,93.4449,101.15
2025-06-11,AmazonEBS,us-west-2,GB-Month,46.0737,42.89
2025-06-11,AmazonEBS,eu-west-1,GB-Month,43.1619,37.21
2025-06-11,AmazonEBS,ap-south-1,GB-Month,29.1921,35.09
2025-06-11,AmazonDynamoDB,us-east-1,RCU/WCU,60.5482,65.19
2025-06-11,AmazonDynamoDB,us-west-2,RCU/WCU,36.3615,39.55
2025-06-11,AmazonDynamoDB,eu-west-1,RCU/WCU,31.7214,28.01
2025-06-11,AmazonDynamoDB,ap-south-1,RCU/WCU,16.8658,18.1
2025-06-12,AmazonEC2,us-east-1,InstanceHours,453.973,459.71
2025-06-12,AmazonEC2,us-west-2,InstanceHours,303.7648,253.24
2025-06-12,AmazonEC2,eu-west-1,InstanceHours,237.5225,294.42
2025-06-12,AmazonEC2,ap-south-1,InstanceHours,141.783,130.09
2025-06-12,AmazonS3,us-east-1,GB-Month,97.0382,86.92
2025-06-12,AmazonS3,us-west-2,GB-Month,66.1804,71.96
2025-06-12,AmazonS3,eu-west-1,GB-Month,52.1461,62.35
2025-06-12,AmazonS3,ap-south-1,GB-Month,29.1622,32.21
2025-06-12,AmazonRDS,us-east-1,InstanceHours,331.5674,296.83
2025-06-12,AmazonRDS,us-west-2,InstanceHours,178.646,182.83
2025-06-12,AmazonRDS,eu-west-1,InstanceHours,159.6375,170.49
2025-06-12,AmazonRDS,ap-south-1,InstanceHours,104.2828,95.64
2025-06-12,AWSLambda,us-east-1,Requests(M),44.5708,42.56
2025-06-12,AWSLambda,us-west-2,Requests(M),27.8038,25.91
2025-06-12,AWSLambda,eu-west-1,Requests(M),22.2483,25.72
2025-06-12,AWSLambda,ap-south-1,Requests(M),12.09,10.48
2025-06-12,AmazonCloudFront,us-east-1,GB-Transfer,66.0571,63.52
2025-06-12,AmazonCloudFront,us-west-2,GB-Transfer,41.283,43.44
2025-06-12,AmazonCloudFront,eu-west-1,GB-Transfer,34.5977,32.41
2025-06-12,AmazonCloudFront,ap-south-1,GB-Transfer,23.4342,25.38
2025-06-12,AmazonEBS,us-east-1,GB-Month,84.9962,81.51
2025-06-12,AmazonEBS,us-west-2,GB-Month,47.644,44.83
2025-06-12,AmazonEBS,eu-west-1,GB-Month,44.9997,41.8
2025-06-12,AmazonEBS,ap-south-1,GB-Month,26.6221,22.7
2025-06-12,AmazonDynamoDB,us-east-1,RCU/WCU,55.2605,54.69
2025-06-12,AmazonDynamoDB,us-west-2,RCU/WCU,34.2331,33.98
2025-06-12,AmazonDynamoDB,eu-west-1,RCU/WCU,33.1879,27.92
2025-06-12,AmazonDynamoDB,ap-south-1,RCU/WCU,18.3772,15.96
2025-06-13,AmazonEC2,us-east-1,InstanceHours,482.2089,534.4
2025-06-13,AmazonEC2,us-west-2,InstanceHours,278.3721,319.7
2025-06-13,AmazonEC2,eu-west-1,InstanceHours,290.4447,326.01
2025-06-13,AmazonEC2,ap-south-1,InstanceHours,170.1646,156.87
2025-06-13,AmazonS3,us-east-1,GB-Month,113.7874,112.87
2025-06-13,AmazonS3,us-west-2,GB-Month,62.5036,66.56
2025-06-13,AmazonS3,eu-west-1,GB-Month,49.5236,58.96
2025-06-13,AmazonS3,ap-south-1,GB-Month,29.8004,26.44
2025-06-13,AmazonRDS,us-east-1,InstanceHours,300.654,367.43
2025-06-13,AmazonRDS,us-west-2,InstanceHours,176.7415,158.86
2025-06-13,AmazonRDS,eu-west-1,InstanceHours,152.9796,148.62
2025-06-13,AmazonRDS,ap-south-1,InstanceHours,91.4338,94.87
2025-06-13,AWSLambda,us-east-1,Requests(M),38.0509,34.0
2025-06-13,AWSLambda,us-west-2,Requests(M),22.892,19.24
2025-06-13,AWSLambda,eu-west-1,Requests(M),20.1072,24.68
2025-06-13,AWSLambda,ap-south-1,Requests(M),12.2826,11.13
2025-06-13,AmazonCloudFront,us-east-1,GB-Transfer,79.0637,73.28
2025-06-13,AmazonCloudFront,us-west-2,GB-Transfer,43.3956,37.31
2025-06-13,AmazonCloudFront,eu-west-1,GB-Transfer,36.0555,36.42
2025-06-13,AmazonCloudFront,ap-south-1,GB-Transfer,21.7663,23.58
2025-06-13,AmazonEBS,us-east-1,GB-Month,96.7288,92.64
2025-06-13,AmazonEBS,us-west-2,GB-Month,69.847,79.88
2025-06-13,AmazonEBS,eu-west-1,GB-Month,42.2285,40.29
2025-06-13,AmazonEBS,ap-south-1,GB-Month,30.8992,34.49
2025-06-13,AmazonDynamoDB,us-east-1,RCU/WCU,52.358,45.52
2025-06-13,AmazonDynamoDB,us-west-2,RCU/WCU,34.4978,34.66
2025-06-13,AmazonDynamoDB,eu-west-1,RCU/WCU,26.9579,22.54
2025-06-13,AmazonDynamoDB,ap-south-1,RCU/WCU,18.6394,18.39
2025-06-14,AmazonEC2,us-east-1,InstanceHours,453.5566,498.37
2025-06-14,AmazonEC2,us-west-2,InstanceHours,226.8221,201.06
2025-06-14,AmazonEC2,eu-west-1,InstanceHours,229.0959,276.31
2025-06-14,AmazonEC2,ap-south-1,InstanceHours,129.7605,138.14
2025-06-14,AmazonS3,us-east-1,GB-Month,96.2155,109.62
2025-06-14,AmazonS3,us-west-2,GB-Month,59.6257,63.26
2025-06-14,AmazonS3,eu-west-1,GB-Month,47.6417,50.8
2025-06-14,AmazonS3,ap-south-1,GB-Month,23.9428,25.92
2025-06-14,AmazonRDS,us-east-1,InstanceHours,252.1127,287.08
2025-06-14,AmazonRDS,us-west-2,InstanceHours,139.7405,117.92
2025-06-14,AmazonRDS,eu-west-1,InstanceHours,110.166,123.43
2025-06-14,AmazonRDS,ap-south-1,InstanceHours,71.1276,67.46
2025-06-14,AWSLambda,us-east-1,Requests(M),34.1494,41.53
2025-06-14,AWSLambda,us-west-2,Requests(M),24.3433,20.85
2025-06-14,AWSLambda,eu-west-1,Requests(M),17.4834,16.72
2025-06-14,AWSLambda,ap-south-1,Requests(M),10.8201,11.04
2025-06-14,AmazonCloudFront,us-east-1,GB-Transfer,57.574,58.6
2025-06-14,AmazonCloudFront,us-west-2,GB-Transfer,35.4491,31.44
2025-06-14,AmazonCloudFront,eu-west-1,GB-Transfer,30.2053,26.21
2025-06-14,AmazonCloudFront,ap-south-1,GB-Transfer,17.6472,19.89
2025-06-14,AmazonEBS,us-east-1,GB-Month,78.5526,87.08
2025-06-14,AmazonEBS,us-west-2,GB-Month,42.8124,48.83
2025-06-14,AmazonEBS,eu-west-1,GB-Month,33.3961,29.05
2025-06-14,AmazonEBS,ap-south-1,GB-Month,19.6961,18.81
2025-06-14,AmazonDynamoDB,us-east-1,RCU/WCU,53.6446,45.4
2025-06-14,AmazonDynamoDB,us-west-2,RCU/WCU,24.3561,28.81
2025-06-14,AmazonDynamoDB,eu-west-1,RCU/WCU,24.5834,29.98
2025-06-14,AmazonDynamoDB,ap-south-1,RCU/WCU,13.7185,12.92
2025-06-15,AmazonEC2,us-east-1,InstanceHours,441.2079,454.52
2025-06-15,AmazonEC2,us-west-2,InstanceHours,252.3687,267.74
2025-06-15,AmazonEC2,eu-west-1,InstanceHours,210.7275,221.8
2025-06-15,AmazonEC2,ap-south-1,InstanceHours,127.289,133.38
2025-06-15,AmazonS3,us-east-1,GB-Month,90.6762,92.95
2025-06-15,AmazonS3,us-west-2,GB-Month,48.08,52.93
2025-06-15,AmazonS3,eu-west-1,GB-Month,43.3713,43.22
2025-06-15,AmazonS3,ap-south-1,GB-Month,25.178,30.58
2025-06-15,AmazonRDS,us-east-1,InstanceHours,245.7557,228.14
2025-06-15,AmazonRDS,us-west-2,InstanceHours,157.3529,190.8
2025-06-15,AmazonRDS,eu-west-1,InstanceHours,139.5507,131.6
2025-06-15,AmazonRDS,ap-south-1,InstanceHours,83.4866,76.39
2025-06-15,AWSLambda,us-east-1,Requests(M),35.775,41.86
2025-06-15,AWSLambda,us-west-2,Requests(M),20.3327,21.73
2025-06-15,AWSLambda,eu-west-1,Requests(M),17.5589,14.79
2025-06-15,AWSLambda,ap-south-1,Requests(M),11.1191,13.31
2025-06-15,AmazonCloudFront,us-east-1,GB-Transfer,56.6863,53.88
2025-06-15,AmazonCloudFront,us-west-2,GB-Transfer,36.0005,43.3
2025-06-15,AmazonCloudFront,eu-west-1,GB-Transfer,28.7675,26.16
2025-06-15,AmazonCloudFront,ap-south-1,GB-Transfer,16.9859,19.62
2025-06-15,AmazonEBS,us-east-1,GB-Month,74.6428,62.63
2025-06-15,AmazonEBS,us-west-2,GB-Month,43.5881,51.64
2025-06-15,AmazonEBS,eu-west-1,GB-Month,38.3991,41.52
2025-06-15,AmazonEBS,ap-south-1,GB-Month,21.8191,20.07
2025-06-15,AmazonDynamoDB,us-east-1,RCU/WCU,49.3999,54.52
2025-06-15,AmazonDynamoDB,us-west-2,RCU/WCU,26.7084,27.24
2025-06-15,AmazonDynamoDB,eu-west-1,RCU/WCU,26.5721,26.41
2025-06-15,AmazonDynamoDB,ap-south-1,RCU/WCU,15.9676,13.63
2025-06-16,AmazonEC2,us-east-1,InstanceHours,460.7149,440.66
2025-06-16,AmazonEC2,us-west-2,InstanceHours,278.3209,265.44
2025-06-16,AmazonEC2,eu-west-1,InstanceHours,250.2295,263.46
2025-06-16,AmazonEC2,ap-south-1,InstanceHours,142.5468,129.71
2025-06-16,AmazonS3,us-east-1,GB-Month,108.1443,135.07
2025-06-16,AmazonS3,us-west-2,GB-Month,70.6117,66.96
2025-06-16,AmazonS3,eu-west-1,GB-Month,49.5472,50.26
2025-06-16,AmazonS3,ap-south-1,GB-Month,33.9735,28.64
2025-06-16,AmazonRDS,us-east-1,InstanceHours,282.4172,319.35
2025-06-16,AmazonRDS,us-west-2,InstanceHours,173.4116,169.43
2025-06-16,AmazonRDS,eu-west-1,InstanceHours,155.0045,168.24
2025-06-16,AmazonRDS,ap-south-1,InstanceHours,96.0239,90.98
2025-06-16,AWSLambda,us-east-1,Requests(M),45.6489,52.85
2025-06-16,AWSLambda,us-west-2,Requests(M),28.1409,26.7
2025-06-16,AWSLambda,eu-west-1,Requests(M),20.108,19.79
2025-06-16,AWSLambda,ap-south-1,Requests(M),12.3428,10.32
2025-06-16,AmazonCloudFront,us-east-1,GB-Transfer,72.3925,86.34
2025-06-16,AmazonCloudFront,us-west-2,GB-Transfer,42.1716,38.58
2025-06-16,AmazonCloudFront,eu-west-1,GB-Transfer,34.4423,33.49
2025-06-16,AmazonCloudFront,ap-south-1,GB-Transfer,20.2612,19.54
2025-06-16,AmazonEBS,us-east-1,GB-Month,92.4315,89.1
2025-06-16,AmazonEBS,us-west-2,GB-Month,58.7299,50.41
2025-06-16,AmazonEBS,eu-west-1,GB-Month,38.9203,45.01
2025-06-16,AmazonEBS,ap-south-1,GB-Month,25.9932,27.08
2025-06-16,AmazonDynamoDB,us-east-1,RCU/WCU,51.9853,59.99
2025-06-16,AmazonDynamoDB,us-west-2,RCU/WCU,36.7954,35.48
2025-06-16,AmazonDynamoDB,eu-west-1,RCU/WCU,27.7397,26.9
2025-06-16,AmazonDynamoDB,ap-south-1,RCU/WCU,19.3443,23.05
2025-06-17,AmazonEC2,us-east-1,InstanceHours,488.0757,407.07
2025-06-17,AmazonEC2,us-west-2,InstanceHours,309.4058,259.69
2025-06-17,AmazonEC2,eu-west-1,InstanceHours,230.8285,199.32
2025-06-17,AmazonEC2,ap-south-1,InstanceHours,149.7515,134.2
2025-06-17,AmazonS3,us-east-1,GB-Month,106.8718,105.93
2025-06-17,AmazonS3,us-west-2,GB-Month,65.4767,64.98
2025-06-17,AmazonS3,eu-west-1,GB-Month,50.3846,47.8
2025-06-17,AmazonS3,ap-south-1,GB-Month,25.9513,22.12
2025-06-17,AmazonRDS,us-east-1,InstanceHours,332.8422,290.66
2025-06-17,AmazonRDS,us-west-2,InstanceHours,188.2753,186.87
2025-06-17,AmazonRDS,eu-west-1,InstanceHours,168.9705,172.71
2025-06-17,AmazonRDS,ap-south-1,InstanceHours,81.8305,98.29
2025-06-17,AWSLambda,us-east-1,Requests(M),41.6252,36.63
2025-06-17,AWSLambda,us-west-2,Requests(M),24.332,22.97
2025-06-17,AWSLambda,eu-west-1,Requests(M),23.4959,24.18
2025-06-17,AWSLambda,ap-south-1,Requests(M),12.9638,15.5
2025-06-17,AmazonCloudFront,us-east-1,GB-Transfer,70.3732,66.01
2025-06-17,AmazonCloudFront,us-west-2,GB-Transfer,44.229,43.68
2025-06-17,AmazonCloudFront,eu-west-1,GB-Transfer,34.093,28.59
2025-06-17,AmazonCloudFront,ap-south-1,GB-Transfer,21.8938,20.0
2025-06-17,AmazonEBS,us-east-1,GB-Month,105.1714,124.8
2025-06-17,AmazonEBS,us-west-2,GB-Month,50.614,49.42
2025-06-17,AmazonEBS,eu-west-1,GB-Month,44.5406,43.62
2025-06-17,AmazonEBS,ap-south-1,GB-Month,24.8928,21.65
2025-06-17,AmazonDynamoDB,us-east-1,RCU/WCU,54.5849,47.24
2025-06-17,AmazonDynamoDB,us-west-2,RCU/WCU,37.7805,36.71
2025-06-17,AmazonDynamoDB,eu-west-1,RCU/WCU,26.7915,23.44
2025-06-17,AmazonDynamoDB,ap-south-1,RCU/WCU,18.2223,15.54
2025-06-18,AmazonEC2,us-east-1,InstanceHours,526.2615,528.61
2025-06-18,AmazonEC2,us-west-2,InstanceHours,287.2884,331.91
2025-06-18,AmazonEC2,eu-west-1,InstanceHours,272.1462,297.5
2025-06-18,AmazonEC2,ap-south-1,InstanceHours,162.0723,199.84
2025-06-18,AmazonS3,us-east-1,GB-Month,102.5601,118.29
2025-06-18,AmazonS3,us-west-2,GB-Month,57.1793,65.15
2025-06-18,AmazonS3,eu-west-1,GB-Month,54.9965,49.74
2025-06-18,AmazonS3,ap-south-1,GB-Month,31.5924,34.05
2025-06-18,AmazonRDS,us-east-1,InstanceHours,310.2466,315.88
2025-06-18,AmazonRDS,us-west-2,InstanceHours,190.4921,192.94
2025-06-18,AmazonRDS,eu-west-1,InstanceHours,135.7584,142.21
2025-06-18,AmazonRDS,ap-south-1,InstanceHours,88.5017,87.53
2025-06-18,AWSLambda,us-east-1,Requests(M),46.5628,49.35
2025-06-18,AWSLambda,us-west-2,Requests(M),25.1181,23.11
2025-06-18,AWSLambda,eu-west-1,Requests(M),21.4824,22.52
2025-06-18,AWSLambda,ap-south-1,Requests(M),12.4744,10.75
2025-06-18,AmazonCloudFront,us-east-1,GB-Transfer,73.4803,69.2
2025-06-18,AmazonCloudFront,us-west-2,GB-Transfer,46.2257,55.44
2025-06-18,AmazonCloudFront,eu-west-1,GB-Transfer,30.0536,30.92
2025-06-18,AmazonCloudFront,ap-south-1,GB-Transfer,22.4337,21.49
2025-06-18,AmazonEBS,us-east-1,GB-Month,87.853,73.51
2025-06-18,AmazonEBS,us-west-2,GB-Month,56.8403,54.81
2025-06-18,AmazonEBS,eu-west-1,GB-Month,42.8659,39.46
2025-06-18,AmazonEBS,ap-south-1,GB-Month,25.6406,31.26
2025-06-18,AmazonDynamoDB,us-east-1,RCU/WCU,53.4236,54.89
2025-06-18,AmazonDynamoDB,us-west-2,RCU/WCU,35.213,32.01
2025-06-18,AmazonDynamoDB,eu-west-1,RCU/WCU,26.5801,29.51
2025-06-18,AmazonDynamoDB,ap-south-1,RCU/WCU,17.4856,18.46
2025-06-19,AmazonEC2,us-east-1,InstanceHours,501.1178,480.45
2025-06-19,AmazonEC2,us-west-2,InstanceHours,280.4632,340.01
2025-06-19,AmazonEC2,eu-west-1,InstanceHours,217.4063,232.89
2025-06-19,AmazonEC2,ap-south-1,InstanceHours,127.9651,125.08
2025-06-19,AmazonS3,us-east-1,GB-Month,97.9021,87.49
2025-06-19,AmazonS3,us-west-2,GB-Month,54.5451,63.07
2025-06-19,AmazonS3,eu-west-1,GB-Month,53.5772,58.11
2025-06-19,AmazonS3,ap-south-1,GB-Month,37.9564,34.79
2025-06-19,AmazonRDS,us-east-1,InstanceHours,277.4195,259.98
2025-06-19,AmazonRDS,us-west-2,InstanceHours,223.9398,199.78
2025-06-19,AmazonRDS,eu-west-1,InstanceHours,154.3186,134.22
2025-06-19,AmazonRDS,ap-south-1,InstanceHours,94.054,117.5
2025-06-19,AWSLambda,us-east-1,Requests(M),36.4032,43.46
2025-06-19,AWSLambda,us-west-2,Requests(M),25.0913,24.77
2025-06-19,AWSLambda,eu-west-1,Requests(M),19.7604,18.5
2025-06-19,AWSLambda,ap-south-1,Requests(M),13.8918,13.95
2025-06-19,AmazonCloudFront,us-east-1,GB-Transfer,60.9408,63.94
2025-06-19,AmazonCloudFront,us-west-2,GB-Transfer,40.7056,43.31
2025-06-19,AmazonCloudFront,eu-west-1,GB-Transfer,33.0545,39.49
2025-06-19,AmazonCloudFront,ap-south-1,GB-Transfer,21.7758,20.47
2025-06-19,AmazonEBS,us-east-1,GB-Month,72.7272,84.47
2025-06-19,AmazonEBS,us-west-2,GB-Month,59.3772,61.57
2025-06-19,AmazonEBS,eu-west-1,GB-Month,45.2233,41.83
2025-06-19,AmazonEBS,ap-south-1,GB-Month,26.9842,32.75
2025-06-19,AmazonDynamoDB,us-east-1,RCU/WCU,53.5483,57.82
2025-06-19,AmazonDynamoDB,us-west-2,RCU/WCU,37.5521,42.75
2025-06-19,AmazonDynamoDB,eu-west-1,RCU/WCU,31.0312,29.7
2025-06-19,AmazonDynamoDB,ap-south-1,RCU/WCU,19.4048,18.18
2025-06-20,AmazonEC2,us-east-1,InstanceHours,482.7512,458.32
2025-06-20,AmazonEC2,us-west-2,InstanceHours,260.7007,247.19
2025-06-20,AmazonEC2,eu-west-1,InstanceHours,234.4787,211.6
2025-06-20,AmazonEC2,ap-south-1,InstanceHours,159.637,163.55
2025-06-20,AmazonS3,us-east-1,GB-Month,101.8257,86.33
2025-06-20,AmazonS3,us-west-2,GB-Month,73.8064,84.67
2025-06-20,AmazonS3,eu-west-1,GB-Month,56.4394,64.94
2025-06-20,AmazonS3,ap-south-1,GB-Month,36.4416,44.1
2025-06-20,AmazonRDS,us-east-1,InstanceHours,295.4166,337.77
2025-06-20,AmazonRDS,us-west-2,InstanceHours,190.0446,159.52
2025-06-20,AmazonRDS,eu-west-1,InstanceHours,141.505,136.54
2025-06-20,AmazonRDS,ap-south-1,InstanceHours,98.2545,96.93
2025-06-20,AWSLambda,us-east-1,Requests(M),42.8927,37.87
2025-06-20,AWSLambda,us-west-2,Requests(M),26.2154,29.64
2025-06-20,AWSLambda,eu-west-1,Requests(M),20.0224,24.19
2025-06-20,AWSLambda,ap-south-1,Requests(M),12.5048,11.52
2025-06-20,AmazonCloudFront,us-east-1,GB-Transfer,71.1565,62.63
2025-06-20,AmazonCloudFront,us-west-2,GB-Transfer,41.2046,43.28
2025-06-20,AmazonCloudFront,eu-west-1,GB-Transfer,35.8968,34.8
2025-06-20,AmazonCloudFront,ap-south-1,GB-Transfer,21.8297,24.47
2025-06-20,AmazonEBS,us-east-1,GB-Month,92.2554,93.51
2025-06-20,AmazonEBS,us-west-2,GB-Month,51.4079,50.79
2025-06-20,AmazonEBS,eu-west-1,GB-Month,47.0267,44.49
2025-06-20,AmazonEBS,ap-south-1,GB-Month,28.064,23.88
2025-06-20,AmazonDynamoDB,us-east-1,RCU/WCU,61.5992,57.82
2025-06-20,AmazonDynamoDB,us-west-2,RCU/WCU,37.8587,44.99
2025-06-20,AmazonDynamoDB,eu-west-1,RCU/WCU,29.0674,33.85
2025-06-20,AmazonDynamoDB,ap-south-1,RCU/WCU,16.1512,13.92
2025-06-21,AmazonEC2,us-east-1,InstanceHours,445.4292,397.27
2025-06-21,AmazonEC2,us-west-2,InstanceHours,241.3444,204.85
2025-06-21,AmazonEC2,eu-west-1,InstanceHours,185.3905,168.02
2025-06-21,AmazonEC2,ap-south-1,InstanceHours,120.9275,131.48
2025-06-21,AmazonS3,us-east-1,GB-Month,91.3763,81.76
2025-06-21,AmazonS3,us-west-2,GB-Month,60.1518,66.08
2025-06-21,AmazonS3,eu-west-1,GB-Month,55.3883,47.05
2025-06-21,AmazonS3,ap-south-1,GB-Month,27.8523,30.72
2025-06-21,AmazonRDS,us-east-1,InstanceHours,278.7561,267.48
2025-06-21,AmazonRDS,us-west-2,InstanceHours,165.1491,183.98
2025-06-21,AmazonRDS,eu-west-1,InstanceHours,133.5867,122.55
2025-06-21,AmazonRDS,ap-south-1,InstanceHours,76.6083,86.54
2025-06-21,AWSLambda,us-east-1,Requests(M),32.3741,37.49
2025-06-21,AWSLambda,us-west-2,Requests(M),24.6583,24.35
2025-06-21,AWSLambda,eu-west-1,Requests(M),16.8307,17.06
2025-06-21,AWSLambda,ap-south-1,Requests(M),10.2972,9.94
2025-06-21,AmazonCloudFront,us-east-1,GB-Transfer,59.6205,66.02
2025-06-21,AmazonCloudFront,us-west-2,GB-Transfer,34.5544,42.54
2025-06-21,AmazonCloudFront,eu-west-1,GB-Transfer,31.2918,32.07
2025-06-21,AmazonCloudFront,ap-south-1,GB-Transfer,17.3002,20.14
2025-06-21,AmazonEBS,us-east-1,GB-Month,73.4232,65.6
2025-06-21,AmazonEBS,us-west-2,GB-Month,42.9965,45.46
2025-06-21,AmazonEBS,eu-west-1,GB-Month,36.6504,35.86
2025-06-21,AmazonEBS,ap-south-1,GB-Month,20.5199,25.28
2025-06-21,AmazonDynamoDB,us-east-1,RCU/WCU,44.7889,55.72
2025-06-21,AmazonDynamoDB,us-west-2,RCU/WCU,34.0041,31.79
2025-06-21,AmazonDynamoDB,eu-west-1,RCU/WCU,26.8154,28.63
2025-06-21,AmazonDynamoDB,ap-south-1,RCU/WCU,16.7664,16.57
2025-06-22,AmazonEC2,us-east-1,InstanceHours,473.002,457.7
2025-06-22,AmazonEC2,us-west-2,InstanceHours,235.2942,282.56
2025-06-22,AmazonEC2,eu-west-1,InstanceHours,233.8537,246.61
2025-06-22,AmazonEC2,ap-south-1,InstanceHours,137.027,119.12
2025-06-22,AmazonS3,us-east-1,GB-Month,87.9041,75.67
2025-06-22,AmazonS3,us-west-2,GB-Month,55.661,57.01
2025-06-22,AmazonS3,eu-west-1,GB-Month,48.1324,48.03
2025-06-22,AmazonS3,ap-south-1,GB-Month,28.3621,29.55
2025-06-22,AmazonRDS,us-east-1,InstanceHours,258.509,286.35
2025-06-22,AmazonRDS,us-west-2,InstanceHours,158.5713,167.86
2025-06-22,AmazonRDS,eu-west-1,InstanceHours,135.2211,149.7
2025-06-22,AmazonRDS,ap-south-1,InstanceHours,76.004,63.96
2025-06-22,AWSLambda,us-east-1,Requests(M),36.719,41.3
2025-06-22,AWSLambda,us-west-2,Requests(M),19.9325,16.78
2025-06-22,AWSLambda,eu-west-1,Requests(M),19.5407,22.03
2025-06-22,AWSLambda,ap-south-1,Requests(M),11.3749,9.83
2025-06-22,AmazonCloudFront,us-east-1,GB-Transfer,64.2838,54.36
2025-06-22,AmazonCloudFront,us-west-2,GB-Transfer,37.2419,43.8
2025-06-22,AmazonCloudFront,eu-west-1,GB-Transfer,30.6643,32.4
2025-06-22,AmazonCloudFront,ap-south-1,GB-Transfer,19.5602,18.43
2025-06-22,AmazonEBS,us-east-1,GB-Month,68.9038,69.23
2025-06-22,AmazonEBS,us-west-2,GB-Month,42.3176,47.74
2025-06-22,AmazonEBS,eu-west-1,GB-Month,39.4183,34.7
2025-06-22,AmazonEBS,ap-south-1,GB-Month,22.5288,19.15
2025-06-22,AmazonDynamoDB,us-east-1,RCU/WCU,48.0071,42.68
2025-06-22,AmazonDynamoDB,us-west-2,RCU/WCU,32.8016,28.06
2025-06-22,AmazonDynamoDB,eu-west-1,RCU/WCU,25.357,28.67
2025-06-22,AmazonDynamoDB,ap-south-1,RCU/WCU,15.4578,18.95
2025-06-23,AmazonEC2,us-east-1,InstanceHours,541.3631,549.04
2025-06-23,AmazonEC2,us-west-2,InstanceHours,294.4282,276.63
2025-06-23,AmazonEC2,eu-west-1,InstanceHours,287.4073,330.88
2025-06-23,AmazonEC2,ap-south-1,InstanceHours,137.0861,123.97
2025-06-23,AmazonS3,us-east-1,GB-Month,115.7118,137.89
2025-06-23,AmazonS3,us-west-2,GB-Month,61.2822,57.17
2025-06-23,AmazonS3,eu-west-1,GB-Month,57.0813,59.41
2025-06-23,AmazonS3,ap-south-1,GB-Month,30.1886,28.32
2025-06-23,AmazonRDS,us-east-1,InstanceHours,273.7729,274.39
2025-06-23,AmazonRDS,us-west-2,InstanceHours,198.0929,242.53
2025-06-23,AmazonRDS,eu-west-1,InstanceHours,149.4455,131.83
2025-06-23,AmazonRDS,ap-south-1,InstanceHours,82.375,83.05
2025-06-23,AWSLambda,us-east-1,Requests(M),44.6144,48.31
2025-06-23,AWSLambda,us-west-2,Requests(M),25.2395,23.36
2025-06-23,AWSLambda,eu-west-1,Requests(M),20.1123,21.34
2025-06-23,AWSLambda,ap-south-1,Requests(M),12.7823,10.72
2025-06-23,AmazonCloudFront,us-east-1,GB-Transfer,70.0613,73.05
2025-06-23,AmazonCloudFront,us-west-2,GB-Transfer,41.6412,42.65
2025-06-23,AmazonCloudFront,eu-west-1,GB-Transfer,37.7162,40.46
2025-06-23,AmazonCloudFront,ap-south-1,GB-Transfer,21.6533,18.99
2025-06-23,AmazonEBS,us-east-1,GB-Month,83.4535,87.2
2025-06-23,AmazonEBS,us-west-2,GB-Month,53.1278,45.85
2025-06-23,AmazonEBS,eu-west-1,GB-Month,47.0883,51.13
2025-06-23,AmazonEBS,ap-south-1,GB-Month,24.4126,29.85
2025-06-23,AmazonDynamoDB,us-east-1,RCU/WCU,64.7886,67.22
2025-06-23,AmazonDynamoDB,us-west-2,RCU/WCU,35.988,34.38
2025-06-23,AmazonDynamoDB,eu-west-1,RCU/WCU,29.8066,33.97
2025-06-23,AmazonDynamoDB,ap-south-1,RCU/WCU,17.954,16.42
2025-06-24,AmazonEC2,us-east-1,InstanceHours,562.3849,563.62
2025-06-24,AmazonEC2,us-west-2,InstanceHours,297.6684,349.71
2025-06-24,AmazonEC2,eu-west-1,InstanceHours,241.5919,239.87
2025-06-24,AmazonEC2,ap-south-1,InstanceHours,181.7849,157.86
2025-06-24,AmazonS3,us-east-1,GB-Month,105.2492,107.15
2025-06-24,AmazonS3,us-west-2,GB-Month,68.5681,68.15
2025-06-24,AmazonS3,eu-west-1,GB-Month,55.8314,52.68
2025-06-24,AmazonS3,ap-south-1,GB-Month,31.9313,35.05
2025-06-24,AmazonRDS,us-east-1,InstanceHours,361.9304,342.77
2025-06-24,AmazonRDS,us-west-2,InstanceHours,192.2796,185.94
2025-06-24,AmazonRDS,eu-west-1,InstanceHours,143.211,173.65
2025-06-24,AmazonRDS,ap-south-1,InstanceHours,78.3623,69.59
2025-06-24,AWSLambda,us-east-1,Requests(M),43.4703,50.44
2025-06-24,AWSLambda,us-west-2,Requests(M),24.2891,29.52
2025-06-24,AWSLambda,eu-west-1,Requests(M),18.3799,15.64
2025-06-24,AWSLambda,ap-south-1,Requests(M),12.3125,15.31
2025-06-24,AmazonCloudFront,us-east-1,GB-Transfer,74.9208,78.55
2025-06-24,AmazonCloudFront,us-west-2,GB-Transfer,41.9737,50.13
2025-06-24,AmazonCloudFront,eu-west-1,GB-Transfer,35.3448,40.44
2025-06-24,AmazonCloudFront,ap-south-1,GB-Transfer,17.9614,18.2
2025-06-24,AmazonEBS,us-east-1,GB-Month,93.1659,98.65
2025-06-24,AmazonEBS,us-west-2,GB-Month,46.4687,40.85
2025-06-24,AmazonEBS,eu-west-1,GB-Month,42.3279,40.32
2025-06-24,AmazonEBS,ap-south-1,GB-Month,27.1754,32.15
2025-06-24,AmazonDynamoDB,us-east-1,RCU/WCU,55.5444,63.9
2025-06-24,AmazonDynamoDB,us-west-2,RCU/WCU,33.8233,32.32
2025-06-24,AmazonDynamoDB,eu-west-1,RCU/WCU,26.5162,22.17
2025-06-24,AmazonDynamoDB,ap-south-1,RCU/WCU,18.0515,18.63
2025-06-25,AmazonEC2,us-east-1,InstanceHours,508.5902,494.36
2025-06-25,AmazonEC2,us-west-2,InstanceHours,298.7249,253.24
2025-06-25,AmazonEC2,eu-west-1,InstanceHours,208.0072,208.01
2025-06-25,AmazonEC2,ap-south-1,InstanceHours,127.89,118.53
2025-06-25,AmazonS3,us-east-1,GB-Month,114.2733,140.78
2025-06-25,AmazonS3,us-west-2,GB-Month,61.9577,63.49
2025-06-25,AmazonS3,eu-west-1,GB-Month,63.5753,69.83
2025-06-25,AmazonS3,ap-south-1,GB-Month,32.5055,33.48
2025-06-25,AmazonRDS,us-east-1,InstanceHours,355.2433,320.21
2025-06-25,AmazonRDS,us-west-2,InstanceHours,181.6755,165.89
2025-06-25,AmazonRDS,eu-west-1,InstanceHours,147.7201,168.24
2025-06-25,AmazonRDS,ap-south-1,InstanceHours,96.9914,104.79
2025-06-25,AWSLambda,us-east-1,Requests(M),45.1474,40.62
2025-06-25,AWSLambda,us-west-2,Requests(M),24.4664,21.45
2025-06-25,AWSLambda,eu-west-1,Requests(M),21.7039,23.76
2025-06-25,AWSLambda,ap-south-1,Requests(M),10.8472,12.86
2025-06-25,AmazonCloudFront,us-east-1,GB-Transfer,66.0905,61.94
2025-06-25,AmazonCloudFront,us-west-2,GB-Transfer,43.9379,41.48
2025-06-25,AmazonCloudFront,eu-west-1,GB-Transfer,34.4394,30.93
2025-06-25,AmazonCloudFront,ap-south-1,GB-Transfer,21.7361,18.12
2025-06-25,AmazonEBS,us-east-1,GB-Month,91.6552,86.07
2025-06-25,AmazonEBS,us-west-2,GB-Month,55.7391,57.54
2025-06-25,AmazonEBS,eu-west-1,GB-Month,47.5299,45.15
2025-06-25,AmazonEBS,ap-south-1,GB-Month,28.5734,25.55
2025-06-25,AmazonDynamoDB,us-east-1,RCU/WCU,54.1511,52.9
2025-06-25,AmazonDynamoDB,us-west-2,RCU/WCU,35.0064,38.64
2025-06-25,AmazonDynamoDB,eu-west-1,RCU/WCU,29.1007,30.53
2025-06-25,AmazonDynamoDB,ap-south-1,RCU/WCU,17.6426,15.7
2025-06-26,AmazonEC2,us-east-1,InstanceHours,485.6038,491.53
2025-06-26,AmazonEC2,us-west-2,InstanceHours,297.8827,324.99
2025-06-26,AmazonEC2,eu-west-1,InstanceHours,198.5216,169.27
2025-06-26,AmazonEC2,ap-south-1,InstanceHours,141.7156,173.57
2025-06-26,AmazonS3,us-east-1,GB-Month,113.4657,95.86
2025-06-26,AmazonS3,us-west-2,GB-Month,66.0,75.77
2025-06-26,AmazonS3,eu-west-1,GB-Month,50.5732,50.59
2025-06-26,AmazonS3,ap-south-1,GB-Month,31.964,37.6
2025-06-26,AmazonRDS,us-east-1,InstanceHours,378.7218,318.61
2025-06-26,AmazonRDS,us-west-2,InstanceHours,211.262,198.93
2025-06-26,AmazonRDS,eu-west-1,InstanceHours,141.3788,166.07
2025-06-26,AmazonRDS,ap-south-1,InstanceHours,86.1363,78.12
2025-06-26,AWSLambda,us-east-1,Requests(M),44.2873,54.25
2025-06-26,AWSLambda,us-west-2,Requests(M),27.8917,25.24
2025-06-26,AWSLambda,eu-west-1,Requests(M),21.1995,20.48
2025-06-26,AWSLambda,ap-south-1,Requests(M),12.4908,13.55
2025-06-26,AmazonCloudFront,us-east-1,GB-Transfer,64.3222,59.06
2025-06-26,AmazonCloudFront,us-west-2,GB-Transfer,41.0594,37.91
2025-06-26,AmazonCloudFront,eu-west-1,GB-Transfer,34.0789,41.02
2025-06-26,AmazonCloudFront,ap-south-1,GB-Transfer,20.5452,17.64
2025-06-26,AmazonEBS,us-east-1,GB-Month,83.5488,91.59
2025-06-26,AmazonEBS,us-west-2,GB-Month,48.0115,49.73
2025-06-26,AmazonEBS,eu-west-1,GB-Month,46.668,53.45
2025-06-26,AmazonEBS,ap-south-1,GB-Month,27.388,25.49
2025-06-26,AmazonDynamoDB,us-east-1,RCU/WCU,53.3593,65.25
2025-06-26,AmazonDynamoDB,us-west-2,RCU/WCU,35.5516,32.94
2025-06-26,AmazonDynamoDB,eu-west-1,RCU/WCU,28.8168,26.91
2025-06-26,AmazonDynamoDB,ap-south-1,RCU/WCU,20.1225,19.82
2025-06-27,AmazonEC2,us-east-1,InstanceHours,545.9119,511.95
2025-06-27,AmazonEC2,us-west-2,InstanceHours,337.8788,384.02
2025-06-27,AmazonEC2,eu-west-1,InstanceHours,239.2407,244.51
2025-06-27,AmazonEC2,ap-south-1,InstanceHours,128.895,116.15
2025-06-27,AmazonS3,us-east-1,GB-Month,97.2359,107.97
2025-06-27,AmazonS3,us-west-2,GB-Month,61.6067,69.54
2025-06-27,AmazonS3,eu-west-1,GB-Month,52.1586,48.14
2025-06-27,AmazonS3,ap-south-1,GB-Month,36.2715,37.53
2025-06-27,AmazonRDS,us-east-1,InstanceHours,327.6339,326.6
2025-06-27,AmazonRDS,us-west-2,InstanceHours,189.9157,161.79
2025-06-27,AmazonRDS,eu-west-1,InstanceHours,169.1824,166.33
2025-06-27,AmazonRDS,ap-south-1,InstanceHours,96.2148,106.47
2025-06-27,AWSLambda,us-east-1,Requests(M),43.8902,53.37
2025-06-27,AWSLambda,us-west-2,Requests(M),24.2071,23.35
2025-06-27,AWSLambda,eu-west-1,Requests(M),18.3742,15.92
2025-06-27,AWSLambda,ap-south-1,Requests(M),10.8533,9.51
2025-06-27,AmazonCloudFront,us-east-1,GB-Transfer,62.094,62.71
2025-06-27,AmazonCloudFront,us-west-2,GB-Transfer,44.7537,46.46
2025-06-27,AmazonCloudFront,eu-west-1,GB-Transfer,33.2317,32.67
2025-06-27,AmazonCloudFront,ap-south-1,GB-Transfer,20.7606,22.55
2025-06-27,AmazonEBS,us-east-1,GB-Month,79.486,81.74
2025-06-27,AmazonEBS,us-west-2,GB-Month,57.9105,70.54
2025-06-27,AmazonEBS,eu-west-1,GB-Month,44.2634,54.67
2025-06-27,AmazonEBS,ap-south-1,GB-Month,27.0688,26.63
2025-06-27,AmazonDynamoDB,us-east-1,RCU/WCU,60.6192,56.11
2025-06-27,AmazonDynamoDB,us-west-2,RCU/WCU,36.7201,42.91
2025-06-27,AmazonDynamoDB,eu-west-1,RCU/WCU,32.3125,31.4
2025-06-27,AmazonDynamoDB,ap-south-1,RCU/WCU,18.6995,16.16
2025-06-28,AmazonEC2,us-east-1,InstanceHours,389.711,339.52
2025-06-28,AmazonEC2,us-west-2,InstanceHours,236.3846,225.09
2025-06-28,AmazonEC2,eu-west-1,InstanceHours,257.5737,276.13
2025-06-28,AmazonEC2,ap-south-1,InstanceHours,136.3045,151.87
2025-06-28,AmazonS3,us-east-1,GB-Month,106.7245,126.83
2025-06-28,AmazonS3,us-west-2,GB-Month,53.2331,52.82
2025-06-28,AmazonS3,eu-west-1,GB-Month,50.7863,56.81
2025-06-28,AmazonS3,ap-south-1,GB-Month,28.165,30.7
2025-06-28,AmazonRDS,us-east-1,InstanceHours,267.189,301.23
2025-06-28,AmazonRDS,us-west-2,InstanceHours,157.0213,131.47
2025-06-28,AmazonRDS,eu-west-1,InstanceHours,139.0699,166.38
2025-06-28,AmazonRDS,ap-south-1,InstanceHours,81.6573,88.74
2025-06-28,AWSLambda,us-east-1,Requests(M),34.6558,29.06
2025-06-28,AWSLambda,us-west-2,Requests(M),20.1351,23.91
2025-06-28,AWSLambda,eu-west-1,Requests(M),17.3697,16.01
2025-06-28,AWSLambda,ap-south-1,Requests(M),10.5454,12.0
2025-06-28,AmazonCloudFront,us-east-1,GB-Transfer,58.3966,52.68
2025-06-28,AmazonCloudFront,us-west-2,GB-Transfer,33.6761,39.96
2025-06-28,AmazonCloudFront,eu-west-1,GB-Transfer,30.2899,27.84
2025-06-28,AmazonCloudFront,ap-south-1,GB-Transfer,18.6637,17.6
2025-06-28,AmazonEBS,us-east-1,GB-Month,76.9431,90.25
2025-06-28,AmazonEBS,us-west-2,GB-Month,41.2736,42.97
2025-06-28,AmazonEBS,eu-west-1,GB-Month,42.7183,50.4
2025-06-28,AmazonEBS,ap-south-1,GB-Month,26.1556,32.14
2025-06-28,AmazonDynamoDB,us-east-1,RCU/WCU,52.759,63.36
2025-06-28,AmazonDynamoDB,us-west-2,RCU/WCU,32.1565,37.79
2025-06-28,AmazonDynamoDB,eu-west-1,RCU/WCU,25.5784,21.34
2025-06-28,AmazonDynamoDB,ap-south-1,RCU/WCU,15.4856,17.18
2025-06-29,AmazonEC2,us-east-1,InstanceHours,367.4245,350.22
2025-06-29,AmazonEC2,us-west-2,InstanceHours,251.2611,296.94
2025-06-29,AmazonEC2,eu-west-1,InstanceHours,209.6256,200.2
2025-06-29,AmazonEC2,ap-south-1,InstanceHours,146.0608,126.82
2025-06-29,AmazonS3,us-east-1,GB-Month,88.3423,74.0
2025-06-29,AmazonS3,us-west-2,GB-Month,61.4241,62.52
2025-06-29,AmazonS3,eu-west-1,GB-Month,45.2876,49.03
2025-06-29,AmazonS3,ap-south-1,GB-Month,26.2054,26.17
2025-06-29,AmazonRDS,us-east-1,InstanceHours,228.4911,223.41
2025-06-29,AmazonRDS,us-west-2,InstanceHours,160.8445,145.9
2025-06-29,AmazonRDS,eu-west-1,InstanceHours,122.8757,135.43
2025-06-29,AmazonRDS,ap-south-1,InstanceHours,69.2036,61.34
2025-06-29,AWSLambda,us-east-1,Requests(M),36.9115,42.52
2025-06-29,AWSLambda,us-west-2,Requests(M),21.7199,26.19
2025-06-29,AWSLambda,eu-west-1,Requests(M),18.2241,19.33
2025-06-29,AWSLambda,ap-south-1,Requests(M),10.5598,8.92
2025-06-29,AmazonCloudFront,us-east-1,GB-Transfer,57.1214,57.33
2025-06-29,AmazonCloudFront,us-west-2,GB-Transfer,33.3248,34.99
2025-06-29,AmazonCloudFront,eu-west-1,GB-Transfer,33.7474,40.41
2025-06-29,AmazonCloudFront,ap-south-1,GB-Transfer,19.1085,18.18
2025-06-29,AmazonEBS,us-east-1,GB-Month,81.227,85.03
2025-06-29,AmazonEBS,us-west-2,GB-Month,44.7042,41.71
2025-06-29,AmazonEBS,eu-west-1,GB-Month,35.3558,37.2
2025-06-29,AmazonEBS,ap-south-1,GB-Month,21.0378,22.83
2025-06-29,AmazonDynamoDB,us-east-1,RCU/WCU,50.5641,50.51
2025-06-29,AmazonDynamoDB,us-west-2,RCU/WCU,28.3756,28.48
2025-06-29,AmazonDynamoDB,eu-west-1,RCU/WCU,21.6967,20.37
2025-06-29,AmazonDynamoDB,ap-south-1,RCU/WCU,15.7542,15.74
2025-06-30,AmazonEC2,us-east-1,InstanceHours,535.1274,490.45
2025-06-30,AmazonEC2,us-west-2,InstanceHours,285.3561,298.04
2025-06-30,AmazonEC2,eu-west-1,InstanceHours,218.5423,187.38
2025-06-30,AmazonEC2,ap-south-1,InstanceHours,150.9504,172.36
2025-06-30,AmazonS3,us-east-1,GB-Month,105.086,96.34
2025-06-30,AmazonS3,us-west-2,GB-Month,61.9704,53.0
2025-06-30,AmazonS3,eu-west-1,GB-Month,55.043,65.77
2025-06-30,AmazonS3,ap-south-1,GB-Month,32.2142,39.08
2025-06-30,AmazonRDS,us-east-1,InstanceHours,317.0516,316.71
2025-06-30,AmazonRDS,us-west-2,InstanceHours,185.4549,226.0
2025-06-30,AmazonRDS,eu-west-1,InstanceHours,144.633,154.66
2025-06-30,AmazonRDS,ap-south-1,InstanceHours,86.2939,105.57
2025-06-30,AWSLambda,us-east-1,Requests(M),41.4164,38.77
2025-06-30,AWSLambda,us-west-2,Requests(M),26.5966,32.17
2025-06-30,AWSLambda,eu-west-1,Requests(M),20.845,18.05
2025-06-30,AWSLambda,ap-south-1,Requests(M),11.7867,11.65
2025-06-30,AmazonCloudFront,us-east-1,GB-Transfer,71.8564,86.54
2025-06-30,AmazonCloudFront,us-west-2,GB-Transfer,43.25,49.1
2025-06-30,AmazonCloudFront,eu-west-1,GB-Transfer,33.4025,36.45
2025-06-30,AmazonCloudFront,ap-south-1,GB-Transfer,24.5855,25.41
2025-06-30,AmazonEBS,us-east-1,GB-Month,94.5901,112.42
2025-06-30,AmazonEBS,us-west-2,GB-Month,52.6123,57.7
2025-06-30,AmazonEBS,eu-west-1,GB-Month,50.8759,48.35
2025-06-30,AmazonEBS,ap-south-1,GB-Month,27.3031,23.2
2025-06-30,AmazonDynamoDB,us-east-1,RCU/WCU,60.2746,68.04
2025-06-30,AmazonDynamoDB,us-west-2,RCU/WCU,39.3609,40.15
2025-06-30,AmazonDynamoDB,eu-west-1,RCU/WCU,31.5486,26.65
2025-06-30,AmazonDynamoDB,ap-south-1,RCU/WCU,18.4033,17.66
2025-07-01,AmazonEC2,us-east-1,InstanceHours,487.0139,587.59
2025-07-01,AmazonEC2,us-west-2,InstanceHours,301.6385,349.75
2025-07-01,AmazonEC2,eu-west-1,InstanceHours,248.306,265.64
2025-07-01,AmazonEC2,ap-south-1,InstanceHours,143.4452,135.97
2025-07-01,AmazonS3,us-east-1,GB-Month,127.863,129.31
2025-07-01,AmazonS3,us-west-2,GB-Month,69.0593,75.8
2025-07-01,AmazonS3,eu-west-1,GB-Month,53.0499,52.78
2025-07-01,AmazonS3,ap-south-1,GB-Month,33.2765,39.45
2025-07-01,AmazonRDS,us-east-1,InstanceHours,307.6895,280.56
2025-07-01,AmazonRDS,us-west-2,InstanceHours,175.4195,193.25
2025-07-01,AmazonRDS,eu-west-1,InstanceHours,134.2649,140.53
2025-07-01,AmazonRDS,ap-south-1,InstanceHours,96.7734,83.24
2025-07-01,AWSLambda,us-east-1,Requests(M),42.0002,46.91
2025-07-01,AWSLambda,us-west-2,Requests(M),27.4308,31.27
2025-07-01,AWSLambda,eu-west-1,Requests(M),20.0836,16.82
2025-07-01,AWSLambda,ap-south-1,Requests(M),13.7173,14.48
2025-07-01,AmazonCloudFront,us-east-1,GB-Transfer,79.1126,66.78
2025-07-01,AmazonCloudFront,us-west-2,GB-Transfer,38.2159,32.1
2025-07-01,AmazonCloudFront,eu-west-1,GB-Transfer,38.7359,37.78
2025-07-01,AmazonCloudFront,ap-south-1,GB-Transfer,22.9192,20.79
2025-07-01,AmazonEBS,us-east-1,GB-Month,89.3077,85.22
2025-07-01,AmazonEBS,us-west-2,GB-Month,58.7017,57.84
2025-07-01,AmazonEBS,eu-west-1,GB-Month,48.2495,51.21
2025-07-01,AmazonEBS,ap-south-1,GB-Month,27.2178,30.81
2025-07-01,AmazonDynamoDB,us-east-1,RCU/WCU,52.8861,52.92
2025-07-01,AmazonDynamoDB,us-west-2,RCU/WCU,35.2332,30.34
2025-07-01,AmazonDynamoDB,eu-west-1,RCU/WCU,32.3169,37.3
2025-07-01,AmazonDynamoDB,ap-south-1,RCU/WCU,18.4091,15.87
2025-07-02,AmazonEC2,us-east-1,InstanceHours,485.715,461.16
2025-07-02,AmazonEC2,us-west-2,InstanceHours,303.251,256.87
2025-07-02,AmazonEC2,eu-west-1,InstanceHours,253.9751,217.78
2025-07-02,AmazonEC2,ap-south-1,InstanceHours,141.3063,175.78
2025-07-02,AmazonS3,us-east-1,GB-Month,103.8247,110.59
2025-07-02,AmazonS3,us-west-2,GB-Month,76.1891,72.49
2025-07-02,AmazonS3,eu-west-1,GB-Month,43.5923,47.23
2025-07-02,AmazonS3,ap-south-1,GB-Month,32.4617,28.67
2025-07-02,AmazonRDS,us-east-1,InstanceHours,336.0943,287.67
2025-07-02,AmazonRDS,us-west-2,InstanceHours,187.3097,194.37
2025-07-02,AmazonRDS,eu-west-1,InstanceHours,148.7398,149.99
2025-07-02,AmazonRDS,ap-south-1,InstanceHours,91.0721,77.28
2025-07-02,AWSLambda,us-east-1,Requests(M),48.2118,57.04
2025-07-02,AWSLambda,us-west-2,Requests(M),26.4879,30.89
2025-07-02,AWSLambda,eu-west-1,Requests(M),21.9645,23.26
2025-07-02,AWSLambda,ap-south-1,Requests(M),12.4978,10.86
2025-07-02,AmazonCloudFront,us-east-1,GB-Transfer,73.3197,70.48
2025-07-02,AmazonCloudFront,us-west-2,GB-Transfer,39.8665,34.85
2025-07-02,AmazonCloudFront,eu-west-1,GB-Transfer,41.5358,36.51
2025-07-02,AmazonCloudFront,ap-south-1,GB-Transfer,25.6267,21.73
2025-07-02,AmazonEBS,us-east-1,GB-Month,95.098,87.24
2025-07-02,AmazonEBS,us-west-2,GB-Month,54.0694,59.69
2025-07-02,AmazonEBS,eu-west-1,GB-Month,45.5664,47.19
2025-07-02,AmazonEBS,ap-south-1,GB-Month,28.0448,26.16
2025-07-02,AmazonDynamoDB,us-east-1,RCU/WCU,55.3318,50.88
2025-07-02,AmazonDynamoDB,us-west-2,RCU/WCU,35.1719,31.14
2025-07-02,AmazonDynamoDB,eu-west-1,RCU/WCU,27.7343,23.45
2025-07-02,AmazonDynamoDB,ap-south-1,RCU/WCU,19.0099,23.47
2025-07-03,AmazonEC2,us-east-1,InstanceHours,453.6689,553.76
2025-07-03,AmazonEC2,us-west-2,InstanceHours,280.9578,291.97
2025-07-03,AmazonEC2,eu-west-1,InstanceHours,268.8148,224.78
2025-07-03,AmazonEC2,ap-south-1,InstanceHours,154.0196,137.12
2025-07-03,AmazonS3,us-east-1,GB-Month,122.7409,107.91
2025-07-03,AmazonS3,us-west-2,GB-Month,63.2539,64.14
2025-07-03,AmazonS3,eu-west-1,GB-Month,53.3839,55.92
2025-07-03,AmazonS3,ap-south-1,GB-Month,36.1213,35.75
2025-07-03,AmazonRDS,us-east-1,InstanceHours,339.9697,360.64
2025-07-03,AmazonRDS,us-west-2,InstanceHours,200.032,194.48
2025-07-03,AmazonRDS,eu-west-1,InstanceHours,147.1104,137.4
2025-07-03,AmazonRDS,ap-south-1,InstanceHours,88.8201,91.96
2025-07-03,AWSLambda,us-east-1,Requests(M),41.7856,37.22
2025-07-03,AWSLambda,us-west-2,Requests(M),25.0216,22.36
2025-07-03,AWSLambda,eu-west-1,Requests(M),15.3332,14.86
2025-07-03,AWSLambda,ap-south-1,Requests(M),11.8987,13.4
2025-07-03,AmazonCloudFront,us-east-1,GB-Transfer,70.0429,70.73
2025-07-03,AmazonCloudFront,us-west-2,GB-Transfer,43.073,46.1
2025-07-03,AmazonCloudFront,eu-west-1,GB-Transfer,39.0482,41.0
2025-07-03,AmazonCloudFront,ap-south-1,GB-Transfer,23.9354,29.81
2025-07-03,AmazonEBS,us-east-1,GB-Month,94.7793,114.34
2025-07-03,AmazonEBS,us-west-2,GB-Month,48.0298,56.97
2025-07-03,AmazonEBS,eu-west-1,GB-Month,49.3275,53.12
2025-07-03,AmazonEBS,ap-south-1,GB-Month,28.4448,28.56
2025-07-03,AmazonDynamoDB,us-east-1,RCU/WCU,64.3082,61.98
2025-07-03,AmazonDynamoDB,us-west-2,RCU/WCU,34.1517,28.69
2025-07-03,AmazonDynamoDB,eu-west-1,RCU/WCU,33.5518,30.3
2025-07-03,AmazonDynamoDB,ap-south-1,RCU/WCU,17.7452,17.76
2025-07-04,AmazonEC2,us-east-1,InstanceHours,475.4711,560.1
2025-07-04,AmazonEC2,us-west-2,InstanceHours,320.758,330.66
2025-07-04,AmazonEC2,eu-west-1,InstanceHours,250.9733,238.09
2025-07-04,AmazonEC2,ap-south-1,InstanceHours,158.902,151.38
2025-07-04,AmazonS3,us-east-1,GB-Month,105.0138,96.99
2025-07-04,AmazonS3,us-west-2,GB-Month,59.4334,49.99
2025-07-04,AmazonS3,eu-west-1,GB-Month,52.4038,62.53
2025-07-04,AmazonS3,ap-south-1,GB-Month,29.2152,32.57
2025-07-04,AmazonRDS,us-east-1,InstanceHours,328.7825,368.5
2025-07-04,AmazonRDS,us-west-2,InstanceHours,153.5216,172.3
2025-07-04,AmazonRDS,eu-west-1,InstanceHours,170.1036,188.33
2025-07-04,AmazonRDS,ap-south-1,InstanceHours,84.9043,72.49
2025-07-04,AWSLambda,us-east-1,Requests(M),45.315,55.28
2025-07-04,AWSLambda,us-west-2,Requests(M),26.2912,25.29
2025-07-04,AWSLambda,eu-west-1,Requests(M),17.8135,19.68
2025-07-04,AWSLambda,ap-south-1,Requests(M),12.7955,12.4
2025-07-04,AmazonCloudFront,us-east-1,GB-Transfer,64.6235,75.48
2025-07-04,AmazonCloudFront,us-west-2,GB-Transfer,43.8884,41.83
2025-07-04,AmazonCloudFront,eu-west-1,GB-Transfer,34.2036,36.23
2025-07-04,AmazonCloudFront,ap-south-1,GB-Transfer,18.3498,17.32
2025-07-04,AmazonEBS,us-east-1,GB-Month,93.513,99.38
2025-07-04,AmazonEBS,us-west-2,GB-Month,53.6246,48.92
2025-07-04,AmazonEBS,eu-west-1,GB-Month,45.0321,44.1
2025-07-04,AmazonEBS,ap-south-1,GB-Month,23.2342,24.94
2025-07-04,AmazonDynamoDB,us-east-1,RCU/WCU,51.2176,63.83
2025-07-04,AmazonDynamoDB,us-west-2,RCU/WCU,35.1955,39.71
2025-07-04,AmazonDynamoDB,eu-west-1,RCU/WCU,32.292,35.4
2025-07-04,AmazonDynamoDB,ap-south-1,RCU/WCU,18.9957,19.72
2025-07-05,AmazonEC2,us-east-1,InstanceHours,444.0037,503.23
2025-07-05,AmazonEC2,us-west-2,InstanceHours,283.4551,313.91
2025-07-05,AmazonEC2,eu-west-1,InstanceHours,204.3503,218.87
2025-07-05,AmazonEC2,ap-south-1,InstanceHours,133.8371,125.58
2025-07-05,AmazonS3,us-east-1,GB-Month,80.46,69.37
2025-07-05,AmazonS3,us-west-2,GB-Month,65.1185,73.34
2025-07-05,AmazonS3,eu-west-1,GB-Month,43.1786,41.27
2025-07-05,AmazonS3,ap-south-1,GB-Month,28.5002,24.82
2025-07-05,AmazonRDS,us-east-1,InstanceHours,300.8752,266.7
2025-07-05,AmazonRDS,us-west-2,InstanceHours,154.315,180.61
2025-07-05,AmazonRDS,eu-west-1,InstanceHours,136.9593,132.9
2025-07-05,AmazonRDS,ap-south-1,InstanceHours,80.6733,92.26
2025-07-05,AWSLambda,us-east-1,Requests(M),34.4871,40.99
2025-07-05,AWSLambda,us-west-2,Requests(M),20.3393,20.23
2025-07-05,AWSLambda,eu-west-1,Requests(M),16.161,15.75
2025-07-05,AWSLambda,ap-south-1,Requests(M),8.4338,7.79
2025-07-05,AmazonCloudFront,us-east-1,GB-Transfer,60.3757,73.92
2025-07-05,AmazonCloudFront,us-west-2,GB-Transfer,34.6151,31.51
2025-07-05,AmazonCloudFront,eu-west-1,GB-Transfer,23.4613,21.09
2025-07-05,AmazonCloudFront,ap-south-1,GB-Transfer,17.2179,15.87
2025-07-05,AmazonEBS,us-east-1,GB-Month,80.0957,82.67
2025-07-05,AmazonEBS,us-west-2,GB-Month,46.2879,41.2
2025-07-05,AmazonEBS,eu-west-1,GB-Month,41.3975,45.8
2025-07-05,AmazonEBS,ap-south-1,GB-Month,22.1512,24.19
2025-07-05,AmazonDynamoDB,us-east-1,RCU/WCU,46.4625,52.11
2025-07-05,AmazonDynamoDB,us-west-2,RCU/WCU,32.0792,34.79
2025-07-05,AmazonDynamoDB,eu-west-1,RCU/WCU,26.8437,25.09
2025-07-05,AmazonDynamoDB,ap-south-1,RCU/WCU,15.636,13.82
2025-07-06,AmazonEC2,us-east-1,InstanceHours,400.9119,477.17
2025-07-06,AmazonEC2,us-west-2,InstanceHours,257.5274,252.04
2025-07-06,AmazonEC2,eu-west-1,InstanceHours,194.4575,197.12
2025-07-06,AmazonEC2,ap-south-1,InstanceHours,121.0148,113.46
2025-07-06,AmazonS3,us-east-1,GB-Month,100.4339,91.69
2025-07-06,AmazonS3,us-west-2,GB-Month,52.794,48.26
2025-07-06,AmazonS3,eu-west-1,GB-Month,49.1921,47.68
2025-07-06,AmazonS3,ap-south-1,GB-Month,28.2762,25.34
2025-07-06,AmazonRDS,us-east-1,InstanceHours,300.2978,365.21
2025-07-06,AmazonRDS,us-west-2,InstanceHours,137.922,115.48
2025-07-06,AmazonRDS,eu-west-1,InstanceHours,135.7267,125.94
2025-07-06,AmazonRDS,ap-south-1,InstanceHours,81.0243,92.66
2025-07-06,AWSLambda,us-east-1,Requests(M),31.3133,30.56
2025-07-06,AWSLambda,us-west-2,Requests(M),20.2144,20.87
2025-07-06,AWSLambda,eu-west-1,Requests(M),17.4464,16.17
2025-07-06,AWSLambda,ap-south-1,Requests(M),12.5142,10.96
2025-07-06,AmazonCloudFront,us-east-1,GB-Transfer,58.0868,59.59
2025-07-06,AmazonCloudFront,us-west-2,GB-Transfer,33.506,28.28
2025-07-06,AmazonCloudFront,eu-west-1,GB-Transfer,27.2076,25.63
2025-07-06,AmazonCloudFront,ap-south-1,GB-Transfer,16.0648,16.6
2025-07-06,AmazonEBS,us-east-1,GB-Month,89.6701,108.93
2025-07-06,AmazonEBS,us-west-2,GB-Month,46.4583,43.09
2025-07-06,AmazonEBS,eu-west-1,GB-Month,35.243,39.69
2025-07-06,AmazonEBS,ap-south-1,GB-Month,25.3687,21.76
2025-07-06,AmazonDynamoDB,us-east-1,RCU/WCU,58.3998,71.8
2025-07-06,AmazonDynamoDB,us-west-2,RCU/WCU,28.2945,29.3
2025-07-06,AmazonDynamoDB,eu-west-1,RCU/WCU,24.54,23.57
2025-07-06,AmazonDynamoDB,ap-south-1,RCU/WCU,16.6818,18.87
2025-07-07,AmazonEC2,us-east-1,InstanceHours,531.1402,517.39
2025-07-07,AmazonEC2,us-west-2,InstanceHours,297.7154,256.48
2025-07-07,AmazonEC2,eu-west-1,InstanceHours,275.3851,286.58
2025-07-07,AmazonEC2,ap-south-1,InstanceHours,132.2341,163.21
2025-07-07,AmazonS3,us-east-1,GB-Month,84.5583,76.68
2025-07-07,AmazonS3,us-west-2,GB-Month,58.9239,64.62
2025-07-07,AmazonS3,eu-west-1,GB-Month,50.7342,55.06
2025-07-07,AmazonS3,ap-south-1,GB-Month,30.1534,29.0
2025-07-07,AmazonRDS,us-east-1,InstanceHours,259.2172,272.94
2025-07-07,AmazonRDS,us-west-2,InstanceHours,181.0274,190.88
2025-07-07,AmazonRDS,eu-west-1,InstanceHours,162.4766,202.53
2025-07-07,AmazonRDS,ap-south-1,InstanceHours,99.742,83.31
2025-07-07,AWSLambda,us-east-1,Requests(M),44.4645,46.21
2025-07-07,AWSLambda,us-west-2,Requests(M),27.321,26.73
2025-07-07,AWSLambda,eu-west-1,Requests(M),21.666,19.76
2025-07-07,AWSLambda,ap-south-1,Requests(M),12.0159,13.79
2025-07-07,AmazonCloudFront,us-east-1,GB-Transfer,61.775,55.96
2025-07-07,AmazonCloudFront,us-west-2,GB-Transfer,36.9934,32.59
2025-07-07,AmazonCloudFront,eu-west-1,GB-Transfer,36.2421,32.81
2025-07-07,AmazonCloudFront,ap-south-1,GB-Transfer,19.9958,17.94
2025-07-07,AmazonEBS,us-east-1,GB-Month,90.2366,78.95
2025-07-07,AmazonEBS,us-west-2,GB-Month,48.7102,52.52
2025-07-07,AmazonEBS,eu-west-1,GB-Month,49.5705,59.31
2025-07-07,AmazonEBS,ap-south-1,GB-Month,26.1851,22.89
2025-07-07,AmazonDynamoDB,us-east-1,RCU/WCU,58.5566,69.96
2025-07-07,AmazonDynamoDB,us-west-2,RCU/WCU,35.3863,32.85
2025-07-07,AmazonDynamoDB,eu-west-1,RCU/WCU,22.9579,23.58
2025-07-07,AmazonDynamoDB,ap-south-1,RCU/WCU,19.6354,18.23
2025-07-08,AmazonEC2,us-east-1,InstanceHours,459.0717,398.48
2025-07-08,AmazonEC2,us-west-2,InstanceHours,297.8371,306.62
2025-07-08,AmazonEC2,eu-west-1,InstanceHours,252.0469,238.02
2025-07-08,AmazonEC2,ap-south-1,InstanceHours,141.0224,154.93
2025-07-08,AmazonS3,us-east-1,GB-Month,112.7082,106.31
2025-07-08,AmazonS3,us-west-2,GB-Month,70.005,72.29
2025-07-08,AmazonS3,eu-west-1,GB-Month,46.2736,42.15
2025-07-08,AmazonS3,ap-south-1,GB-Month,34.0966,41.63
2025-07-08,AmazonRDS,us-east-1,InstanceHours,263.2354,252.38
2025-07-08,AmazonRDS,us-west-2,InstanceHours,174.6333,161.58
2025-07-08,AmazonRDS,eu-west-1,InstanceHours,148.5616,125.55
2025-07-08,AmazonRDS,ap-south-1,InstanceHours,89.3411,86.25
2025-07-08,AWSLambda,us-east-1,Requests(M),46.0128,45.55
2025-07-08,AWSLambda,us-west-2,Requests(M),24.1791,26.97
2025-07-08,AWSLambda,eu-west-1,Requests(M),20.1472,17.61
2025-07-08,AWSLambda,ap-south-1,Requests(M),11.2419,13.63
2025-07-08,AmazonCloudFront,us-east-1,GB-Transfer,73.4074,86.49
2025-07-08,AmazonCloudFront,us-west-2,GB-Transfer,42.2865,40.2
2025-07-08,AmazonCloudFront,eu-west-1,GB-Transfer,37.2459,39.07
2025-07-08,AmazonCloudFront,ap-south-1,GB-Transfer,19.2435,22.89
2025-07-08,AmazonEBS,us-east-1,GB-Month,102.1138,95.25
2025-07-08,AmazonEBS,us-west-2,GB-Month,57.1513,54.18
2025-07-08,AmazonEBS,eu-west-1,GB-Month,57.7287,54.76
2025-07-08,AmazonEBS,ap-south-1,GB-Month,26.977,25.07
2025-07-08,AmazonDynamoDB,us-east-1,RCU/WCU,64.511,74.81
2025-07-08,AmazonDynamoDB,us-west-2,RCU/WCU,40.9385,46.3
2025-07-08,AmazonDynamoDB,eu-west-1,RCU/WCU,30.6392,27.76
2025-07-08,AmazonDynamoDB,ap-south-1,RCU/WCU,17.663,17.3
2025-07-09,AmazonEC2,us-east-1,InstanceHours,482.7015,416.3
2025-07-09,AmazonEC2,us-west-2,InstanceHours,293.7999,253.92
2025-07-09,AmazonEC2,eu-west-1,InstanceHours,254.4495,260.0
2025-07-09,AmazonEC2,ap-south-1,InstanceHours,147.8198,159.02
2025-07-09,AmazonS3,us-east-1,GB-Month,113.4642,102.04
2025-07-09,AmazonS3,us-west-2,GB-Month,71.9512,86.72
2025-07-09,AmazonS3,eu-west-1,GB-Month,48.8078,52.37
2025-07-09,AmazonS3,ap-south-1,GB-Month,29.2727,29.24
2025-07-09,AmazonRDS,us-east-1,InstanceHours,299.6398,316.37
2025-07-09,AmazonRDS,us-west-2,InstanceHours,160.5294,146.72
2025-07-09,AmazonRDS,eu-west-1,InstanceHours,175.8914,198.92
2025-07-09,AmazonRDS,ap-south-1,InstanceHours,101.5133,109.13
2025-07-09,AWSLambda,us-east-1,Requests(M),41.1774,39.55
2025-07-09,AWSLambda,us-west-2,Requests(M),24.8849,20.75
2025-07-09,AWSLambda,eu-west-1,Requests(M),21.4916,20.33
2025-07-09,AWSLambda,ap-south-1,Requests(M),11.768,10.14
2025-07-09,AmazonCloudFront,us-east-1,GB-Transfer,69.7475,83.4
2025-07-09,AmazonCloudFront,us-west-2,GB-Transfer,40.5694,42.13
2025-07-09,AmazonCloudFront,eu-west-1,GB-Transfer,36.0176,33.07
2025-07-09,AmazonCloudFront,ap-south-1,GB-Transfer,21.657,21.37
2025-07-09,AmazonEBS,us-east-1,GB-Month,88.6754,103.13
2025-07-09,AmazonEBS,us-west-2,GB-Month,58.0968,51.19
2025-07-09,AmazonEBS,eu-west-1,GB-Month,44.3853,52.19
2025-07-09,AmazonEBS,ap-south-1,GB-Month,26.761,25.64
2025-07-09,AmazonDynamoDB,us-east-1,RCU/WCU,52.7457,48.35
2025-07-09,AmazonDynamoDB,us-west-2,RCU/WCU,37.7265,34.0
2025-07-09,AmazonDynamoDB,eu-west-1,RCU/WCU,30.2454,27.2
2025-07-09,AmazonDynamoDB,ap-south-1,RCU/WCU,19.0252,17.28
2025-07-10,AmazonEC2,us-east-1,InstanceHours,467.3877,471.45
2025-07-10,AmazonEC2,us-west-2,InstanceHours,274.7131,340.15
2025-07-10,AmazonEC2,eu-west-1,InstanceHours,246.0932,291.85
2025-07-10,AmazonEC2,ap-south-1,InstanceHours,127.9641,150.46
2025-07-10,AmazonS3,us-east-1,GB-Month,122.3634,107.95
2025-07-10,AmazonS3,us-west-2,GB-Month,63.1153,61.97
2025-07-10,AmazonS3,eu-west-1,GB-Month,43.6869,49.8
2025-07-10,AmazonS3,ap-south-1,GB-Month,30.9442,36.04
2025-07-10,AmazonRDS,us-east-1,InstanceHours,306.3878,274.51
2025-07-10,AmazonRDS,us-west-2,InstanceHours,208.002,192.3
2025-07-10,AmazonRDS,eu-west-1,InstanceHours,155.9356,159.51
2025-07-10,AmazonRDS,ap-south-1,InstanceHours,82.7752,85.37
2025-07-10,AWSLambda,us-east-1,Requests(M),43.0288,38.24
2025-07-10,AWSLambda,us-west-2,Requests(M),25.1588,21.66
2025-07-10,AWSLambda,eu-west-1,Requests(M),20.5609,21.05
2025-07-10,AWSLambda,ap-south-1,Requests(M),12.1775,11.52
2025-07-10,AmazonCloudFront,us-east-1,GB-Transfer,77.022,65.5
2025-07-10,AmazonCloudFront,us-west-2,GB-Transfer,43.0266,49.72
2025-07-10,AmazonCloudFront,eu-west-1,GB-Transfer,35.6752,36.35
2025-07-10,AmazonCloudFront,ap-south-1,GB-Transfer,23.5348,21.13
2025-07-10,AmazonEBS,us-east-1,GB-Month,95.3553,79.61
2025-07-10,AmazonEBS,us-west-2,GB-Month,55.3405,54.94
2025-07-10,AmazonEBS,eu-west-1,GB-Month,42.346,37.6
2025-07-10,AmazonEBS,ap-south-1,GB-Month,26.2291,28.55
2025-07-10,AmazonDynamoDB,us-east-1,RCU/WCU,59.2949,60.09
2025-07-10,AmazonDynamoDB,us-west-2,RCU/WCU,32.1282,32.22
2025-07-10,AmazonDynamoDB,eu-west-1,RCU/WCU,28.6932,26.7
2025-07-10,AmazonDynamoDB,ap-south-1,RCU/WCU,17.979,18.07
2025-07-11,AmazonEC2,us-east-1,InstanceHours,524.9836,588.41
2025-07-11,AmazonEC2,us-west-2,InstanceHours,313.9192,383.12
2025-07-11,AmazonEC2,eu-west-1,InstanceHours,217.9597,252.66
2025-07-11,AmazonEC2,ap-south-1,InstanceHours,146.1777,159.76
2025-07-11,AmazonS3,us-east-1,GB-Month,100.6678,94.78
2025-07-11,AmazonS3,us-west-2,GB-Month,55.1957,60.7
2025-07-11,AmazonS3,eu-west-1,GB-Month,53.1602,46.54
2025-07-11,AmazonS3,ap-south-1,GB-Month,30.9579,30.98
2025-07-11,AmazonRDS,us-east-1,InstanceHours,310.8047,341.41
2025-07-11,AmazonRDS,us-west-2,InstanceHours,194.4789,221.67
2025-07-11,AmazonRDS,eu-west-1,InstanceHours,159.7492,153.37
2025-07-11,AmazonRDS,ap-south-1,InstanceHours,107.3231,97.38
2025-07-11,AWSLambda,us-east-1,Requests(M),42.3317,44.25
2025-07-11,AWSLambda,us-west-2,Requests(M),27.9078,27.5
2025-07-11,AWSLambda,eu-west-1,Requests(M),19.1493,19.8
2025-07-11,AWSLambda,ap-south-1,Requests(M),12.8869,13.79
2025-07-11,AmazonCloudFront,us-east-1,GB-Transfer,67.6859,78.35
2025-07-11,AmazonCloudFront,us-west-2,GB-Transfer,42.1384,48.73
2025-07-11,AmazonCloudFront,eu-west-1,GB-Transfer,38.217,43.31
2025-07-11,AmazonCloudFront,ap-south-1,GB-Transfer,21.0536,21.78
2025-07-11,AmazonEBS,us-east-1,GB-Month,96.9696,118.25
2025-07-11,AmazonEBS,us-west-2,GB-Month,50.8862,57.92
2025-07-11,AmazonEBS,eu-west-1,GB-Month,40.9155,45.02
2025-07-11,AmazonEBS,ap-south-1,GB-Month,27.3459,31.54
2025-07-11,AmazonDynamoDB,us-east-1,RCU/WCU,60.9854,61.09
2025-07-11,AmazonDynamoDB,us-west-2,RCU/WCU,34.9136,33.17
2025-07-11,AmazonDynamoDB,eu-west-1,RCU/WCU,31.3516,34.72
2025-07-11,AmazonDynamoDB,ap-south-1,RCU/WCU,15.1406,16.4
2025-07-12,AmazonEC2,us-east-1,InstanceHours,394.0428,376.39
2025-07-12,AmazonEC2,us-west-2,InstanceHours,264.4782,231.82
2025-07-12,AmazonEC2,eu-west-1,InstanceHours,209.4399,200.57
2025-07-12,AmazonEC2,ap-south-1,InstanceHours,121.5253,118.7
2025-07-12,AmazonS3,us-east-1,GB-Month,92.4052,78.68
2025-07-12,AmazonS3,us-west-2,GB-Month,58.9725,67.75
2025-07-12,AmazonS3,eu-west-1,GB-Month,46.9644,49.54
2025-07-12,AmazonS3,ap-south-1,GB-Month,29.0828,33.19
2025-07-12,AmazonRDS,us-east-1,InstanceHours,272.4503,288.56
2025-07-12,AmazonRDS,us-west-2,InstanceHours,173.8272,177.82
2025-07-12,AmazonRDS,eu-west-1,InstanceHours,126.7839,151.68
2025-07-12,AmazonRDS,ap-south-1,InstanceHours,85.631,73.53
2025-07-12,AWSLambda,us-east-1,Requests(M),31.0465,35.21
2025-07-12,AWSLambda,us-west-2,Requests(M),19.3224,16.67
2025-07-12,AWSLambda,eu-west-1,Requests(M),18.621,16.16
2025-07-12,AWSLambda,ap-south-1,Requests(M),9.617,11.81
2025-07-12,AmazonCloudFront,us-east-1,GB-Transfer,59.3605,55.83
2025-07-12,AmazonCloudFront,us-west-2,GB-Transfer,40.0633,42.22
2025-07-12,AmazonCloudFront,eu-west-1,GB-Transfer,27.8704,34.46
2025-07-12,AmazonCloudFront,ap-south-1,GB-Transfer,19.5259,16.56
2025-07-12,AmazonEBS,us-east-1,GB-Month,73.9083,65.46
2025-07-12,AmazonEBS,us-west-2,GB-Month,41.5222,47.06
2025-07-12,AmazonEBS,eu-west-1,GB-Month,38.0697,40.22
2025-07-12,AmazonEBS,ap-south-1,GB-Month,24.8993,23.38
2025-07-12,AmazonDynamoDB,us-east-1,RCU/WCU,45.6833,41.78
2025-07-12,AmazonDynamoDB,us-west-2,RCU/WCU,27.2917,29.54
2025-07-12,AmazonDynamoDB,eu-west-1,RCU/WCU,26.5321,23.64
2025-07-12,AmazonDynamoDB,ap-south-1,RCU/WCU,14.5719,14.59
2025-07-13,AmazonEC2,us-east-1,InstanceHours,491.7339,489.92
2025-07-13,AmazonEC2,us-west-2,InstanceHours,261.2805,270.25
2025-07-13,AmazonEC2,eu-west-1,InstanceHours,229.2586,213.29
2025-07-13,AmazonEC2,ap-south-1,InstanceHours,130.2845,113.06
2025-07-13,AmazonS3,us-east-1,GB-Month,82.388,72.24
2025-07-13,AmazonS3,us-west-2,GB-Month,50.9617,53.22
2025-07-13,AmazonS3,eu-west-1,GB-Month,42.9081,38.92
2025-07-13,AmazonS3,ap-south-1,GB-Month,28.4255,27.88
2025-07-13,AmazonRDS,us-east-1,InstanceHours,263.2144,243.99
2025-07-13,AmazonRDS,us-west-2,InstanceHours,136.2127,169.26
2025-07-13,AmazonRDS,eu-west-1,InstanceHours,138.8809,156.38
2025-07-13,AmazonRDS,ap-south-1,InstanceHours,92.7801,84.25
2025-07-13,AWSLambda,us-east-1,Requests(M),32.4741,32.85
2025-07-13,AWSLambda,us-west-2,Requests(M),19.7045,18.41
2025-07-13,AWSLambda,eu-west-1,Requests(M),16.8333,15.26
2025-07-13,AWSLambda,ap-south-1,Requests(M),10.5302,10.76
2025-07-13,AmazonCloudFront,us-east-1,GB-Transfer,55.9988,49.22
2025-07-13,AmazonCloudFront,us-west-2,GB-Transfer,40.0208,39.47
2025-07-13,AmazonCloudFront,eu-west-1,GB-Transfer,34.3306,33.01
2025-07-13,AmazonCloudFront,ap-south-1,GB-Transfer,18.4075,22.75
2025-07-13,AmazonEBS,us-east-1,GB-Month,75.6037,74.35
2025-07-13,AmazonEBS,us-west-2,GB-Month,39.6497,35.83
2025-07-13,AmazonEBS,eu-west-1,GB-Month,34.5464,34.07
2025-07-13,AmazonEBS,ap-south-1,GB-Month,19.0742,19.92
2025-07-13,AmazonDynamoDB,us-east-1,RCU/WCU,48.2726,55.36
2025-07-13,AmazonDynamoDB,us-west-2,RCU/WCU,29.3635,26.19
2025-07-13,AmazonDynamoDB,eu-west-1,RCU/WCU,26.504,29.69
2025-07-13,AmazonDynamoDB,ap-south-1,RCU/WCU,15.3524,15.44
2025-07-14,AmazonEC2,us-east-1,InstanceHours,468.9861,423.36
2025-07-14,AmazonEC2,us-west-2,InstanceHours,315.6558,336.15
2025-07-14,AmazonEC2,eu-west-1,InstanceHours,298.0564,285.56
2025-07-14,AmazonEC2,ap-south-1,InstanceHours,158.4766,145.31
2025-07-14,AmazonS3,us-east-1,GB-Month,102.9532,104.74
2025-07-14,AmazonS3,us-west-2,GB-Month,65.5633,61.53
2025-07-14,AmazonS3,eu-west-1,GB-Month,49.3038,58.02
2025-07-14,AmazonS3,ap-south-1,GB-Month,29.3374,30.32
2025-07-14,AmazonRDS,us-east-1,InstanceHours,352.3094,437.43
2025-07-14,AmazonRDS,us-west-2,InstanceHours,189.6467,163.46
2025-07-14,AmazonRDS,eu-west-1,InstanceHours,167.4266,205.29
2025-07-14,AmazonRDS,ap-south-1,InstanceHours,90.9829,106.01
2025-07-14,AWSLambda,us-east-1,Requests(M),38.0099,33.37
2025-07-14,AWSLambda,us-west-2,Requests(M),22.4663,27.93
2025-07-14,AWSLambda,eu-west-1,Requests(M),19.3934,17.17
2025-07-14,AWSLambda,ap-south-1,Requests(M),12.8963,11.6
2025-07-14,AmazonCloudFront,us-east-1,GB-Transfer,63.161,59.94
2025-07-14,AmazonCloudFront,us-west-2,GB-Transfer,43.0186,49.88
2025-07-14,AmazonCloudFront,eu-west-1,GB-Transfer,37.224,31.11
2025-07-14,AmazonCloudFront,ap-south-1,GB-Transfer,19.4929,16.86
2025-07-14,AmazonEBS,us-east-1,GB-Month,96.5658,80.51
2025-07-14,AmazonEBS,us-west-2,GB-Month,63.8366,62.65
2025-07-14,AmazonEBS,eu-west-1,GB-Month,47.8054,53.49
2025-07-14,AmazonEBS,ap-south-1,GB-Month,26.5372,31.63
2025-07-14,AmazonDynamoDB,us-east-1,RCU/WCU,56.1137,59.11
2025-07-14,AmazonDynamoDB,us-west-2,RCU/WCU,36.5739,37.73
2025-07-14,AmazonDynamoDB,eu-west-1,RCU/WCU,30.3998,34.22
2025-07-14,AmazonDynamoDB,ap-south-1,RCU/WCU,17.9554,18.89
2025-07-15,AmazonEC2,us-east-1,InstanceHours,513.5338,470.67
2025-07-15,AmazonEC2,us-west-2,InstanceHours,277.2855,279.29
2025-07-15,AmazonEC2,eu-west-1,InstanceHours,264.0233,259.95
2025-07-15,AmazonEC2,ap-south-1,InstanceHours,134.078,154.38
2025-07-15,AmazonS3,us-east-1,GB-Month,95.7167,80.23
2025-07-15,AmazonS3,us-west-2,GB-Month,54.1963,47.55
2025-07-15,AmazonS3,eu-west-1,GB-Month,56.0653,51.24
2025-07-15,AmazonS3,ap-south-1,GB-Month,33.0934,28.5
2025-07-15,AmazonRDS,us-east-1,InstanceHours,309.0766,281.3
2025-07-15,AmazonRDS,us-west-2,InstanceHours,176.5444,170.85
2025-07-15,AmazonRDS,eu-west-1,InstanceHours,149.1207,160.84
2025-07-15,AmazonRDS,ap-south-1,InstanceHours,85.5985,94.63
2025-07-15,AWSLambda,us-east-1,Requests(M),42.5029,37.22
2025-07-15,AWSLambda,us-west-2,Requests(M),20.7995,18.96
2025-07-15,AWSLambda,eu-west-1,Requests(M),17.9043,21.75
2025-07-15,AWSLambda,ap-south-1,Requests(M),11.5646,9.87
2025-07-15,AmazonCloudFront,us-east-1,GB-Transfer,72.1571,75.86
2025-07-15,AmazonCloudFront,us-west-2,GB-Transfer,42.5262,36.05
2025-07-15,AmazonCloudFront,eu-west-1,GB-Transfer,39.4774,43.24
2025-07-15,AmazonCloudFront,ap-south-1,GB-Transfer,20.9573,22.79
2025-07-15,AmazonEBS,us-east-1,GB-Month,94.8983,85.15
2025-07-15,AmazonEBS,us-west-2,GB-Month,53.9024,48.2
2025-07-15,AmazonEBS,eu-west-1,GB-Month,37.5713,42.85
2025-07-15,AmazonEBS,ap-south-1,GB-Month,24.4352,20.61
2025-07-15,AmazonDynamoDB,us-east-1,RCU/WCU,54.8714,45.9
2025-07-15,AmazonDynamoDB,us-west-2,RCU/WCU,33.5095,40.54
2025-07-15,AmazonDynamoDB,eu-west-1,RCU/WCU,28.8704,29.84
2025-07-15,AmazonDynamoDB,ap-south-1,RCU/WCU,19.3578,17.09
2025-07-16,AmazonEC2,us-east-1,InstanceHours,491.8106,416.5
2025-07-16,AmazonEC2,us-west-2,InstanceHours,284.1453,263.19
2025-07-16,AmazonEC2,eu-west-1,InstanceHours,267.1408,324.11
2025-07-16,AmazonEC2,ap-south-1,InstanceHours,160.1877,181.77
2025-07-16,AmazonS3,us-east-1,GB-Month,87.7426,90.98
2025-07-16,AmazonS3,us-west-2,GB-Month,63.7425,57.29
2025-07-16,AmazonS3,eu-west-1,GB-Month,58.676,68.39
2025-07-16,AmazonS3,ap-south-1,GB-Month,31.474,30.8
2025-07-16,AmazonRDS,us-east-1,InstanceHours,283.3771,281.99
2025-07-16,AmazonRDS,us-west-2,InstanceHours,197.2397,169.37
2025-07-16,AmazonRDS,eu-west-1,InstanceHours,140.0943,133.28
2025-07-16,AmazonRDS,ap-south-1,InstanceHours,93.5366,90.21
2025-07-16,AWSLambda,us-east-1,Requests(M),40.7653,42.97
2025-07-16,AWSLambda,us-west-2,Requests(M),21.7626,18.82
2025-07-16,AWSLambda,eu-west-1,Requests(M),22.4902,22.25
2025-07-16,AWSLambda,ap-south-1,Requests(M),12.8296,15.35
2025-07-16,AmazonCloudFront,us-east-1,GB-Transfer,79.2046,90.25
2025-07-16,AmazonCloudFront,us-west-2,GB-Transfer,42.5067,50.82
2025-07-16,AmazonCloudFront,eu-west-1,GB-Transfer,32.8822,35.64
2025-07-16,AmazonCloudFront,ap-south-1,GB-Transfer,18.7763,21.98
2025-07-16,AmazonEBS,us-east-1,GB-Month,95.5044,100.07
2025-07-16,AmazonEBS,us-west-2,GB-Month,48.9531,46.49
2025-07-16,AmazonEBS,eu-west-1,GB-Month,53.1709,59.12
2025-07-16,AmazonEBS,ap-south-1,GB-Month,30.5991,30.34
2025-07-16,AmazonDynamoDB,us-east-1,RCU/WCU,59.4851,57.81
2025-07-16,AmazonDynamoDB,us-west-2,RCU/WCU,34.7405,39.8
2025-07-16,AmazonDynamoDB,eu-west-1,RCU/WCU,27.9065,33.69
2025-07-16,AmazonDynamoDB,ap-south-1,RCU/WCU,16.8998,17.99
2025-07-17,AmazonEC2,us-east-1,InstanceHours,585.3421,552.52
2025-07-17,AmazonEC2,us-west-2,InstanceHours,288.234,244.27
2025-07-17,AmazonEC2,eu-west-1,InstanceHours,258.0318,218.55
2025-07-17,AmazonEC2,ap-south-1,InstanceHours,155.7386,174.53
2025-07-17,AmazonS3,us-east-1,GB-Month,115.1332,109.69
2025-07-17,AmazonS3,us-west-2,GB-Month,65.9055,55.34
2025-07-17,AmazonS3,eu-west-1,GB-Month,53.1795,44.65
2025-07-17,AmazonS3,ap-south-1,GB-Month,29.9115,31.43
2025-07-17,AmazonRDS,us-east-1,InstanceHours,320.6962,336.48
2025-07-17,AmazonRDS,us-west-2,InstanceHours,189.1087,233.89
2025-07-17,AmazonRDS,eu-west-1,InstanceHours,148.4693,180.66
2025-07-17,AmazonRDS,ap-south-1,InstanceHours,95.5456,85.16
2025-07-17,AWSLambda,us-east-1,Requests(M),41.0851,44.63
2025-07-17,AWSLambda,us-west-2,Requests(M),25.4575,22.89
2025-07-17,AWSLambda,eu-west-1,Requests(M),21.9108,22.08
2025-07-17,AWSLambda,ap-south-1,Requests(M),12.5808,11.75
2025-07-17,AmazonCloudFront,us-east-1,GB-Transfer,75.6875,78.89
2025-07-17,AmazonCloudFront,us-west-2,GB-Transfer,43.0728,48.29
2025-07-17,AmazonCloudFront,eu-west-1,GB-Transfer,38.3752,38.41
2025-07-17,AmazonCloudFront,ap-south-1,GB-Transfer,20.7654,22.05
2025-07-17,AmazonEBS,us-east-1,GB-Month,81.7929,101.97
2025-07-17,AmazonEBS,us-west-2,GB-Month,54.3421,59.57
2025-07-17,AmazonEBS,eu-west-1,GB-Month,50.3734,44.55
2025-07-17,AmazonEBS,ap-south-1,GB-Month,28.5426,24.38
2025-07-17,AmazonDynamoDB,us-east-1,RCU/WCU,67.0952,80.85
2025-07-17,AmazonDynamoDB,us-west-2,RCU/WCU,34.2396,41.6
2025-07-17,AmazonDynamoDB,eu-west-1,RCU/WCU,29.5328,33.39
2025-07-17,AmazonDynamoDB,ap-south-1,RCU/WCU,16.4273,17.96
2025-07-18,AmazonEC2,us-east-1,InstanceHours,449.4325,439.35
2025-07-18,AmazonEC2,us-west-2,InstanceHours,334.0451,346.17
2025-07-18,AmazonEC2,eu-west-1,InstanceHours,275.9659,294.87
2025-07-18,AmazonEC2,ap-south-1,InstanceHours,156.5903,164.0
2025-07-18,AmazonS3,us-east-1,GB-Month,102.8315,121.31
2025-07-18,AmazonS3,us-west-2,GB-Month,67.7571,67.73
2025-07-18,AmazonS3,eu-west-1,GB-Month,58.7146,54.09
2025-07-18,AmazonS3,ap-south-1,GB-Month,36.6127,44.5
2025-07-18,AmazonRDS,us-east-1,InstanceHours,273.1961,247.54
2025-07-18,AmazonRDS,us-west-2,InstanceHours,180.24,156.85
2025-07-18,AmazonRDS,eu-west-1,InstanceHours,149.0407,165.35
2025-07-18,AmazonRDS,ap-south-1,InstanceHours,91.165,108.32
2025-07-18,AWSLambda,us-east-1,Requests(M),43.2411,36.35
2025-07-18,AWSLambda,us-west-2,Requests(M),21.145,22.03
2025-07-18,AWSLambda,eu-west-1,Requests(M),19.9581,22.96
2025-07-18,AWSLambda,ap-south-1,Requests(M),12.0663,13.76
2025-07-18,AmazonCloudFront,us-east-1,GB-Transfer,71.7337,70.49
2025-07-18,AmazonCloudFront,us-west-2,GB-Transfer,43.464,46.09
2025-07-18,AmazonCloudFront,eu-west-1,GB-Transfer,35.0183,37.59
2025-07-18,AmazonCloudFront,ap-south-1,GB-Transfer,24.8362,27.41
2025-07-18,AmazonEBS,us-east-1,GB-Month,88.1701,90.47
2025-07-18,AmazonEBS,us-west-2,GB-Month,55.5527,59.09
2025-07-18,AmazonEBS,eu-west-1,GB-Month,46.9324,48.75
2025-07-18,AmazonEBS,ap-south-1,GB-Month,24.8481,22.33
2025-07-18,AmazonDynamoDB,us-east-1,RCU/WCU,55.451,54.09
2025-07-18,AmazonDynamoDB,us-west-2,RCU/WCU,37.6002,34.27
2025-07-18,AmazonDynamoDB,eu-west-1,RCU/WCU,32.8874,30.01
2025-07-18,AmazonDynamoDB,ap-south-1,RCU/WCU,20.3293,24.71
2025-07-19,AmazonEC2,us-east-1,InstanceHours,395.1527,384.11
2025-07-19,AmazonEC2,us-west-2,InstanceHours,275.1849,306.81
2025-07-19,AmazonEC2,eu-west-1,InstanceHours,212.0905,200.62
2025-07-19,AmazonEC2,ap-south-1,InstanceHours,140.7108,125.9
2025-07-19,AmazonS3,us-east-1,GB-Month,93.6,108.9
2025-07-19,AmazonS3,us-west-2,GB-Month,57.0812,49.99
2025-07-19,AmazonS3,eu-west-1,GB-Month,50.9838,43.63
2025-07-19,AmazonS3,ap-south-1,GB-Month,30.8543,34.3
2025-07-19,AmazonRDS,us-east-1,InstanceHours,265.8202,241.58
2025-07-19,AmazonRDS,us-west-2,InstanceHours,138.0262,141.0
2025-07-19,AmazonRDS,eu-west-1,InstanceHours,124.127,118.88
2025-07-19,AmazonRDS,ap-south-1,InstanceHours,92.6311,82.05
2025-07-19,AWSLambda,us-east-1,Requests(M),37.1463,33.32
2025-07-19,AWSLambda,us-west-2,Requests(M),19.7656,20.19
2025-07-19,AWSLambda,eu-west-1,Requests(M),16.9017,17.92
2025-07-19,AWSLambda,ap-south-1,Requests(M),11.5708,12.38
2025-07-19,AmazonCloudFront,us-east-1,GB-Transfer,70.2154,63.33
2025-07-19,AmazonCloudFront,us-west-2,GB-Transfer,36.5324,38.17
2025-07-19,AmazonCloudFront,eu-west-1,GB-Transfer,33.5096,36.47
2025-07-19,AmazonCloudFront,ap-south-1,GB-Transfer,19.6303,23.41
2025-07-19,AmazonEBS,us-east-1,GB-Month,78.0805,73.71
2025-07-19,AmazonEBS,us-west-2,GB-Month,48.248,58.58
2025-07-19,AmazonEBS,eu-west-1,GB-Month,38.9054,34.15
2025-07-19,AmazonEBS,ap-south-1,GB-Month,25.207,21.19
2025-07-19,AmazonDynamoDB,us-east-1,RCU/WCU,53.8529,66.06
2025-07-19,AmazonDynamoDB,us-west-2,RCU/WCU,26.7992,24.18
2025-07-19,AmazonDynamoDB,eu-west-1,RCU/WCU,24.9598,22.15
2025-07-19,AmazonDynamoDB,ap-south-1,RCU/WCU,14.1042,13.08
2025-07-20,AmazonEC2,us-east-1,InstanceHours,430.081,362.15
2025-07-20,AmazonEC2,us-west-2,InstanceHours,250.4784,235.83
2025-07-20,AmazonEC2,eu-west-1,InstanceHours,202.3845,169.98
2025-07-20,AmazonEC2,ap-south-1,InstanceHours,115.5064,129.84
2025-07-20,AmazonS3,us-east-1,GB-Month,76.424,69.02
2025-07-20,AmazonS3,us-west-2,GB-Month,60.4109,52.67
2025-07-20,AmazonS3,eu-west-1,GB-Month,50.3352,49.37
2025-07-20,AmazonS3,ap-south-1,GB-Month,24.6707,27.07
2025-07-20,AmazonRDS,us-east-1,InstanceHours,270.2911,313.71
2025-07-20,AmazonRDS,us-west-2,InstanceHours,136.51,121.42
2025-07-20,AmazonRDS,eu-west-1,InstanceHours,123.5216,124.73
2025-07-20,AmazonRDS,ap-south-1,InstanceHours,77.1152,80.34
2025-07-20,AWSLambda,us-east-1,Requests(M),33.5482,28.57
2025-07-20,AWSLambda,us-west-2,Requests(M),22.2814,23.29
2025-07-20,AWSLambda,eu-west-1,Requests(M),14.1501,15.51
2025-07-20,AWSLambda,ap-south-1,Requests(M),9.9494,8.59
2025-07-20,AmazonCloudFront,us-east-1,GB-Transfer,65.0671,72.62
2025-07-20,AmazonCloudFront,us-west-2,GB-Transfer,31.2879,27.96
2025-07-20,AmazonCloudFront,eu-west-1,GB-Transfer,28.6778,26.74
2025-07-20,AmazonCloudFront,ap-south-1,GB-Transfer,19.7331,18.25
2025-07-20,AmazonEBS,us-east-1,GB-Month,88.6058,86.04
2025-07-20,AmazonEBS,us-west-2,GB-Month,50.3411,60.45
2025-07-20,AmazonEBS,eu-west-1,GB-Month,36.993,37.93
2025-07-20,AmazonEBS,ap-south-1,GB-Month,26.5643,23.22
2025-07-20,AmazonDynamoDB,us-east-1,RCU/WCU,54.3544,64.15
2025-07-20,AmazonDynamoDB,us-west-2,RCU/WCU,27.4686,26.39
2025-07-20,AmazonDynamoDB,eu-west-1,RCU/WCU,21.9634,20.54
2025-07-20,AmazonDynamoDB,ap-south-1,RCU/WCU,16.1925,14.23
2025-07-21,AmazonEC2,us-east-1,InstanceHours,494.5535,533.11
2025-07-21,AmazonEC2,us-west-2,InstanceHours,270.6319,296.31
2025-07-21,AmazonEC2,eu-west-1,InstanceHours,246.2588,263.2
2025-07-21,AmazonEC2,ap-south-1,InstanceHours,163.5332,157.03
2025-07-21,AmazonS3,us-east-1,GB-Month,101.5854,100.77
2025-07-21,AmazonS3,us-west-2,GB-Month,60.8122,63.1
2025-07-21,AmazonS3,eu-west-1,GB-Month,52.716,52.28
2025-07-21,AmazonS3,ap-south-1,GB-Month,31.973,28.38
2025-07-21,AmazonRDS,us-east-1,InstanceHours,299.9938,288.5
2025-07-21,AmazonRDS,us-west-2,InstanceHours,194.9517,170.66
2025-07-21,AmazonRDS,eu-west-1,InstanceHours,163.9152,141.16
2025-07-21,AmazonRDS,ap-south-1,InstanceHours,92.1245,104.3
2025-07-21,AWSLambda,us-east-1,Requests(M),39.3051,44.75
2025-07-21,AWSLambda,us-west-2,Requests(M),23.9546,20.59
2025-07-21,AWSLambda,eu-west-1,Requests(M),23.2177,24.28
2025-07-21,AWSLambda,ap-south-1,Requests(M),14.5631,13.83
2025-07-21,AmazonCloudFront,us-east-1,GB-Transfer,63.5557,65.36
2025-07-21,AmazonCloudFront,us-west-2,GB-Transfer,38.9221,38.87
2025-07-21,AmazonCloudFront,eu-west-1,GB-Transfer,34.1613,36.64
2025-07-21,AmazonCloudFront,ap-south-1,GB-Transfer,23.9313,21.16
2025-07-21,AmazonEBS,us-east-1,GB-Month,86.5178,93.45
2025-07-21,AmazonEBS,us-west-2,GB-Month,56.2153,49.75
2025-07-21,AmazonEBS,eu-west-1,GB-Month,43.9723,44.9
2025-07-21,AmazonEBS,ap-south-1,GB-Month,25.67,29.34
2025-07-21,AmazonDynamoDB,us-east-1,RCU/WCU,58.3355,52.95
2025-07-21,AmazonDynamoDB,us-west-2,RCU/WCU,32.2345,28.37
2025-07-21,AmazonDynamoDB,eu-west-1,RCU/WCU,31.5378,31.03
2025-07-21,AmazonDynamoDB,ap-south-1,RCU/WCU,16.8236,18.07
2025-07-22,AmazonEC2,us-east-1,InstanceHours,475.2345,489.07
2025-07-22,AmazonEC2,us-west-2,InstanceHours,279.6827,321.16
2025-07-22,AmazonEC2,eu-west-1,InstanceHours,282.6164,264.47
2025-07-22,AmazonEC2,ap-south-1,InstanceHours,144.4816,163.2
2025-07-22,AmazonS3,us-east-1,GB-Month,109.0369,103.34
2025-07-22,AmazonS3,us-west-2,GB-Month,53.5893,52.69
2025-07-22,AmazonS3,eu-west-1,GB-Month,42.5875,42.62
2025-07-22,AmazonS3,ap-south-1,GB-Month,29.0754,29.86
2025-07-22,AmazonRDS,us-east-1,InstanceHours,335.317,318.4
2025-07-22,AmazonRDS,us-west-2,InstanceHours,187.9934,172.62
2025-07-22,AmazonRDS,eu-west-1,InstanceHours,176.5043,171.14
2025-07-22,AmazonRDS,ap-south-1,InstanceHours,101.8615,125.64
2025-07-22,AWSLambda,us-east-1,Requests(M),38.9184,46.4
2025-07-22,AWSLambda,us-west-2,Requests(M),24.6319,22.04
2025-07-22,AWSLambda,eu-west-1,Requests(M),23.1581,25.47
2025-07-22,AWSLambda,ap-south-1,Requests(M),12.2161,13.53
2025-07-22,AmazonCloudFront,us-east-1,GB-Transfer,75.4577,67.01
2025-07-22,AmazonCloudFront,us-west-2,GB-Transfer,38.191,38.93
2025-07-22,AmazonCloudFront,eu-west-1,GB-Transfer,36.6892,43.33
2025-07-22,AmazonCloudFront,ap-south-1,GB-Transfer,21.3816,21.5
2025-07-22,AmazonEBS,us-east-1,GB-Month,83.4793,92.01
2025-07-22,AmazonEBS,us-west-2,GB-Month,52.9353,65.24
2025-07-22,AmazonEBS,eu-west-1,GB-Month,45.785,40.66
2025-07-22,AmazonEBS,ap-south-1,GB-Month,28.927,28.68
2025-07-22,AmazonDynamoDB,us-east-1,RCU/WCU,67.4228,57.96
2025-07-22,AmazonDynamoDB,us-west-2,RCU/WCU,38.1308,45.57
2025-07-22,AmazonDynamoDB,eu-west-1,RCU/WCU,32.8027,27.72
2025-07-22,AmazonDynamoDB,ap-south-1,RCU/WCU,16.5043,13.84
2025-07-23,AmazonEC2,us-east-1,InstanceHours,455.7574,537.65
2025-07-23,AmazonEC2,us-west-2,InstanceHours,313.6186,266.14
2025-07-23,AmazonEC2,eu-west-1,InstanceHours,224.0239,190.89
2025-07-23,AmazonEC2,ap-south-1,InstanceHours,147.0723,174.71
2025-07-23,AmazonS3,us-east-1,GB-Month,114.1853,136.73
2025-07-23,AmazonS3,us-west-2,GB-Month,71.8264,76.78
2025-07-23,AmazonS3,eu-west-1,GB-Month,55.1536,55.66
2025-07-23,AmazonS3,ap-south-1,GB-Month,29.494,36.79
2025-07-23,AmazonRDS,us-east-1,InstanceHours,310.0044,343.2
2025-07-23,AmazonRDS,us-west-2,InstanceHours,187.7399,211.19
2025-07-23,AmazonRDS,eu-west-1,InstanceHours,146.0648,127.17
2025-07-23,AmazonRDS,ap-south-1,InstanceHours,81.1293,76.77
2025-07-23,AWSLambda,us-east-1,Requests(M),44.4895,40.45
2025-07-23,AWSLambda,us-west-2,Requests(M),24.568,27.57
2025-07-23,AWSLambda,eu-west-1,Requests(M),21.9814,22.01
2025-07-23,AWSLambda,ap-south-1,Requests(M),12.7657,11.67
2025-07-23,AmazonCloudFront,us-east-1,GB-Transfer,70.2265,67.65
2025-07-23,AmazonCloudFront,us-west-2,GB-Transfer,41.644,45.75
2025-07-23,AmazonCloudFront,eu-west-1,GB-Transfer,35.5475,36.17
2025-07-23,AmazonCloudFront,ap-south-1,GB-Transfer,22.3875,20.72
2025-07-23,AmazonEBS,us-east-1,GB-Month,72.8615,87.72
2025-07-23,AmazonEBS,us-west-2,GB-Month,55.8446,53.77
2025-07-23,AmazonEBS,eu-west-1,GB-Month,46.2367,48.54
2025-07-23,AmazonEBS,ap-south-1,GB-Month,28.5784,33.58
2025-07-23,AmazonDynamoDB,us-east-1,RCU/WCU,66.8089,69.28
2025-07-23,AmazonDynamoDB,us-west-2,RCU/WCU,33.7804,33.75
2025-07-23,AmazonDynamoDB,eu-west-1,RCU/WCU,26.3334,28.14
2025-07-23,AmazonDynamoDB,ap-south-1,RCU/WCU,18.1509,17.16
2025-07-24,AmazonEC2,us-east-1,InstanceHours,504.8939,552.78
2025-07-24,AmazonEC2,us-west-2,InstanceHours,292.0885,273.54
2025-07-24,AmazonEC2,eu-west-1,InstanceHours,259.5842,245.29
2025-07-24,AmazonEC2,ap-south-1,InstanceHours,142.6959,120.06
2025-07-24,AmazonS3,us-east-1,GB-Month,105.3837,129.95
2025-07-24,AmazonS3,us-west-2,GB-Month,66.9967,63.08
2025-07-24,AmazonS3,eu-west-1,GB-Month,52.2417,61.53
2025-07-24,AmazonS3,ap-south-1,GB-Month,32.4653,31.4
2025-07-24,AmazonRDS,us-east-1,InstanceHours,302.0135,369.53
2025-07-24,AmazonRDS,us-west-2,InstanceHours,170.6834,172.81
2025-07-24,AmazonRDS,eu-west-1,InstanceHours,164.9293,165.0
2025-07-24,AmazonRDS,ap-south-1,InstanceHours,98.2264,117.17
2025-07-24,AWSLambda,us-east-1,Requests(M),43.9615,49.29
2025-07-24,AWSLambda,us-west-2,Requests(M),24.7431,26.67
2025-07-24,AWSLambda,eu-west-1,Requests(M),22.3417,19.18
2025-07-24,AWSLambda,ap-south-1,Requests(M),13.4536,14.08
2025-07-24,AmazonCloudFront,us-east-1,GB-Transfer,54.6916,46.7
2025-07-24,AmazonCloudFront,us-west-2,GB-Transfer,47.5889,42.96
2025-07-24,AmazonCloudFront,eu-west-1,GB-Transfer,35.3999,31.7
2025-07-24,AmazonCloudFront,ap-south-1,GB-Transfer,21.754,22.35
2025-07-24,AmazonEBS,us-east-1,GB-Month,82.0196,71.49
2025-07-24,AmazonEBS,us-west-2,GB-Month,60.1181,54.97
2025-07-24,AmazonEBS,eu-west-1,GB-Month,43.6323,41.56
2025-07-24,AmazonEBS,ap-south-1,GB-Month,24.0735,20.95
2025-07-24,AmazonDynamoDB,us-east-1,RCU/WCU,66.2586,59.52
2025-07-24,AmazonDynamoDB,us-west-2,RCU/WCU,35.2942,36.54
2025-07-24,AmazonDynamoDB,eu-west-1,RCU/WCU,34.4444,42.4
2025-07-24,AmazonDynamoDB,ap-south-1,RCU/WCU,17.9384,15.51
2025-07-25,AmazonEC2,us-east-1,InstanceHours,471.6753,395.54
2025-07-25,AmazonEC2,us-west-2,InstanceHours,320.6667,367.84
2025-07-25,AmazonEC2,eu-west-1,InstanceHours,245.8503,222.44
2025-07-25,AmazonEC2,ap-south-1,InstanceHours,157.7885,160.59
2025-07-25,AmazonS3,us-east-1,GB-Month,101.5316,111.84
2025-07-25,AmazonS3,us-west-2,GB-Month,67.0107,79.78
2025-07-25,AmazonS3,eu-west-1,GB-Month,52.0023,48.25
2025-07-25,AmazonS3,ap-south-1,GB-Month,34.1715,30.29
2025-07-25,AmazonRDS,us-east-1,InstanceHours,308.016,281.35
2025-07-25,AmazonRDS,us-west-2,InstanceHours,188.5106,172.7
2025-07-25,AmazonRDS,eu-west-1,InstanceHours,121.9153,104.43
2025-07-25,AmazonRDS,ap-south-1,InstanceHours,91.1801,96.6
2025-07-25,AWSLambda,us-east-1,Requests(M),41.6016,35.08
2025-07-25,AWSLambda,us-west-2,Requests(M),26.5388,24.24
2025-07-25,AWSLambda,eu-west-1,Requests(M),19.1079,20.79
2025-07-25,AWSLambda,ap-south-1,Requests(M),12.8085,12.21
2025-07-25,AmazonCloudFront,us-east-1,GB-Transfer,86.1183,103.57
2025-07-25,AmazonCloudFront,us-west-2,GB-Transfer,47.1186,47.11
2025-07-25,AmazonCloudFront,eu-west-1,GB-Transfer,35.3479,32.01
2025-07-25,AmazonCloudFront,ap-south-1,GB-Transfer,21.6542,21.01
2025-07-25,AmazonEBS,us-east-1,GB-Month,86.2114,76.07
2025-07-25,AmazonEBS,us-west-2,GB-Month,56.1958,67.07
2025-07-25,AmazonEBS,eu-west-1,GB-Month,40.1791,34.93
2025-07-25,AmazonEBS,ap-south-1,GB-Month,25.9978,24.03
2025-07-25,AmazonDynamoDB,us-east-1,RCU/WCU,56.1495,53.37
2025-07-25,AmazonDynamoDB,us-west-2,RCU/WCU,34.5858,32.46
2025-07-25,AmazonDynamoDB,eu-west-1,RCU/WCU,30.3732,30.38
2025-07-25,AmazonDynamoDB,ap-south-1,RCU/WCU,14.7177,14.13
2025-07-26,AmazonEC2,us-east-1,InstanceHours,415.9473,367.04
2025-07-26,AmazonEC2,us-west-2,InstanceHours,245.2724,217.11
2025-07-26,AmazonEC2,eu-west-1,InstanceHours,229.5296,214.75
2025-07-26,AmazonEC2,ap-south-1,InstanceHours,118.5028,119.77
2025-07-26,AmazonS3,us-east-1,GB-Month,93.06,86.88
2025-07-26,AmazonS3,us-west-2,GB-Month,54.0935,62.35
2025-07-26,AmazonS3,eu-west-1,GB-Month,49.4789,42.85
2025-07-26,AmazonS3,ap-south-1,GB-Month,29.3441,33.0
2025-07-26,AmazonRDS,us-east-1,InstanceHours,299.4132,309.45
2025-07-26,AmazonRDS,us-west-2,InstanceHours,172.0321,173.77
2025-07-26,AmazonRDS,eu-west-1,InstanceHours,135.1825,135.34
2025-07-26,AmazonRDS,ap-south-1,InstanceHours,84.29,99.01
2025-07-26,AWSLambda,us-east-1,Requests(M),34.8013,31.27
2025-07-26,AWSLambda,us-west-2,Requests(M),21.5087,22.58
2025-07-26,AWSLambda,eu-west-1,Requests(M),17.986,19.72
2025-07-26,AWSLambda,ap-south-1,Requests(M),9.9154,9.32
2025-07-26,AmazonCloudFront,us-east-1,GB-Transfer,67.2077,56.15
2025-07-26,AmazonCloudFront,us-west-2,GB-Transfer,39.4662,41.34
2025-07-26,AmazonCloudFront,eu-west-1,GB-Transfer,33.8605,32.83
2025-07-26,AmazonCloudFront,ap-south-1,GB-Transfer,18.052,22.15
2025-07-26,AmazonEBS,us-east-1,GB-Month,75.6667,83.97
2025-07-26,AmazonEBS,us-west-2,GB-Month,43.3219,50.93
2025-07-26,AmazonEBS,eu-west-1,GB-Month,34.5253,42.75
2025-07-26,AmazonEBS,ap-south-1,GB-Month,24.0939,24.91
2025-07-26,AmazonDynamoDB,us-east-1,RCU/WCU,46.2761,47.31
2025-07-26,AmazonDynamoDB,us-west-2,RCU/WCU,27.6437,25.89
2025-07-26,AmazonDynamoDB,eu-west-1,RCU/WCU,26.634,26.45
2025-07-26,AmazonDynamoDB,ap-south-1,RCU/WCU,15.4345,15.61
2025-07-27,AmazonEC2,us-east-1,InstanceHours,449.9622,525.47
2025-07-27,AmazonEC2,us-west-2,InstanceHours,240.249,241.1
2025-07-27,AmazonEC2,eu-west-1,InstanceHours,244.4712,209.48
2025-07-27,AmazonEC2,ap-south-1,InstanceHours,118.6912,100.7
2025-07-27,AmazonS3,us-east-1,GB-Month,87.592,77.88
2025-07-27,AmazonS3,us-west-2,GB-Month,51.6492,51.27
2025-07-27,AmazonS3,eu-west-1,GB-Month,52.252,50.21
2025-07-27,AmazonS3,ap-south-1,GB-Month,26.5498,22.34
2025-07-27,AmazonRDS,us-east-1,InstanceHours,243.356,239.26
2025-07-27,AmazonRDS,us-west-2,InstanceHours,189.1667,168.39
2025-07-27,AmazonRDS,eu-west-1,InstanceHours,148.7581,125.16
2025-07-27,AmazonRDS,ap-south-1,InstanceHours,86.9112,82.98
2025-07-27,AWSLambda,us-east-1,Requests(M),39.8519,37.46
2025-07-27,AWSLambda,us-west-2,Requests(M),19.7162,24.48
2025-07-27,AWSLambda,eu-west-1,Requests(M),20.1557,20.16
2025-07-27,AWSLambda,ap-south-1,Requests(M),10.4733,9.42
2025-07-27,AmazonCloudFront,us-east-1,GB-Transfer,62.591,68.24
2025-07-27,AmazonCloudFront,us-west-2,GB-Transfer,36.4666,43.58
2025-07-27,AmazonCloudFront,eu-west-1,GB-Transfer,33.8345,36.01
2025-07-27,AmazonCloudFront,ap-south-1,GB-Transfer,14.8986,16.61
2025-07-27,AmazonEBS,us-east-1,GB-Month,69.6093,66.13
2025-07-27,AmazonEBS,us-west-2,GB-Month,51.2303,46.09
2025-07-27,AmazonEBS,eu-west-1,GB-Month,36.1471,35.19
2025-07-27,AmazonEBS,ap-south-1,GB-Month,25.2953,25.82
2025-07-27,AmazonDynamoDB,us-east-1,RCU/WCU,48.0058,55.37
2025-07-27,AmazonDynamoDB,us-west-2,RCU/WCU,29.8337,31.51
2025-07-27,AmazonDynamoDB,eu-west-1,RCU/WCU,29.3046,31.42
2025-07-27,AmazonDynamoDB,ap-south-1,RCU/WCU,16.1978,15.18
2025-07-28,AmazonEC2,us-east-1,InstanceHours,509.165,589.7
2025-07-28,AmazonEC2,us-west-2,InstanceHours,313.6922,304.0
2025-07-28,AmazonEC2,eu-west-1,InstanceHours,272.5417,289.9
2025-07-28,AmazonEC2,ap-south-1,InstanceHours,152.0341,156.87
2025-07-28,AmazonS3,us-east-1,GB-Month,112.7698,103.69
2025-07-28,AmazonS3,us-west-2,GB-Month,77.1802,94.57
2025-07-28,AmazonS3,eu-west-1,GB-Month,49.4074,53.35
2025-07-28,AmazonS3,ap-south-1,GB-Month,32.705,30.72
2025-07-28,AmazonRDS,us-east-1,InstanceHours,298.7702,276.33
2025-07-28,AmazonRDS,us-west-2,InstanceHours,173.5919,163.72
2025-07-28,AmazonRDS,eu-west-1,InstanceHours,157.3265,183.17
2025-07-28,AmazonRDS,ap-south-1,InstanceHours,86.9334,96.5
2025-07-28,AWSLambda,us-east-1,Requests(M),38.5551,32.2
2025-07-28,AWSLambda,us-west-2,Requests(M),24.8901,28.74
2025-07-28,AWSLambda,eu-west-1,Requests(M),21.8742,18.26
2025-07-28,AWSLambda,ap-south-1,Requests(M),13.0396,13.42
2025-07-28,AmazonCloudFront,us-east-1,GB-Transfer,71.2322,86.45
2025-07-28,AmazonCloudFront,us-west-2,GB-Transfer,38.5555,36.78
2025-07-28,AmazonCloudFront,eu-west-1,GB-Transfer,31.9858,28.58
2025-07-28,AmazonCloudFront,ap-south-1,GB-Transfer,22.1479,27.18
2025-07-28,AmazonEBS,us-east-1,GB-Month,85.2389,94.66
2025-07-28,AmazonEBS,us-west-2,GB-Month,54.7548,50.29
2025-07-28,AmazonEBS,eu-west-1,GB-Month,45.1428,38.71
2025-07-28,AmazonEBS,ap-south-1,GB-Month,22.9933,28.05
2025-07-28,AmazonDynamoDB,us-east-1,RCU/WCU,67.0755,60.34
2025-07-28,AmazonDynamoDB,us-west-2,RCU/WCU,31.9522,33.39
2025-07-28,AmazonDynamoDB,eu-west-1,RCU/WCU,29.3145,26.44
2025-07-28,AmazonDynamoDB,ap-south-1,RCU/WCU,16.2079,14.57
2025-07-29,AmazonEC2,us-east-1,InstanceHours,476.4763,407.86
2025-07-29,AmazonEC2,us-west-2,InstanceHours,288.4939,352.85
2025-07-29,AmazonEC2,eu-west-1,InstanceHours,242.2087,244.09
2025-07-29,AmazonEC2,ap-south-1,InstanceHours,148.0763,161.06
2025-07-29,AmazonS3,us-east-1,GB-Month,122.8988,139.04
2025-07-29,AmazonS3,us-west-2,GB-Month,59.9046,63.54
2025-07-29,AmazonS3,eu-west-1,GB-Month,56.4085,60.62
2025-07-29,AmazonS3,ap-south-1,GB-Month,35.3707,33.19
2025-07-29,AmazonRDS,us-east-1,InstanceHours,323.1228,360.71
2025-07-29,AmazonRDS,us-west-2,InstanceHours,207.8024,259.72
2025-07-29,AmazonRDS,eu-west-1,InstanceHours,161.6841,149.84
2025-07-29,AmazonRDS,ap-south-1,InstanceHours,96.7774,116.51
2025-07-29,AWSLambda,us-east-1,Requests(M),45.9617,48.08
2025-07-29,AWSLambda,us-west-2,Requests(M),25.7539,29.29
2025-07-29,AWSLambda,eu-west-1,Requests(M),22.9356,27.99
2025-07-29,AWSLambda,ap-south-1,Requests(M),12.8735,12.39
2025-07-29,AmazonCloudFront,us-east-1,GB-Transfer,78.5178,74.07
2025-07-29,AmazonCloudFront,us-west-2,GB-Transfer,48.7414,46.31
2025-07-29,AmazonCloudFront,eu-west-1,GB-Transfer,34.8212,33.24
2025-07-29,AmazonCloudFront,ap-south-1,GB-Transfer,20.6493,25.59
2025-07-29,AmazonEBS,us-east-1,GB-Month,99.8854,111.52
2025-07-29,AmazonEBS,us-west-2,GB-Month,58.7906,56.57
2025-07-29,AmazonEBS,eu-west-1,GB-Month,38.7609,39.34
2025-07-29,AmazonEBS,ap-south-1,GB-Month,27.4047,23.55
2025-07-29,AmazonDynamoDB,us-east-1,RCU/WCU,68.9032,84.63
2025-07-29,AmazonDynamoDB,us-west-2,RCU/WCU,32.7456,39.4
2025-07-29,AmazonDynamoDB,eu-west-1,RCU/WCU,26.987,24.56
2025-07-29,AmazonDynamoDB,ap-south-1,RCU/WCU,16.9724,19.55
2025-07-30,AmazonEC2,us-east-1,InstanceHours,484.9674,520.03
2025-07-30,AmazonEC2,us-west-2,InstanceHours,263.8507,255.14
2025-07-30,AmazonEC2,eu-west-1,InstanceHours,229.4442,200.36
2025-07-30,AmazonEC2,ap-south-1,InstanceHours,131.0235,113.56
2025-07-30,AmazonS3,us-east-1,GB-Month,109.3321,106.37
2025-07-30,AmazonS3,us-west-2,GB-Month,65.4905,61.87
2025-07-30,AmazonS3,eu-west-1,GB-Month,59.977,58.78
2025-07-30,AmazonS3,ap-south-1,GB-Month,33.01,39.09
2025-07-30,AmazonRDS,us-east-1,InstanceHours,325.4252,288.47
2025-07-30,AmazonRDS,us-west-2,InstanceHours,196.9163,224.75
2025-07-30,AmazonRDS,eu-west-1,InstanceHours,143.7543,143.29
2025-07-30,AmazonRDS,ap-south-1,InstanceHours,85.4305,100.09
2025-07-30,AWSLambda,us-east-1,Requests(M),37.884,41.82
2025-07-30,AWSLambda,us-west-2,Requests(M),24.2423,22.39
2025-07-30,AWSLambda,eu-west-1,Requests(M),20.0688,24.06
2025-07-30,AWSLambda,ap-south-1,Requests(M),12.6194,11.66
2025-07-30,AmazonCloudFront,us-east-1,GB-Transfer,76.2134,77.01
2025-07-30,AmazonCloudFront,us-west-2,GB-Transfer,45.0521,39.38
2025-07-30,AmazonCloudFront,eu-west-1,GB-Transfer,34.3792,40.27
2025-07-30,AmazonCloudFront,ap-south-1,GB-Transfer,20.3353,18.17
2025-07-30,AmazonEBS,us-east-1,GB-Month,85.5441,81.53
2025-07-30,AmazonEBS,us-west-2,GB-Month,51.8465,62.4
2025-07-30,AmazonEBS,eu-west-1,GB-Month,39.7484,44.5
2025-07-30,AmazonEBS,ap-south-1,GB-Month,27.5393,24.49
2025-07-30,AmazonDynamoDB,us-east-1,RCU/WCU,68.9373,70.27
2025-07-30,AmazonDynamoDB,us-west-2,RCU/WCU,35.9005,40.11
2025-07-30,AmazonDynamoDB,eu-west-1,RCU/WCU,30.0247,35.22
2025-07-30,AmazonDynamoDB,ap-south-1,RCU/WCU,18.5688,19.29
2025-07-31,AmazonEC2,us-east-1,InstanceHours,457.9343,390.27
2025-07-31,AmazonEC2,us-west-2,InstanceHours,285.394,247.66
2025-07-31,AmazonEC2,eu-west-1,InstanceHours,239.7521,216.98
2025-07-31,AmazonEC2,ap-south-1,InstanceHours,136.8986,154.97
2025-07-31,AmazonS3,us-east-1,GB-Month,121.7329,114.67
2025-07-31,AmazonS3,us-west-2,GB-Month,68.43,63.21
2025-07-31,AmazonS3,eu-west-1,GB-Month,57.3591,70.93
2025-07-31,AmazonS3,ap-south-1,GB-Month,31.3931,34.3
2025-07-31,AmazonRDS,us-east-1,InstanceHours,314.2025,373.91
2025-07-31,AmazonRDS,us-west-2,InstanceHours,180.1471,158.26
2025-07-31,AmazonRDS,eu-west-1,InstanceHours,152.6269,140.55
2025-07-31,AmazonRDS,ap-south-1,InstanceHours,93.7183,81.86
2025-07-31,AWSLambda,us-east-1,Requests(M),41.2835,36.11
2025-07-31,AWSLambda,us-west-2,Requests(M),25.2065,23.06
2025-07-31,AWSLambda,eu-west-1,Requests(M),18.3712,18.52
2025-07-31,AWSLambda,ap-south-1,Requests(M),11.466,10.0
2025-07-31,AmazonCloudFront,us-east-1,GB-Transfer,69.2675,60.45
2025-07-31,AmazonCloudFront,us-west-2,GB-Transfer,42.1131,51.96
2025-07-31,AmazonCloudFront,eu-west-1,GB-Transfer,35.0937,34.98
2025-07-31,AmazonCloudFront,ap-south-1,GB-Transfer,22.4701,26.34
2025-07-31,AmazonEBS,us-east-1,GB-Month,91.3897,78.13
2025-07-31,AmazonEBS,us-west-2,GB-Month,55.4797,51.69
2025-07-31,AmazonEBS,eu-west-1,GB-Month,42.7594,42.99
2025-07-31,AmazonEBS,ap-south-1,GB-Month,24.8617,23.84
2025-07-31,AmazonDynamoDB,us-east-1,RCU/WCU,58.8683,54.45
2025-07-31,AmazonDynamoDB,us-west-2,RCU/WCU,37.794,31.91
2025-07-31,AmazonDynamoDB,eu-west-1,RCU/WCU,33.6897,36.72
2025-07-31,AmazonDynamoDB,ap-south-1,RCU/WCU,17.1441,18.36
